timestamp,machine_id,lat,lon,pgn,byte0,byte1,byte2,byte3
2026-06-01T08:00:00Z,KZ-TR-001,43.258,76.943,65265,0x00,0x00,0x40,0x02
2026-06-01T08:00:00Z,KZ-TR-001,43.258,76.943,65266,0x00,0x20,0x03,0x00
2026-06-01T08:00:00Z,KZ-TR-001,43.258,76.943,65280,0x10,0x27,0x00,0x00
2026-06-01T08:01:00Z,KZ-TR-001,43.255,76.943,65265,0x00,0x00,0x40,0x02
2026-06-01T08:01:00Z,KZ-TR-001,43.255,76.943,65266,0x00,0x20,0x03,0x00
2026-06-01T08:01:00Z,KZ-TR-001,43.255,76.943,65280,0x10,0x27,0x00,0x00
2026-06-01T08:02:00Z,KZ-TR-001,43.259,76.941,65265,0x00,0x00,0x40,0x02
2026-06-01T08:02:00Z,KZ-TR-001,43.259,76.941,65266,0x00,0x20,0x03,0x00
2026-06-01T08:02:00Z,KZ-TR-001,43.259,76.941,65280,0x10,0x27,0x00,0x00
2026-06-01T08:03:00Z,KZ-TR-001,43.257,76.946,65265,0x00,0x00,0x40,0x02
2026-06-01T08:03:00Z,KZ-TR-001,43.257,76.946,65266,0x00,0x20,0x03,0x00
2026-06-01T08:03:00Z,KZ-TR-001,43.257,76.946,65280,0x10,0x27,0x00,0x00
2026-06-01T08:04:00Z,KZ-TR-001,43.255,76.943,65265,0x00,0x00,0x40,0x02
2026-06-01T08:04:00Z,KZ-TR-001,43.255,76.943,65266,0x00,0x20,0x03,0x00
2026-06-01T08:04:00Z,KZ-TR-001,43.255,76.943,65280,0x10,0x27,0x00,0x00
2026-06-01T08:05:00Z,KZ-TR-001,43.262,76.940,65265,0x00,0x00,0x40,0x02
2026-06-01T08:05:00Z,KZ-TR-001,43.262,76.940,65266,0x00,0x20,0x03,0x00
2026-06-01T08:05:00Z,KZ-TR-001,43.262,76.940,65280,0x10,0x27,0x00,0x00
2026-06-01T08:06:00Z,KZ-TR-001,43.262,76.944,65265,0x00,0x00,0x40,0x02
2026-06-01T08:06:00Z,KZ-TR-001,43.262,76.944,65266,0x00,0x20,0x03,0x00
2026-06-01T08:06:00Z,KZ-TR-001,43.262,76.944,65280,0x10,0x27,0x00,0x00
2026-06-01T08:07:00Z,KZ-TR-001,43.263,76.946,65265,0x00,0x00,0x40,0x02
2026-06-01T08:07:00Z,KZ-TR-001,43.263,76.946,65266,0x00,0x20,0x03,0x00
2026-06-01T08:07:00Z,KZ-TR-001,43.263,76.946,65280,0x10,0x27,0x00,0x00
2026-06-01T08:08:00Z,KZ-TR-001,43.262,76.943,65265,0x00,0x00,0x40,0x02
2026-06-01T08:08:00Z,KZ-TR-001,43.262,76.943,65266,0x00,0x20,0x03,0x00
2026-06-01T08:08:00Z,KZ-TR-001,43.262,76.943,65280,0x10,0x27,0x00,0x00
2026-06-01T08:09:00Z,KZ-TR-001,43.263,76.941,65265,0x00,0x00,0x40,0x02
2026-06-01T08:09:00Z,KZ-TR-001,43.263,76.941,65266,0x00,0x20,0x03,0x00
2026-06-01T08:09:00Z,KZ-TR-001,43.263,76.941,65280,0x10,0x27,0x00,0x00
2026-06-01T08:10:00Z,KZ-TR-001,43.262,76.944,65265,0x00,0x00,0x40,0x02
2026-06-01T08:10:00Z,KZ-TR-001,43.262,76.944,65266,0x00,0x20,0x03,0x00
2026-06-01T08:10:00Z,KZ-TR-001,43.262,76.944,65280,0x10,0x27,0x00,0x00
2026-06-01T08:11:00Z,KZ-TR-001,43.257,76.944,65265,0x00,0x00,0x40,0x02
2026-06-01T08:11:00Z,KZ-TR-001,43.257,76.944,65266,0x00,0x20,0x03,0x00
2026-06-01T08:11:00Z,KZ-TR-001,43.257,76.944,65280,0x10,0x27,0x00,0x00
2026-06-01T08:12:00Z,KZ-TR-001,43.256,76.942,65265,0x00,0x00,0x40,0x02
2026-06-01T08:12:00Z,KZ-TR-001,43.256,76.942,65266,0x00,0x20,0x03,0x00
2026-06-01T08:12:00Z,KZ-TR-001,43.256,76.942,65280,0x10,0x27,0x00,0x00
2026-06-01T08:13:00Z,KZ-TR-001,43.263,76.946,65265,0x00,0x00,0x40,0x02
2026-06-01T08:13:00Z,KZ-TR-001,43.263,76.946,65266,0x00,0x20,0x03,0x00
2026-06-01T08:13:00Z,KZ-TR-001,43.263,76.946,65280,0x10,0x27,0x00,0x00
2026-06-01T08:14:00Z,KZ-TR-001,43.255,76.948,65265,0x00,0x00,0x40,0x02
2026-06-01T08:14:00Z,KZ-TR-001,43.255,76.948,65266,0x00,0x20,0x03,0x00
2026-06-01T08:14:00Z,KZ-TR-001,43.255,76.948,65280,0x10,0x27,0x00,0x00
2026-06-01T08:15:00Z,KZ-TR-001,43.258,76.950,65265,0x00,0x00,0x40,0x02
2026-06-01T08:15:00Z,KZ-TR-001,43.258,76.950,65266,0x00,0x20,0x03,0x00
2026-06-01T08:15:00Z,KZ-TR-001,43.258,76.950,65280,0x10,0x27,0x00,0x00
2026-06-01T08:16:00Z,KZ-TR-001,43.257,76.947,65265,0x00,0x00,0x40,0x02
2026-06-01T08:16:00Z,KZ-TR-001,43.257,76.947,65266,0x00,0x20,0x03,0x00
2026-06-01T08:16:00Z,KZ-TR-001,43.257,76.947,65280,0x10,0x27,0x00,0x00
2026-06-01T08:17:00Z,KZ-TR-001,43.264,76.945,65265,0x00,0x00,0x40,0x02
2026-06-01T08:17:00Z,KZ-TR-001,43.264,76.945,65266,0x00,0x20,0x03,0x00
2026-06-01T08:17:00Z,KZ-TR-001,43.264,76.945,65280,0x10,0x27,0x00,0x00
2026-06-01T08:18:00Z,KZ-TR-001,43.263,76.950,65265,0x00,0x00,0x40,0x02
2026-06-01T08:18:00Z,KZ-TR-001,43.263,76.950,65266,0x00,0x20,0x03,0x00
2026-06-01T08:18:00Z,KZ-TR-001,43.263,76.950,65280,0x10,0x27,0x00,0x00
2026-06-01T08:19:00Z,KZ-TR-001,43.255,76.945,65265,0x00,0x00,0x40,0x02
2026-06-01T08:19:00Z,KZ-TR-001,43.255,76.945,65266,0x00,0x20,0x03,0x00
2026-06-01T08:19:00Z,KZ-TR-001,43.255,76.945,65280,0x10,0x27,0x00,0x00
2026-06-01T08:20:00Z,KZ-TR-001,43.259,76.941,65265,0x00,0x00,0x40,0x02
2026-06-01T08:20:00Z,KZ-TR-001,43.259,76.941,65266,0x00,0x20,0x03,0x00
2026-06-01T08:20:00Z,KZ-TR-001,43.259,76.941,65280,0x10,0x27,0x00,0x00
2026-06-01T08:21:00Z,KZ-TR-001,43.262,76.946,65265,0x00,0x00,0x40,0x02
2026-06-01T08:21:00Z,KZ-TR-001,43.262,76.946,65266,0x00,0x20,0x03,0x00
2026-06-01T08:21:00Z,KZ-TR-001,43.262,76.946,65280,0x10,0x27,0x00,0x00
2026-06-01T08:22:00Z,KZ-TR-001,43.260,76.945,65265,0x00,0x00,0x40,0x02
2026-06-01T08:22:00Z,KZ-TR-001,43.260,76.945,65266,0x00,0x20,0x03,0x00
2026-06-01T08:22:00Z,KZ-TR-001,43.260,76.945,65280,0x10,0x27,0x00,0x00
2026-06-01T08:23:00Z,KZ-TR-001,43.258,76.940,65265,0x00,0x00,0x40,0x02
2026-06-01T08:23:00Z,KZ-TR-001,43.258,76.940,65266,0x00,0x20,0x03,0x00
2026-06-01T08:23:00Z,KZ-TR-001,43.258,76.940,65280,0x10,0x27,0x00,0x00
2026-06-01T08:24:00Z,KZ-TR-001,43.258,76.944,65265,0x00,0x00,0x40,0x02
2026-06-01T08:24:00Z,KZ-TR-001,43.258,76.944,65266,0x00,0x20,0x03,0x00
2026-06-01T08:24:00Z,KZ-TR-001,43.258,76.944,65280,0x10,0x27,0x00,0x00
2026-06-01T08:25:00Z,KZ-TR-001,43.264,76.944,65265,0x00,0x00,0x40,0x02
2026-06-01T08:25:00Z,KZ-TR-001,43.264,76.944,65266,0x00,0x20,0x03,0x00
2026-06-01T08:25:00Z,KZ-TR-001,43.264,76.944,65280,0x10,0x27,0x00,0x00
2026-06-01T08:26:00Z,KZ-TR-001,43.258,76.947,65265,0x00,0x00,0x40,0x02
2026-06-01T08:26:00Z,KZ-TR-001,43.258,76.947,65266,0x00,0x20,0x03,0x00
2026-06-01T08:26:00Z,KZ-TR-001,43.258,76.947,65280,0x10,0x27,0x00,0x00
2026-06-01T08:27:00Z,KZ-TR-001,43.257,76.949,65265,0x00,0x00,0x40,0x02
2026-06-01T08:27:00Z,KZ-TR-001,43.257,76.949,65266,0x00,0x20,0x03,0x00
2026-06-01T08:27:00Z,KZ-TR-001,43.257,76.949,65280,0x10,0x27,0x00,0x00
2026-06-01T08:28:00Z,KZ-TR-001,43.255,76.948,65265,0x00,0x00,0x40,0x02
2026-06-01T08:28:00Z,KZ-TR-001,43.255,76.948,65266,0x00,0x20,0x03,0x00
2026-06-01T08:28:00Z,KZ-TR-001,43.255,76.948,65280,0x10,0x27,0x00,0x00
2026-06-01T08:29:00Z,KZ-TR-001,43.256,76.946,65265,0x00,0x00,0x40,0x02
2026-06-01T08:29:00Z,KZ-TR-001,43.256,76.946,65266,0x00,0x20,0x03,0x00
2026-06-01T08:29:00Z,KZ-TR-001,43.256,76.946,65280,0x10,0x27,0x00,0x00
2026-06-01T08:30:00Z,KZ-TR-001,43.264,76.942,65265,0x00,0x00,0x40,0x02
2026-06-01T08:30:00Z,KZ-TR-001,43.264,76.942,65266,0x00,0x20,0x03,0x00
2026-06-01T08:30:00Z,KZ-TR-001,43.264,76.942,65280,0x10,0x27,0x00,0x00
2026-06-01T08:31:00Z,KZ-TR-001,43.262,76.943,65265,0x00,0x00,0x40,0x02
2026-06-01T08:31:00Z,KZ-TR-001,43.262,76.943,65266,0x00,0x20,0x03,0x00
2026-06-01T08:31:00Z,KZ-TR-001,43.262,76.943,65280,0x10,0x27,0x00,0x00
2026-06-01T08:32:00Z,KZ-TR-001,43.258,76.949,65265,0x00,0x00,0x40,0x02
2026-06-01T08:32:00Z,KZ-TR-001,43.258,76.949,65266,0x00,0x20,0x03,0x00
2026-06-01T08:32:00Z,KZ-TR-001,43.258,76.949,65280,0x10,0x27,0x00,0x00
2026-06-01T08:33:00Z,KZ-TR-001,43.261,76.947,65265,0x00,0x00,0x40,0x02
2026-06-01T08:33:00Z,KZ-TR-001,43.261,76.947,65266,0x00,0x20,0x03,0x00
2026-06-01T08:33:00Z,KZ-TR-001,43.261,76.947,65280,0x10,0x27,0x00,0x00
2026-06-01T08:34:00Z,KZ-TR-001,43.263,76.948,65265,0x00,0x00,0x40,0x02
2026-06-01T08:34:00Z,KZ-TR-001,43.263,76.948,65266,0x00,0x20,0x03,0x00
2026-06-01T08:34:00Z,KZ-TR-001,43.263,76.948,65280,0x10,0x27,0x00,0x00
2026-06-01T08:35:00Z,KZ-TR-001,43.258,76.945,65265,0x00,0x00,0x40,0x02
2026-06-01T08:35:00Z,KZ-TR-001,43.258,76.945,65266,0x00,0x20,0x03,0x00
2026-06-01T08:35:00Z,KZ-TR-001,43.258,76.945,65280,0x10,0x27,0x00,0x00
2026-06-01T08:36:00Z,KZ-TR-001,43.261,76.949,65265,0x00,0x00,0x40,0x02
2026-06-01T08:36:00Z,KZ-TR-001,43.261,76.949,65266,0x00,0x20,0x03,0x00
2026-06-01T08:36:00Z,KZ-TR-001,43.261,76.949,65280,0x10,0x27,0x00,0x00
2026-06-01T08:37:00Z,KZ-TR-001,43.262,76.947,65265,0x00,0x00,0x40,0x02
2026-06-01T08:37:00Z,KZ-TR-001,43.262,76.947,65266,0x00,0x20,0x03,0x00
2026-06-01T08:37:00Z,KZ-TR-001,43.262,76.947,65280,0x10,0x27,0x00,0x00
2026-06-01T08:38:00Z,KZ-TR-001,43.258,76.944,65265,0x00,0x00,0x40,0x02
2026-06-01T08:38:00Z,KZ-TR-001,43.258,76.944,65266,0x00,0x20,0x03,0x00
2026-06-01T08:38:00Z,KZ-TR-001,43.258,76.944,65280,0x10,0x27,0x00,0x00
2026-06-01T08:39:00Z,KZ-TR-001,43.261,76.947,65265,0x00,0x00,0x40,0x02
2026-06-01T08:39:00Z,KZ-TR-001,43.261,76.947,65266,0x00,0x20,0x03,0x00
2026-06-01T08:39:00Z,KZ-TR-001,43.261,76.947,65280,0x10,0x27,0x00,0x00
2026-06-01T08:40:00Z,KZ-TR-001,43.260,76.946,65265,0x00,0x00,0x40,0x02
2026-06-01T08:40:00Z,KZ-TR-001,43.260,76.946,65266,0x00,0x20,0x03,0x00
2026-06-01T08:40:00Z,KZ-TR-001,43.260,76.946,65280,0x10,0x27,0x00,0x00
2026-06-01T08:41:00Z,KZ-TR-001,43.256,76.943,65265,0x00,0x00,0x40,0x02
2026-06-01T08:41:00Z,KZ-TR-001,43.256,76.943,65266,0x00,0x20,0x03,0x00
2026-06-01T08:41:00Z,KZ-TR-001,43.256,76.943,65280,0x10,0x27,0x00,0x00
2026-06-01T08:42:00Z,KZ-TR-001,43.260,76.945,65265,0x00,0x00,0x40,0x02
2026-06-01T08:42:00Z,KZ-TR-001,43.260,76.945,65266,0x00,0x20,0x03,0x00
2026-06-01T08:42:00Z,KZ-TR-001,43.260,76.945,65280,0x10,0x27,0x00,0x00
2026-06-01T08:43:00Z,KZ-TR-001,43.260,76.940,65265,0x00,0x00,0x40,0x02
2026-06-01T08:43:00Z,KZ-TR-001,43.260,76.940,65266,0x00,0x20,0x03,0x00
2026-06-01T08:43:00Z,KZ-TR-001,43.260,76.940,65280,0x10,0x27,0x00,0x00
2026-06-01T08:44:00Z,KZ-TR-001,43.264,76.948,65265,0x00,0x00,0x40,0x02
2026-06-01T08:44:00Z,KZ-TR-001,43.264,76.948,65266,0x00,0x20,0x03,0x00
2026-06-01T08:44:00Z,KZ-TR-001,43.264,76.948,65280,0x10,0x27,0x00,0x00
2026-06-01T08:45:00Z,KZ-TR-001,43.261,76.947,65265,0x00,0x00,0x40,0x02
2026-06-01T08:45:00Z,KZ-TR-001,43.261,76.947,65266,0x00,0x20,0x03,0x00
2026-06-01T08:45:00Z,KZ-TR-001,43.261,76.947,65280,0x10,0x27,0x00,0x00
2026-06-01T08:46:00Z,KZ-TR-001,43.256,76.950,65265,0x00,0x00,0x40,0x02
2026-06-01T08:46:00Z,KZ-TR-001,43.256,76.950,65266,0x00,0x20,0x03,0x00
2026-06-01T08:46:00Z,KZ-TR-001,43.256,76.950,65280,0x10,0x27,0x00,0x00
2026-06-01T08:47:00Z,KZ-TR-001,43.261,76.945,65265,0x00,0x00,0x40,0x02
2026-06-01T08:47:00Z,KZ-TR-001,43.261,76.945,65266,0x00,0x20,0x03,0x00
2026-06-01T08:47:00Z,KZ-TR-001,43.261,76.945,65280,0x10,0x27,0x00,0x00
2026-06-01T08:48:00Z,KZ-TR-001,43.256,76.940,65265,0x00,0x00,0x40,0x02
2026-06-01T08:48:00Z,KZ-TR-001,43.256,76.940,65266,0x00,0x20,0x03,0x00
2026-06-01T08:48:00Z,KZ-TR-001,43.256,76.940,65280,0x10,0x27,0x00,0x00
2026-06-01T08:49:00Z,KZ-TR-001,43.260,76.949,65265,0x00,0x00,0x40,0x02
2026-06-01T08:49:00Z,KZ-TR-001,43.260,76.949,65266,0x00,0x20,0x03,0x00
2026-06-01T08:49:00Z,KZ-TR-001,43.260,76.949,65280,0x10,0x27,0x00,0x00
2026-06-01T08:50:00Z,KZ-TR-001,43.262,76.948,65265,0x00,0x00,0x40,0x02
2026-06-01T08:50:00Z,KZ-TR-001,43.262,76.948,65266,0x00,0x20,0x03,0x00
2026-06-01T08:50:00Z,KZ-TR-001,43.262,76.948,65280,0x10,0x27,0x00,0x00
2026-06-01T08:51:00Z,KZ-TR-001,43.256,76.946,65265,0x00,0x00,0x40,0x02
2026-06-01T08:51:00Z,KZ-TR-001,43.256,76.946,65266,0x00,0x20,0x03,0x00
2026-06-01T08:51:00Z,KZ-TR-001,43.256,76.946,65280,0x10,0x27,0x00,0x00
2026-06-01T08:52:00Z,KZ-TR-001,43.260,76.941,65265,0x00,0x00,0x40,0x02
2026-06-01T08:52:00Z,KZ-TR-001,43.260,76.941,65266,0x00,0x20,0x03,0x00
2026-06-01T08:52:00Z,KZ-TR-001,43.260,76.941,65280,0x10,0x27,0x00,0x00
2026-06-01T08:53:00Z,KZ-TR-001,43.264,76.947,65265,0x00,0x00,0x40,0x02
2026-06-01T08:53:00Z,KZ-TR-001,43.264,76.947,65266,0x00,0x20,0x03,0x00
2026-06-01T08:53:00Z,KZ-TR-001,43.264,76.947,65280,0x10,0x27,0x00,0x00
2026-06-01T08:54:00Z,KZ-TR-001,43.258,76.948,65265,0x00,0x00,0x40,0x02
2026-06-01T08:54:00Z,KZ-TR-001,43.258,76.948,65266,0x00,0x20,0x03,0x00
2026-06-01T08:54:00Z,KZ-TR-001,43.258,76.948,65280,0x10,0x27,0x00,0x00
2026-06-01T08:55:00Z,KZ-TR-001,43.258,76.946,65265,0x00,0x00,0x40,0x02
2026-06-01T08:55:00Z,KZ-TR-001,43.258,76.946,65266,0x00,0x20,0x03,0x00
2026-06-01T08:55:00Z,KZ-TR-001,43.258,76.946,65280,0x10,0x27,0x00,0x00
2026-06-01T08:56:00Z,KZ-TR-001,43.259,76.946,65265,0x00,0x00,0x40,0x02
2026-06-01T08:56:00Z,KZ-TR-001,43.259,76.946,65266,0x00,0x20,0x03,0x00
2026-06-01T08:56:00Z,KZ-TR-001,43.259,76.946,65280,0x10,0x27,0x00,0x00
2026-06-01T08:57:00Z,KZ-TR-001,43.258,76.948,65265,0x00,0x00,0x40,0x02
2026-06-01T08:57:00Z,KZ-TR-001,43.258,76.948,65266,0x00,0x20,0x03,0x00
2026-06-01T08:57:00Z,KZ-TR-001,43.258,76.948,65280,0x10,0x27,0x00,0x00
2026-06-01T08:58:00Z,KZ-TR-001,43.257,76.949,65265,0x00,0x00,0x40,0x02
2026-06-01T08:58:00Z,KZ-TR-001,43.257,76.949,65266,0x00,0x20,0x03,0x00
2026-06-01T08:58:00Z,KZ-TR-001,43.257,76.949,65280,0x10,0x27,0x00,0x00
2026-06-01T08:59:00Z,KZ-TR-001,43.261,76.942,65265,0x00,0x00,0x40,0x02
2026-06-01T08:59:00Z,KZ-TR-001,43.261,76.942,65266,0x00,0x20,0x03,0x00
2026-06-01T08:59:00Z,KZ-TR-001,43.261,76.942,65280,0x10,0x27,0x00,0x00
2026-06-01T09:00:00Z,KZ-TR-001,43.261,76.943,65265,0x00,0x00,0x40,0x02
2026-06-01T09:00:00Z,KZ-TR-001,43.261,76.943,65266,0x00,0x20,0x03,0x00
2026-06-01T09:00:00Z,KZ-TR-001,43.261,76.943,65280,0x10,0x27,0x00,0x00
2026-06-01T09:01:00Z,KZ-TR-001,43.259,76.946,65265,0x00,0x00,0x40,0x02
2026-06-01T09:01:00Z,KZ-TR-001,43.259,76.946,65266,0x00,0x20,0x03,0x00
2026-06-01T09:01:00Z,KZ-TR-001,43.259,76.946,65280,0x10,0x27,0x00,0x00
2026-06-01T09:02:00Z,KZ-TR-001,43.262,76.943,65265,0x00,0x00,0x40,0x02
2026-06-01T09:02:00Z,KZ-TR-001,43.262,76.943,65266,0x00,0x20,0x03,0x00
2026-06-01T09:02:00Z,KZ-TR-001,43.262,76.943,65280,0x10,0x27,0x00,0x00
2026-06-01T09:03:00Z,KZ-TR-001,43.263,76.949,65265,0x00,0x00,0x40,0x02
2026-06-01T09:03:00Z,KZ-TR-001,43.263,76.949,65266,0x00,0x20,0x03,0x00
2026-06-01T09:03:00Z,KZ-TR-001,43.263,76.949,65280,0x10,0x27,0x00,0x00
2026-06-01T09:04:00Z,KZ-TR-001,43.259,76.946,65265,0x00,0x00,0x40,0x02
2026-06-01T09:04:00Z,KZ-TR-001,43.259,76.946,65266,0x00,0x20,0x03,0x00
2026-06-01T09:04:00Z,KZ-TR-001,43.259,76.946,65280,0x10,0x27,0x00,0x00
2026-06-01T09:05:00Z,KZ-TR-001,43.264,76.947,65265,0x00,0x00,0x40,0x02
2026-06-01T09:05:00Z,KZ-TR-001,43.264,76.947,65266,0x00,0x20,0x03,0x00
2026-06-01T09:05:00Z,KZ-TR-001,43.264,76.947,65280,0x10,0x27,0x00,0x00
2026-06-01T09:06:00Z,KZ-TR-001,43.264,76.943,65265,0x00,0x00,0x40,0x02
2026-06-01T09:06:00Z,KZ-TR-001,43.264,76.943,65266,0x00,0x20,0x03,0x00
2026-06-01T09:06:00Z,KZ-TR-001,43.264,76.943,65280,0x10,0x27,0x00,0x00
2026-06-01T09:07:00Z,KZ-TR-001,43.262,76.946,65265,0x00,0x00,0x40,0x02
2026-06-01T09:07:00Z,KZ-TR-001,43.262,76.946,65266,0x00,0x20,0x03,0x00
2026-06-01T09:07:00Z,KZ-TR-001,43.262,76.946,65280,0x10,0x27,0x00,0x00
2026-06-01T09:08:00Z,KZ-TR-001,43.257,76.948,65265,0x00,0x00,0x40,0x02
2026-06-01T09:08:00Z,KZ-TR-001,43.257,76.948,65266,0x00,0x20,0x03,0x00
2026-06-01T09:08:00Z,KZ-TR-001,43.257,76.948,65280,0x10,0x27,0x00,0x00
2026-06-01T09:09:00Z,KZ-TR-001,43.256,76.946,65265,0x00,0x00,0x40,0x02
2026-06-01T09:09:00Z,KZ-TR-001,43.256,76.946,65266,0x00,0x20,0x03,0x00
2026-06-01T09:09:00Z,KZ-TR-001,43.256,76.946,65280,0x10,0x27,0x00,0x00
2026-06-01T09:10:00Z,KZ-TR-001,43.261,76.945,65265,0x00,0x00,0x40,0x02
2026-06-01T09:10:00Z,KZ-TR-001,43.261,76.945,65266,0x00,0x20,0x03,0x00
2026-06-01T09:10:00Z,KZ-TR-001,43.261,76.945,65280,0x10,0x27,0x00,0x00
2026-06-01T09:11:00Z,KZ-TR-001,43.260,76.943,65265,0x00,0x00,0x40,0x02
2026-06-01T09:11:00Z,KZ-TR-001,43.260,76.943,65266,0x00,0x20,0x03,0x00
2026-06-01T09:11:00Z,KZ-TR-001,43.260,76.943,65280,0x10,0x27,0x00,0x00
2026-06-01T09:12:00Z,KZ-TR-001,43.260,76.950,65265,0x00,0x00,0x40,0x02
2026-06-01T09:12:00Z,KZ-TR-001,43.260,76.950,65266,0x00,0x20,0x03,0x00
2026-06-01T09:12:00Z,KZ-TR-001,43.260,76.950,65280,0x10,0x27,0x00,0x00
2026-06-01T09:13:00Z,KZ-TR-001,43.265,76.942,65265,0x00,0x00,0x40,0x02
2026-06-01T09:13:00Z,KZ-TR-001,43.265,76.942,65266,0x00,0x20,0x03,0x00
2026-06-01T09:13:00Z,KZ-TR-001,43.265,76.942,65280,0x10,0x27,0x00,0x00
2026-06-01T09:14:00Z,KZ-TR-001,43.259,76.947,65265,0x00,0x00,0x40,0x02
2026-06-01T09:14:00Z,KZ-TR-001,43.259,76.947,65266,0x00,0x20,0x03,0x00
2026-06-01T09:14:00Z,KZ-TR-001,43.259,76.947,65280,0x10,0x27,0x00,0x00
2026-06-01T09:15:00Z,KZ-TR-001,43.256,76.949,65265,0x00,0x00,0x40,0x02
2026-06-01T09:15:00Z,KZ-TR-001,43.256,76.949,65266,0x00,0x20,0x03,0x00
2026-06-01T09:15:00Z,KZ-TR-001,43.256,76.949,65280,0x10,0x27,0x00,0x00
2026-06-01T09:16:00Z,KZ-TR-001,43.259,76.947,65265,0x00,0x00,0x40,0x02
2026-06-01T09:16:00Z,KZ-TR-001,43.259,76.947,65266,0x00,0x20,0x03,0x00
2026-06-01T09:16:00Z,KZ-TR-001,43.259,76.947,65280,0x10,0x27,0x00,0x00
2026-06-01T09:17:00Z,KZ-TR-001,43.256,76.948,65265,0x00,0x00,0x40,0x02
2026-06-01T09:17:00Z,KZ-TR-001,43.256,76.948,65266,0x00,0x20,0x03,0x00
2026-06-01T09:17:00Z,KZ-TR-001,43.256,76.948,65280,0x10,0x27,0x00,0x00
2026-06-01T09:18:00Z,KZ-TR-001,43.259,76.950,65265,0x00,0x00,0x40,0x02
2026-06-01T09:18:00Z,KZ-TR-001,43.259,76.950,65266,0x00,0x20,0x03,0x00
2026-06-01T09:18:00Z,KZ-TR-001,43.259,76.950,65280,0x10,0x27,0x00,0x00
2026-06-01T09:19:00Z,KZ-TR-001,43.262,76.945,65265,0x00,0x00,0x40,0x02
2026-06-01T09:19:00Z,KZ-TR-001,43.262,76.945,65266,0x00,0x20,0x03,0x00
2026-06-01T09:19:00Z,KZ-TR-001,43.262,76.945,65280,0x10,0x27,0x00,0x00
2026-06-01T09:20:00Z,KZ-TR-001,43.263,76.950,65265,0x00,0x00,0x40,0x02
2026-06-01T09:20:00Z,KZ-TR-001,43.263,76.950,65266,0x00,0x20,0x03,0x00
2026-06-01T09:20:00Z,KZ-TR-001,43.263,76.950,65280,0x10,0x27,0x00,0x00
2026-06-01T09:21:00Z,KZ-TR-001,43.261,76.943,65265,0x00,0x00,0x40,0x02
2026-06-01T09:21:00Z,KZ-TR-001,43.261,76.943,65266,0x00,0x20,0x03,0x00
2026-06-01T09:21:00Z,KZ-TR-001,43.261,76.943,65280,0x10,0x27,0x00,0x00
2026-06-01T09:22:00Z,KZ-TR-001,43.260,76.944,65265,0x00,0x00,0x40,0x02
2026-06-01T09:22:00Z,KZ-TR-001,43.260,76.944,65266,0x00,0x20,0x03,0x00
2026-06-01T09:22:00Z,KZ-TR-001,43.260,76.944,65280,0x10,0x27,0x00,0x00
2026-06-01T09:23:00Z,KZ-TR-001,43.263,76.944,65265,0x00,0x00,0x40,0x02
2026-06-01T09:23:00Z,KZ-TR-001,43.263,76.944,65266,0x00,0x20,0x03,0x00
2026-06-01T09:23:00Z,KZ-TR-001,43.263,76.944,65280,0x10,0x27,0x00,0x00
2026-06-01T09:24:00Z,KZ-TR-001,43.265,76.941,65265,0x00,0x00,0x40,0x02
2026-06-01T09:24:00Z,KZ-TR-001,43.265,76.941,65266,0x00,0x20,0x03,0x00
2026-06-01T09:24:00Z,KZ-TR-001,43.265,76.941,65280,0x10,0x27,0x00,0x00
2026-06-01T09:25:00Z,KZ-TR-001,43.257,76.946,65265,0x00,0x00,0x40,0x02
2026-06-01T09:25:00Z,KZ-TR-001,43.257,76.946,65266,0x00,0x20,0x03,0x00
2026-06-01T09:25:00Z,KZ-TR-001,43.257,76.946,65280,0x10,0x27,0x00,0x00
2026-06-01T09:26:00Z,KZ-TR-001,43.257,76.949,65265,0x00,0x00,0x40,0x02
2026-06-01T09:26:00Z,KZ-TR-001,43.257,76.949,65266,0x00,0x20,0x03,0x00
2026-06-01T09:26:00Z,KZ-TR-001,43.257,76.949,65280,0x10,0x27,0x00,0x00
2026-06-01T09:27:00Z,KZ-TR-001,43.264,76.947,65265,0x00,0x00,0x40,0x02
2026-06-01T09:27:00Z,KZ-TR-001,43.264,76.947,65266,0x00,0x20,0x03,0x00
2026-06-01T09:27:00Z,KZ-TR-001,43.264,76.947,65280,0x10,0x27,0x00,0x00
2026-06-01T09:28:00Z,KZ-TR-001,43.256,76.949,65265,0x00,0x00,0x40,0x02
2026-06-01T09:28:00Z,KZ-TR-001,43.256,76.949,65266,0x00,0x20,0x03,0x00
2026-06-01T09:28:00Z,KZ-TR-001,43.256,76.949,65280,0x10,0x27,0x00,0x00
2026-06-01T09:29:00Z,KZ-TR-001,43.263,76.949,65265,0x00,0x00,0x40,0x02
2026-06-01T09:29:00Z,KZ-TR-001,43.263,76.949,65266,0x00,0x20,0x03,0x00
2026-06-01T09:29:00Z,KZ-TR-001,43.263,76.949,65280,0x10,0x27,0x00,0x00
2026-06-01T09:30:00Z,KZ-TR-001,43.264,76.945,65265,0x00,0x00,0x40,0x02
2026-06-01T09:30:00Z,KZ-TR-001,43.264,76.945,65266,0x00,0x20,0x03,0x00
2026-06-01T09:30:00Z,KZ-TR-001,43.264,76.945,65280,0x10,0x27,0x00,0x00
2026-06-01T09:31:00Z,KZ-TR-001,43.256,76.941,65265,0x00,0x00,0x40,0x02
2026-06-01T09:31:00Z,KZ-TR-001,43.256,76.941,65266,0x00,0x20,0x03,0x00
2026-06-01T09:31:00Z,KZ-TR-001,43.256,76.941,65280,0x10,0x27,0x00,0x00
2026-06-01T09:32:00Z,KZ-TR-001,43.259,76.945,65265,0x00,0x00,0x40,0x02
2026-06-01T09:32:00Z,KZ-TR-001,43.259,76.945,65266,0x00,0x20,0x03,0x00
2026-06-01T09:32:00Z,KZ-TR-001,43.259,76.945,65280,0x10,0x27,0x00,0x00
2026-06-01T09:33:00Z,KZ-TR-001,43.260,76.944,65265,0x00,0x00,0x40,0x02
2026-06-01T09:33:00Z,KZ-TR-001,43.260,76.944,65266,0x00,0x20,0x03,0x00
2026-06-01T09:33:00Z,KZ-TR-001,43.260,76.944,65280,0x10,0x27,0x00,0x00
2026-06-01T09:34:00Z,KZ-TR-001,43.258,76.946,65265,0x00,0x00,0x40,0x02
2026-06-01T09:34:00Z,KZ-TR-001,43.258,76.946,65266,0x00,0x20,0x03,0x00
2026-06-01T09:34:00Z,KZ-TR-001,43.258,76.946,65280,0x10,0x27,0x00,0x00
2026-06-01T09:35:00Z,KZ-TR-001,43.264,76.947,65265,0x00,0x00,0x40,0x02
2026-06-01T09:35:00Z,KZ-TR-001,43.264,76.947,65266,0x00,0x20,0x03,0x00
2026-06-01T09:35:00Z,KZ-TR-001,43.264,76.947,65280,0x10,0x27,0x00,0x00
2026-06-01T09:36:00Z,KZ-TR-001,43.263,76.946,65265,0x00,0x00,0x40,0x02
2026-06-01T09:36:00Z,KZ-TR-001,43.263,76.946,65266,0x00,0x20,0x03,0x00
2026-06-01T09:36:00Z,KZ-TR-001,43.263,76.946,65280,0x10,0x27,0x00,0x00
2026-06-01T09:37:00Z,KZ-TR-001,43.264,76.944,65265,0x00,0x00,0x40,0x02
2026-06-01T09:37:00Z,KZ-TR-001,43.264,76.944,65266,0x00,0x20,0x03,0x00
2026-06-01T09:37:00Z,KZ-TR-001,43.264,76.944,65280,0x10,0x27,0x00,0x00
2026-06-01T09:38:00Z,KZ-TR-001,43.263,76.942,65265,0x00,0x00,0x40,0x02
2026-06-01T09:38:00Z,KZ-TR-001,43.263,76.942,65266,0x00,0x20,0x03,0x00
2026-06-01T09:38:00Z,KZ-TR-001,43.263,76.942,65280,0x10,0x27,0x00,0x00
2026-06-01T09:39:00Z,KZ-TR-001,43.262,76.942,65265,0x00,0x00,0x40,0x02
2026-06-01T09:39:00Z,KZ-TR-001,43.262,76.942,65266,0x00,0x20,0x03,0x00
2026-06-01T09:39:00Z,KZ-TR-001,43.262,76.942,65280,0x10,0x27,0x00,0x00
2026-06-01T09:40:00Z,KZ-TR-001,43.256,76.947,65265,0x00,0x00,0x40,0x02
2026-06-01T09:40:00Z,KZ-TR-001,43.256,76.947,65266,0x00,0x20,0x03,0x00
2026-06-01T09:40:00Z,KZ-TR-001,43.256,76.947,65280,0x10,0x27,0x00,0x00
2026-06-01T09:41:00Z,KZ-TR-001,43.264,76.943,65265,0x00,0x00,0x40,0x02
2026-06-01T09:41:00Z,KZ-TR-001,43.264,76.943,65266,0x00,0x20,0x03,0x00
2026-06-01T09:41:00Z,KZ-TR-001,43.264,76.943,65280,0x10,0x27,0x00,0x00
2026-06-01T09:42:00Z,KZ-TR-001,43.261,76.944,65265,0x00,0x00,0x40,0x02
2026-06-01T09:42:00Z,KZ-TR-001,43.261,76.944,65266,0x00,0x20,0x03,0x00
2026-06-01T09:42:00Z,KZ-TR-001,43.261,76.944,65280,0x10,0x27,0x00,0x00
2026-06-01T09:43:00Z,KZ-TR-001,43.258,76.945,65265,0x00,0x00,0x40,0x02
2026-06-01T09:43:00Z,KZ-TR-001,43.258,76.945,65266,0x00,0x20,0x03,0x00
2026-06-01T09:43:00Z,KZ-TR-001,43.258,76.945,65280,0x10,0x27,0x00,0x00
2026-06-01T09:44:00Z,KZ-TR-001,43.264,76.942,65265,0x00,0x00,0x40,0x02
2026-06-01T09:44:00Z,KZ-TR-001,43.264,76.942,65266,0x00,0x20,0x03,0x00
2026-06-01T09:44:00Z,KZ-TR-001,43.264,76.942,65280,0x10,0x27,0x00,0x00
2026-06-01T09:45:00Z,KZ-TR-001,43.260,76.943,65265,0x00,0x00,0x40,0x02
2026-06-01T09:45:00Z,KZ-TR-001,43.260,76.943,65266,0x00,0x20,0x03,0x00
2026-06-01T09:45:00Z,KZ-TR-001,43.260,76.943,65280,0x10,0x27,0x00,0x00
2026-06-01T09:46:00Z,KZ-TR-001,43.262,76.950,65265,0x00,0x00,0x40,0x02
2026-06-01T09:46:00Z,KZ-TR-001,43.262,76.950,65266,0x00,0x20,0x03,0x00
2026-06-01T09:46:00Z,KZ-TR-001,43.262,76.950,65280,0x10,0x27,0x00,0x00
2026-06-01T09:47:00Z,KZ-TR-001,43.264,76.947,65265,0x00,0x00,0x40,0x02
2026-06-01T09:47:00Z,KZ-TR-001,43.264,76.947,65266,0x00,0x20,0x03,0x00
2026-06-01T09:47:00Z,KZ-TR-001,43.264,76.947,65280,0x10,0x27,0x00,0x00
2026-06-01T09:48:00Z,KZ-TR-001,43.259,76.945,65265,0x00,0x00,0x40,0x02
2026-06-01T09:48:00Z,KZ-TR-001,43.259,76.945,65266,0x00,0x20,0x03,0x00
2026-06-01T09:48:00Z,KZ-TR-001,43.259,76.945,65280,0x10,0x27,0x00,0x00
2026-06-01T09:49:00Z,KZ-TR-001,43.259,76.943,65265,0x00,0x00,0x40,0x02
2026-06-01T09:49:00Z,KZ-TR-001,43.259,76.943,65266,0x00,0x20,0x03,0x00
2026-06-01T09:49:00Z,KZ-TR-001,43.259,76.943,65280,0x10,0x27,0x00,0x00
2026-06-01T09:50:00Z,KZ-TR-001,43.264,76.941,65265,0x00,0x00,0x40,0x02
2026-06-01T09:50:00Z,KZ-TR-001,43.264,76.941,65266,0x00,0x20,0x03,0x00
2026-06-01T09:50:00Z,KZ-TR-001,43.264,76.941,65280,0x10,0x27,0x00,0x00
2026-06-01T09:51:00Z,KZ-TR-001,43.262,76.940,65265,0x00,0x00,0x40,0x02
2026-06-01T09:51:00Z,KZ-TR-001,43.262,76.940,65266,0x00,0x20,0x03,0x00
2026-06-01T09:51:00Z,KZ-TR-001,43.262,76.940,65280,0x10,0x27,0x00,0x00
2026-06-01T09:52:00Z,KZ-TR-001,43.262,76.947,65265,0x00,0x00,0x40,0x02
2026-06-01T09:52:00Z,KZ-TR-001,43.262,76.947,65266,0x00,0x20,0x03,0x00
2026-06-01T09:52:00Z,KZ-TR-001,43.262,76.947,65280,0x10,0x27,0x00,0x00
2026-06-01T09:53:00Z,KZ-TR-001,43.263,76.949,65265,0x00,0x00,0x40,0x02
2026-06-01T09:53:00Z,KZ-TR-001,43.263,76.949,65266,0x00,0x20,0x03,0x00
2026-06-01T09:53:00Z,KZ-TR-001,43.263,76.949,65280,0x10,0x27,0x00,0x00
2026-06-01T09:54:00Z,KZ-TR-001,43.258,76.946,65265,0x00,0x00,0x40,0x02
2026-06-01T09:54:00Z,KZ-TR-001,43.258,76.946,65266,0x00,0x20,0x03,0x00
2026-06-01T09:54:00Z,KZ-TR-001,43.258,76.946,65280,0x10,0x27,0x00,0x00
2026-06-01T09:55:00Z,KZ-TR-001,43.256,76.941,65265,0x00,0x00,0x40,0x02
2026-06-01T09:55:00Z,KZ-TR-001,43.256,76.941,65266,0x00,0x20,0x03,0x00
2026-06-01T09:55:00Z,KZ-TR-001,43.256,76.941,65280,0x10,0x27,0x00,0x00
2026-06-01T09:56:00Z,KZ-TR-001,43.255,76.950,65265,0x00,0x00,0x40,0x02
2026-06-01T09:56:00Z,KZ-TR-001,43.255,76.950,65266,0x00,0x20,0x03,0x00
2026-06-01T09:56:00Z,KZ-TR-001,43.255,76.950,65280,0x10,0x27,0x00,0x00
2026-06-01T09:57:00Z,KZ-TR-001,43.265,76.948,65265,0x00,0x00,0x40,0x02
2026-06-01T09:57:00Z,KZ-TR-001,43.265,76.948,65266,0x00,0x20,0x03,0x00
2026-06-01T09:57:00Z,KZ-TR-001,43.265,76.948,65280,0x10,0x27,0x00,0x00
2026-06-01T09:58:00Z,KZ-TR-001,43.262,76.945,65265,0x00,0x00,0x40,0x02
2026-06-01T09:58:00Z,KZ-TR-001,43.262,76.945,65266,0x00,0x20,0x03,0x00
2026-06-01T09:58:00Z,KZ-TR-001,43.262,76.945,65280,0x10,0x27,0x00,0x00
2026-06-01T09:59:00Z,KZ-TR-001,43.262,76.941,65265,0x00,0x00,0x40,0x02
2026-06-01T09:59:00Z,KZ-TR-001,43.262,76.941,65266,0x00,0x20,0x03,0x00
2026-06-01T09:59:00Z,KZ-TR-001,43.262,76.941,65280,0x10,0x27,0x00,0x00
2026-06-01T10:00:00Z,KZ-TR-001,43.260,76.945,65265,0x00,0x00,0x40,0x02
2026-06-01T10:00:00Z,KZ-TR-001,43.260,76.945,65266,0x00,0x20,0x03,0x00
2026-06-01T10:00:00Z,KZ-TR-001,43.260,76.945,65280,0x10,0x27,0x00,0x00
2026-06-01T10:01:00Z,KZ-TR-001,43.259,76.946,65265,0x00,0x00,0x40,0x02
2026-06-01T10:01:00Z,KZ-TR-001,43.259,76.946,65266,0x00,0x20,0x03,0x00
2026-06-01T10:01:00Z,KZ-TR-001,43.259,76.946,65280,0x10,0x27,0x00,0x00
2026-06-01T10:02:00Z,KZ-TR-001,43.259,76.947,65265,0x00,0x00,0x40,0x02
2026-06-01T10:02:00Z,KZ-TR-001,43.259,76.947,65266,0x00,0x20,0x03,0x00
2026-06-01T10:02:00Z,KZ-TR-001,43.259,76.947,65280,0x10,0x27,0x00,0x00
2026-06-01T10:03:00Z,KZ-TR-001,43.259,76.947,65265,0x00,0x00,0x40,0x02
2026-06-01T10:03:00Z,KZ-TR-001,43.259,76.947,65266,0x00,0x20,0x03,0x00
2026-06-01T10:03:00Z,KZ-TR-001,43.259,76.947,65280,0x10,0x27,0x00,0x00
2026-06-01T10:04:00Z,KZ-TR-001,43.262,76.945,65265,0x00,0x00,0x40,0x02
2026-06-01T10:04:00Z,KZ-TR-001,43.262,76.945,65266,0x00,0x20,0x03,0x00
2026-06-01T10:04:00Z,KZ-TR-001,43.262,76.945,65280,0x10,0x27,0x00,0x00
2026-06-01T10:05:00Z,KZ-TR-001,43.259,76.941,65265,0x00,0x00,0x40,0x02
2026-06-01T10:05:00Z,KZ-TR-001,43.259,76.941,65266,0x00,0x20,0x03,0x00
2026-06-01T10:05:00Z,KZ-TR-001,43.259,76.941,65280,0x10,0x27,0x00,0x00
2026-06-01T10:06:00Z,KZ-TR-001,43.259,76.945,65265,0x00,0x00,0x40,0x02
2026-06-01T10:06:00Z,KZ-TR-001,43.259,76.945,65266,0x00,0x20,0x03,0x00
2026-06-01T10:06:00Z,KZ-TR-001,43.259,76.945,65280,0x10,0x27,0x00,0x00
2026-06-01T10:07:00Z,KZ-TR-001,43.265,76.948,65265,0x00,0x00,0x40,0x02
2026-06-01T10:07:00Z,KZ-TR-001,43.265,76.948,65266,0x00,0x20,0x03,0x00
2026-06-01T10:07:00Z,KZ-TR-001,43.265,76.948,65280,0x10,0x27,0x00,0x00
2026-06-01T10:08:00Z,KZ-TR-001,43.255,76.950,65265,0x00,0x00,0x40,0x02
2026-06-01T10:08:00Z,KZ-TR-001,43.255,76.950,65266,0x00,0x20,0x03,0x00
2026-06-01T10:08:00Z,KZ-TR-001,43.255,76.950,65280,0x10,0x27,0x00,0x00
2026-06-01T10:09:00Z,KZ-TR-001,43.257,76.946,65265,0x00,0x00,0x40,0x02
2026-06-01T10:09:00Z,KZ-TR-001,43.257,76.946,65266,0x00,0x20,0x03,0x00
2026-06-01T10:09:00Z,KZ-TR-001,43.257,76.946,65280,0x10,0x27,0x00,0x00
2026-06-01T10:10:00Z,KZ-TR-001,43.265,76.948,65265,0x00,0x00,0x40,0x02
2026-06-01T10:10:00Z,KZ-TR-001,43.265,76.948,65266,0x00,0x20,0x03,0x00
2026-06-01T10:10:00Z,KZ-TR-001,43.265,76.948,65280,0x10,0x27,0x00,0x00
2026-06-01T10:11:00Z,KZ-TR-001,43.259,76.947,65265,0x00,0x00,0x40,0x02
2026-06-01T10:11:00Z,KZ-TR-001,43.259,76.947,65266,0x00,0x20,0x03,0x00
2026-06-01T10:11:00Z,KZ-TR-001,43.259,76.947,65280,0x10,0x27,0x00,0x00
2026-06-01T10:12:00Z,KZ-TR-001,43.262,76.942,65265,0x00,0x00,0x40,0x02
2026-06-01T10:12:00Z,KZ-TR-001,43.262,76.942,65266,0x00,0x20,0x03,0x00
2026-06-01T10:12:00Z,KZ-TR-001,43.262,76.942,65280,0x10,0x27,0x00,0x00
2026-06-01T10:13:00Z,KZ-TR-001,43.256,76.944,65265,0x00,0x00,0x40,0x02
2026-06-01T10:13:00Z,KZ-TR-001,43.256,76.944,65266,0x00,0x20,0x03,0x00
2026-06-01T10:13:00Z,KZ-TR-001,43.256,76.944,65280,0x10,0x27,0x00,0x00
2026-06-01T10:14:00Z,KZ-TR-001,43.258,76.947,65265,0x00,0x00,0x40,0x02
2026-06-01T10:14:00Z,KZ-TR-001,43.258,76.947,65266,0x00,0x20,0x03,0x00
2026-06-01T10:14:00Z,KZ-TR-001,43.258,76.947,65280,0x10,0x27,0x00,0x00
2026-06-01T10:15:00Z,KZ-TR-001,43.262,76.942,65265,0x00,0x00,0x40,0x02
2026-06-01T10:15:00Z,KZ-TR-001,43.262,76.942,65266,0x00,0x20,0x03,0x00
2026-06-01T10:15:00Z,KZ-TR-001,43.262,76.942,65280,0x10,0x27,0x00,0x00
2026-06-01T10:16:00Z,KZ-TR-001,43.265,76.944,65265,0x00,0x00,0x40,0x02
2026-06-01T10:16:00Z,KZ-TR-001,43.265,76.944,65266,0x00,0x20,0x03,0x00
2026-06-01T10:16:00Z,KZ-TR-001,43.265,76.944,65280,0x10,0x27,0x00,0x00
2026-06-01T10:17:00Z,KZ-TR-001,43.265,76.944,65265,0x00,0x00,0x40,0x02
2026-06-01T10:17:00Z,KZ-TR-001,43.265,76.944,65266,0x00,0x20,0x03,0x00
2026-06-01T10:17:00Z,KZ-TR-001,43.265,76.944,65280,0x10,0x27,0x00,0x00
2026-06-01T10:18:00Z,KZ-TR-001,43.263,76.945,65265,0x00,0x00,0x40,0x02
2026-06-01T10:18:00Z,KZ-TR-001,43.263,76.945,65266,0x00,0x20,0x03,0x00
2026-06-01T10:18:00Z,KZ-TR-001,43.263,76.945,65280,0x10,0x27,0x00,0x00
2026-06-01T10:19:00Z,KZ-TR-001,43.262,76.945,65265,0x00,0x00,0x40,0x02
2026-06-01T10:19:00Z,KZ-TR-001,43.262,76.945,65266,0x00,0x20,0x03,0x00
2026-06-01T10:19:00Z,KZ-TR-001,43.262,76.945,65280,0x10,0x27,0x00,0x00
2026-06-01T10:20:00Z,KZ-TR-001,43.263,76.943,65265,0x00,0x00,0x40,0x02
2026-06-01T10:20:00Z,KZ-TR-001,43.263,76.943,65266,0x00,0x20,0x03,0x00
2026-06-01T10:20:00Z,KZ-TR-001,43.263,76.943,65280,0x10,0x27,0x00,0x00
2026-06-01T10:21:00Z,KZ-TR-001,43.261,76.944,65265,0x00,0x00,0x40,0x02
2026-06-01T10:21:00Z,KZ-TR-001,43.261,76.944,65266,0x00,0x20,0x03,0x00
2026-06-01T10:21:00Z,KZ-TR-001,43.261,76.944,65280,0x10,0x27,0x00,0x00
2026-06-01T10:22:00Z,KZ-TR-001,43.258,76.949,65265,0x00,0x00,0x40,0x02
2026-06-01T10:22:00Z,KZ-TR-001,43.258,76.949,65266,0x00,0x20,0x03,0x00
2026-06-01T10:22:00Z,KZ-TR-001,43.258,76.949,65280,0x10,0x27,0x00,0x00
2026-06-01T10:23:00Z,KZ-TR-001,43.261,76.946,65265,0x00,0x00,0x40,0x02
2026-06-01T10:23:00Z,KZ-TR-001,43.261,76.946,65266,0x00,0x20,0x03,0x00
2026-06-01T10:23:00Z,KZ-TR-001,43.261,76.946,65280,0x10,0x27,0x00,0x00
2026-06-01T10:24:00Z,KZ-TR-001,43.256,76.942,65265,0x00,0x00,0x40,0x02
2026-06-01T10:24:00Z,KZ-TR-001,43.256,76.942,65266,0x00,0x20,0x03,0x00
2026-06-01T10:24:00Z,KZ-TR-001,43.256,76.942,65280,0x10,0x27,0x00,0x00
2026-06-01T10:25:00Z,KZ-TR-001,43.256,76.945,65265,0x00,0x00,0x40,0x02
2026-06-01T10:25:00Z,KZ-TR-001,43.256,76.945,65266,0x00,0x20,0x03,0x00
2026-06-01T10:25:00Z,KZ-TR-001,43.256,76.945,65280,0x10,0x27,0x00,0x00
2026-06-01T10:26:00Z,KZ-TR-001,43.256,76.944,65265,0x00,0x00,0x40,0x02
2026-06-01T10:26:00Z,KZ-TR-001,43.256,76.944,65266,0x00,0x20,0x03,0x00
2026-06-01T10:26:00Z,KZ-TR-001,43.256,76.944,65280,0x10,0x27,0x00,0x00
2026-06-01T10:27:00Z,KZ-TR-001,43.264,76.948,65265,0x00,0x00,0x40,0x02
2026-06-01T10:27:00Z,KZ-TR-001,43.264,76.948,65266,0x00,0x20,0x03,0x00
2026-06-01T10:27:00Z,KZ-TR-001,43.264,76.948,65280,0x10,0x27,0x00,0x00
2026-06-01T10:28:00Z,KZ-TR-001,43.256,76.943,65265,0x00,0x00,0x40,0x02
2026-06-01T10:28:00Z,KZ-TR-001,43.256,76.943,65266,0x00,0x20,0x03,0x00
2026-06-01T10:28:00Z,KZ-TR-001,43.256,76.943,65280,0x10,0x27,0x00,0x00
2026-06-01T10:29:00Z,KZ-TR-001,43.256,76.950,65265,0x00,0x00,0x40,0x02
2026-06-01T10:29:00Z,KZ-TR-001,43.256,76.950,65266,0x00,0x20,0x03,0x00
2026-06-01T10:29:00Z,KZ-TR-001,43.256,76.950,65280,0x10,0x27,0x00,0x00
2026-06-01T10:30:00Z,KZ-TR-001,43.263,76.946,65265,0x00,0x00,0x40,0x02
2026-06-01T10:30:00Z,KZ-TR-001,43.263,76.946,65266,0x00,0x20,0x03,0x00
2026-06-01T10:30:00Z,KZ-TR-001,43.263,76.946,65280,0x10,0x27,0x00,0x00
2026-06-01T10:31:00Z,KZ-TR-001,43.255,76.949,65265,0x00,0x00,0x40,0x02
2026-06-01T10:31:00Z,KZ-TR-001,43.255,76.949,65266,0x00,0x20,0x03,0x00
2026-06-01T10:31:00Z,KZ-TR-001,43.255,76.949,65280,0x10,0x27,0x00,0x00
2026-06-01T10:32:00Z,KZ-TR-001,43.263,76.941,65265,0x00,0x00,0x40,0x02
2026-06-01T10:32:00Z,KZ-TR-001,43.263,76.941,65266,0x00,0x20,0x03,0x00
2026-06-01T10:32:00Z,KZ-TR-001,43.263,76.941,65280,0x10,0x27,0x00,0x00
2026-06-01T10:33:00Z,KZ-TR-001,43.261,76.947,65265,0x00,0x00,0x40,0x02
2026-06-01T10:33:00Z,KZ-TR-001,43.261,76.947,65266,0x00,0x20,0x03,0x00
2026-06-01T10:33:00Z,KZ-TR-001,43.261,76.947,65280,0x10,0x27,0x00,0x00
2026-06-01T10:34:00Z,KZ-TR-001,43.255,76.944,65265,0x00,0x00,0x40,0x02
2026-06-01T10:34:00Z,KZ-TR-001,43.255,76.944,65266,0x00,0x20,0x03,0x00
2026-06-01T10:34:00Z,KZ-TR-001,43.255,76.944,65280,0x10,0x27,0x00,0x00
2026-06-01T10:35:00Z,KZ-TR-001,43.263,76.949,65265,0x00,0x00,0x40,0x02
2026-06-01T10:35:00Z,KZ-TR-001,43.263,76.949,65266,0x00,0x20,0x03,0x00
2026-06-01T10:35:00Z,KZ-TR-001,43.263,76.949,65280,0x10,0x27,0x00,0x00
2026-06-01T10:36:00Z,KZ-TR-001,43.257,76.943,65265,0x00,0x00,0x40,0x02
2026-06-01T10:36:00Z,KZ-TR-001,43.257,76.943,65266,0x00,0x20,0x03,0x00
2026-06-01T10:36:00Z,KZ-TR-001,43.257,76.943,65280,0x10,0x27,0x00,0x00
2026-06-01T10:37:00Z,KZ-TR-001,43.256,76.944,65265,0x00,0x00,0x40,0x02
2026-06-01T10:37:00Z,KZ-TR-001,43.256,76.944,65266,0x00,0x20,0x03,0x00
2026-06-01T10:37:00Z,KZ-TR-001,43.256,76.944,65280,0x10,0x27,0x00,0x00
2026-06-01T10:38:00Z,KZ-TR-001,43.258,76.945,65265,0x00,0x00,0x40,0x02
2026-06-01T10:38:00Z,KZ-TR-001,43.258,76.945,65266,0x00,0x20,0x03,0x00
2026-06-01T10:38:00Z,KZ-TR-001,43.258,76.945,65280,0x10,0x27,0x00,0x00
2026-06-01T10:39:00Z,KZ-TR-001,43.255,76.948,65265,0x00,0x00,0x40,0x02
2026-06-01T10:39:00Z,KZ-TR-001,43.255,76.948,65266,0x00,0x20,0x03,0x00
2026-06-01T10:39:00Z,KZ-TR-001,43.255,76.948,65280,0x10,0x27,0x00,0x00
2026-06-01T10:40:00Z,KZ-TR-001,43.257,76.942,65265,0x00,0x00,0x40,0x02
2026-06-01T10:40:00Z,KZ-TR-001,43.257,76.942,65266,0x00,0x20,0x03,0x00
2026-06-01T10:40:00Z,KZ-TR-001,43.257,76.942,65280,0x10,0x27,0x00,0x00
2026-06-01T10:41:00Z,KZ-TR-001,43.259,76.940,65265,0x00,0x00,0x40,0x02
2026-06-01T10:41:00Z,KZ-TR-001,43.259,76.940,65266,0x00,0x20,0x03,0x00
2026-06-01T10:41:00Z,KZ-TR-001,43.259,76.940,65280,0x10,0x27,0x00,0x00
2026-06-01T10:42:00Z,KZ-TR-001,43.264,76.948,65265,0x00,0x00,0x40,0x02
2026-06-01T10:42:00Z,KZ-TR-001,43.264,76.948,65266,0x00,0x20,0x03,0x00
2026-06-01T10:42:00Z,KZ-TR-001,43.264,76.948,65280,0x10,0x27,0x00,0x00
2026-06-01T10:43:00Z,KZ-TR-001,43.258,76.947,65265,0x00,0x00,0x40,0x02
2026-06-01T10:43:00Z,KZ-TR-001,43.258,76.947,65266,0x00,0x20,0x03,0x00
2026-06-01T10:43:00Z,KZ-TR-001,43.258,76.947,65280,0x10,0x27,0x00,0x00
2026-06-01T10:44:00Z,KZ-TR-001,43.263,76.945,65265,0x00,0x00,0x40,0x02
2026-06-01T10:44:00Z,KZ-TR-001,43.263,76.945,65266,0x00,0x20,0x03,0x00
2026-06-01T10:44:00Z,KZ-TR-001,43.263,76.945,65280,0x10,0x27,0x00,0x00
2026-06-01T10:45:00Z,KZ-TR-001,43.259,76.943,65265,0x00,0x00,0x40,0x02
2026-06-01T10:45:00Z,KZ-TR-001,43.259,76.943,65266,0x00,0x20,0x03,0x00
2026-06-01T10:45:00Z,KZ-TR-001,43.259,76.943,65280,0x10,0x27,0x00,0x00
2026-06-01T10:46:00Z,KZ-TR-001,43.256,76.944,65265,0x00,0x00,0x40,0x02
2026-06-01T10:46:00Z,KZ-TR-001,43.256,76.944,65266,0x00,0x20,0x03,0x00
2026-06-01T10:46:00Z,KZ-TR-001,43.256,76.944,65280,0x10,0x27,0x00,0x00
2026-06-01T10:47:00Z,KZ-TR-001,43.257,76.943,65265,0x00,0x00,0x40,0x02
2026-06-01T10:47:00Z,KZ-TR-001,43.257,76.943,65266,0x00,0x20,0x03,0x00
2026-06-01T10:47:00Z,KZ-TR-001,43.257,76.943,65280,0x10,0x27,0x00,0x00
2026-06-01T10:48:00Z,KZ-TR-001,43.257,76.940,65265,0x00,0x00,0x40,0x02
2026-06-01T10:48:00Z,KZ-TR-001,43.257,76.940,65266,0x00,0x20,0x03,0x00
2026-06-01T10:48:00Z,KZ-TR-001,43.257,76.940,65280,0x10,0x27,0x00,0x00
2026-06-01T10:49:00Z,KZ-TR-001,43.262,76.941,65265,0x00,0x00,0x40,0x02
2026-06-01T10:49:00Z,KZ-TR-001,43.262,76.941,65266,0x00,0x20,0x03,0x00
2026-06-01T10:49:00Z,KZ-TR-001,43.262,76.941,65280,0x10,0x27,0x00,0x00
2026-06-01T10:50:00Z,KZ-TR-001,43.261,76.942,65265,0x00,0x00,0x40,0x02
2026-06-01T10:50:00Z,KZ-TR-001,43.261,76.942,65266,0x00,0x20,0x03,0x00
2026-06-01T10:50:00Z,KZ-TR-001,43.261,76.942,65280,0x10,0x27,0x00,0x00
2026-06-01T10:51:00Z,KZ-TR-001,43.264,76.944,65265,0x00,0x00,0x40,0x02
2026-06-01T10:51:00Z,KZ-TR-001,43.264,76.944,65266,0x00,0x20,0x03,0x00
2026-06-01T10:51:00Z,KZ-TR-001,43.264,76.944,65280,0x10,0x27,0x00,0x00
2026-06-01T10:52:00Z,KZ-TR-001,43.262,76.942,65265,0x00,0x00,0x40,0x02
2026-06-01T10:52:00Z,KZ-TR-001,43.262,76.942,65266,0x00,0x20,0x03,0x00
2026-06-01T10:52:00Z,KZ-TR-001,43.262,76.942,65280,0x10,0x27,0x00,0x00
2026-06-01T10:53:00Z,KZ-TR-001,43.263,76.948,65265,0x00,0x00,0x40,0x02
2026-06-01T10:53:00Z,KZ-TR-001,43.263,76.948,65266,0x00,0x20,0x03,0x00
2026-06-01T10:53:00Z,KZ-TR-001,43.263,76.948,65280,0x10,0x27,0x00,0x00
2026-06-01T10:54:00Z,KZ-TR-001,43.258,76.945,65265,0x00,0x00,0x40,0x02
2026-06-01T10:54:00Z,KZ-TR-001,43.258,76.945,65266,0x00,0x20,0x03,0x00
2026-06-01T10:54:00Z,KZ-TR-001,43.258,76.945,65280,0x10,0x27,0x00,0x00
2026-06-01T10:55:00Z,KZ-TR-001,43.260,76.941,65265,0x00,0x00,0x40,0x02
2026-06-01T10:55:00Z,KZ-TR-001,43.260,76.941,65266,0x00,0x20,0x03,0x00
2026-06-01T10:55:00Z,KZ-TR-001,43.260,76.941,65280,0x10,0x27,0x00,0x00
2026-06-01T10:56:00Z,KZ-TR-001,43.257,76.945,65265,0x00,0x00,0x40,0x02
2026-06-01T10:56:00Z,KZ-TR-001,43.257,76.945,65266,0x00,0x20,0x03,0x00
2026-06-01T10:56:00Z,KZ-TR-001,43.257,76.945,65280,0x10,0x27,0x00,0x00
2026-06-01T10:57:00Z,KZ-TR-001,43.260,76.948,65265,0x00,0x00,0x40,0x02
2026-06-01T10:57:00Z,KZ-TR-001,43.260,76.948,65266,0x00,0x20,0x03,0x00
2026-06-01T10:57:00Z,KZ-TR-001,43.260,76.948,65280,0x10,0x27,0x00,0x00
2026-06-01T10:58:00Z,KZ-TR-001,43.258,76.941,65265,0x00,0x00,0x40,0x02
2026-06-01T10:58:00Z,KZ-TR-001,43.258,76.941,65266,0x00,0x20,0x03,0x00
2026-06-01T10:58:00Z,KZ-TR-001,43.258,76.941,65280,0x10,0x27,0x00,0x00
2026-06-01T10:59:00Z,KZ-TR-001,43.263,76.946,65265,0x00,0x00,0x40,0x02
2026-06-01T10:59:00Z,KZ-TR-001,43.263,76.946,65266,0x00,0x20,0x03,0x00
2026-06-01T10:59:00Z,KZ-TR-001,43.263,76.946,65280,0x10,0x27,0x00,0x00
2026-06-01T11:00:00Z,KZ-TR-001,43.257,76.942,65265,0x00,0x00,0x40,0x02
2026-06-01T11:00:00Z,KZ-TR-001,43.257,76.942,65266,0x00,0x20,0x03,0x00
2026-06-01T11:00:00Z,KZ-TR-001,43.257,76.942,65280,0x10,0x27,0x00,0x00
2026-06-01T11:01:00Z,KZ-TR-001,43.257,76.941,65265,0x00,0x00,0x40,0x02
2026-06-01T11:01:00Z,KZ-TR-001,43.257,76.941,65266,0x00,0x20,0x03,0x00
2026-06-01T11:01:00Z,KZ-TR-001,43.257,76.941,65280,0x10,0x27,0x00,0x00
2026-06-01T11:02:00Z,KZ-TR-001,43.265,76.942,65265,0x00,0x00,0x40,0x02
2026-06-01T11:02:00Z,KZ-TR-001,43.265,76.942,65266,0x00,0x20,0x03,0x00
2026-06-01T11:02:00Z,KZ-TR-001,43.265,76.942,65280,0x10,0x27,0x00,0x00
2026-06-01T11:03:00Z,KZ-TR-001,43.260,76.947,65265,0x00,0x00,0x40,0x02
2026-06-01T11:03:00Z,KZ-TR-001,43.260,76.947,65266,0x00,0x20,0x03,0x00
2026-06-01T11:03:00Z,KZ-TR-001,43.260,76.947,65280,0x10,0x27,0x00,0x00
2026-06-01T11:04:00Z,KZ-TR-001,43.256,76.941,65265,0x00,0x00,0x40,0x02
2026-06-01T11:04:00Z,KZ-TR-001,43.256,76.941,65266,0x00,0x20,0x03,0x00
2026-06-01T11:04:00Z,KZ-TR-001,43.256,76.941,65280,0x10,0x27,0x00,0x00
2026-06-01T11:05:00Z,KZ-TR-001,43.263,76.941,65265,0x00,0x00,0x40,0x02
2026-06-01T11:05:00Z,KZ-TR-001,43.263,76.941,65266,0x00,0x20,0x03,0x00
2026-06-01T11:05:00Z,KZ-TR-001,43.263,76.941,65280,0x10,0x27,0x00,0x00
2026-06-01T11:06:00Z,KZ-TR-001,43.262,76.945,65265,0x00,0x00,0x40,0x02
2026-06-01T11:06:00Z,KZ-TR-001,43.262,76.945,65266,0x00,0x20,0x03,0x00
2026-06-01T11:06:00Z,KZ-TR-001,43.262,76.945,65280,0x10,0x27,0x00,0x00
2026-06-01T11:07:00Z,KZ-TR-001,43.260,76.942,65265,0x00,0x00,0x40,0x02
2026-06-01T11:07:00Z,KZ-TR-001,43.260,76.942,65266,0x00,0x20,0x03,0x00
2026-06-01T11:07:00Z,KZ-TR-001,43.260,76.942,65280,0x10,0x27,0x00,0x00
2026-06-01T11:08:00Z,KZ-TR-001,43.263,76.948,65265,0x00,0x00,0x40,0x02
2026-06-01T11:08:00Z,KZ-TR-001,43.263,76.948,65266,0x00,0x20,0x03,0x00
2026-06-01T11:08:00Z,KZ-TR-001,43.263,76.948,65280,0x10,0x27,0x00,0x00
2026-06-01T11:09:00Z,KZ-TR-001,43.255,76.947,65265,0x00,0x00,0x40,0x02
2026-06-01T11:09:00Z,KZ-TR-001,43.255,76.947,65266,0x00,0x20,0x03,0x00
2026-06-01T11:09:00Z,KZ-TR-001,43.255,76.947,65280,0x10,0x27,0x00,0x00
2026-06-01T11:10:00Z,KZ-TR-001,43.256,76.946,65265,0x00,0x00,0x40,0x02
2026-06-01T11:10:00Z,KZ-TR-001,43.256,76.946,65266,0x00,0x20,0x03,0x00
2026-06-01T11:10:00Z,KZ-TR-001,43.256,76.946,65280,0x10,0x27,0x00,0x00
2026-06-01T11:11:00Z,KZ-TR-001,43.265,76.949,65265,0x00,0x00,0x40,0x02
2026-06-01T11:11:00Z,KZ-TR-001,43.265,76.949,65266,0x00,0x20,0x03,0x00
2026-06-01T11:11:00Z,KZ-TR-001,43.265,76.949,65280,0x10,0x27,0x00,0x00
2026-06-01T11:12:00Z,KZ-TR-001,43.258,76.941,65265,0x00,0x00,0x40,0x02
2026-06-01T11:12:00Z,KZ-TR-001,43.258,76.941,65266,0x00,0x20,0x03,0x00
2026-06-01T11:12:00Z,KZ-TR-001,43.258,76.941,65280,0x10,0x27,0x00,0x00
2026-06-01T11:13:00Z,KZ-TR-001,43.265,76.946,65265,0x00,0x00,0x40,0x02
2026-06-01T11:13:00Z,KZ-TR-001,43.265,76.946,65266,0x00,0x20,0x03,0x00
2026-06-01T11:13:00Z,KZ-TR-001,43.265,76.946,65280,0x10,0x27,0x00,0x00
2026-06-01T11:14:00Z,KZ-TR-001,43.262,76.947,65265,0x00,0x00,0x40,0x02
2026-06-01T11:14:00Z,KZ-TR-001,43.262,76.947,65266,0x00,0x20,0x03,0x00
2026-06-01T11:14:00Z,KZ-TR-001,43.262,76.947,65280,0x10,0x27,0x00,0x00
2026-06-01T11:15:00Z,KZ-TR-001,43.258,76.947,65265,0x00,0x00,0x40,0x02
2026-06-01T11:15:00Z,KZ-TR-001,43.258,76.947,65266,0x00,0x20,0x03,0x00
2026-06-01T11:15:00Z,KZ-TR-001,43.258,76.947,65280,0x10,0x27,0x00,0x00
2026-06-01T11:16:00Z,KZ-TR-001,43.256,76.942,65265,0x00,0x00,0x40,0x02
2026-06-01T11:16:00Z,KZ-TR-001,43.256,76.942,65266,0x00,0x20,0x03,0x00
2026-06-01T11:16:00Z,KZ-TR-001,43.256,76.942,65280,0x10,0x27,0x00,0x00
2026-06-01T11:17:00Z,KZ-TR-001,43.262,76.947,65265,0x00,0x00,0x40,0x02
2026-06-01T11:17:00Z,KZ-TR-001,43.262,76.947,65266,0x00,0x20,0x03,0x00
2026-06-01T11:17:00Z,KZ-TR-001,43.262,76.947,65280,0x10,0x27,0x00,0x00
2026-06-01T11:18:00Z,KZ-TR-001,43.265,76.945,65265,0x00,0x00,0x40,0x02
2026-06-01T11:18:00Z,KZ-TR-001,43.265,76.945,65266,0x00,0x20,0x03,0x00
2026-06-01T11:18:00Z,KZ-TR-001,43.265,76.945,65280,0x10,0x27,0x00,0x00
2026-06-01T11:19:00Z,KZ-TR-001,43.258,76.944,65265,0x00,0x00,0x40,0x02
2026-06-01T11:19:00Z,KZ-TR-001,43.258,76.944,65266,0x00,0x20,0x03,0x00
2026-06-01T11:19:00Z,KZ-TR-001,43.258,76.944,65280,0x10,0x27,0x00,0x00
2026-06-01T11:20:00Z,KZ-TR-001,43.265,76.947,65265,0x00,0x00,0x40,0x02
2026-06-01T11:20:00Z,KZ-TR-001,43.265,76.947,65266,0x00,0x20,0x03,0x00
2026-06-01T11:20:00Z,KZ-TR-001,43.265,76.947,65280,0x10,0x27,0x00,0x00
2026-06-01T11:21:00Z,KZ-TR-001,43.259,76.946,65265,0x00,0x00,0x40,0x02
2026-06-01T11:21:00Z,KZ-TR-001,43.259,76.946,65266,0x00,0x20,0x03,0x00
2026-06-01T11:21:00Z,KZ-TR-001,43.259,76.946,65280,0x10,0x27,0x00,0x00
2026-06-01T11:22:00Z,KZ-TR-001,43.258,76.947,65265,0x00,0x00,0x40,0x02
2026-06-01T11:22:00Z,KZ-TR-001,43.258,76.947,65266,0x00,0x20,0x03,0x00
2026-06-01T11:22:00Z,KZ-TR-001,43.258,76.947,65280,0x10,0x27,0x00,0x00
2026-06-01T11:23:00Z,KZ-TR-001,43.263,76.949,65265,0x00,0x00,0x40,0x02
2026-06-01T11:23:00Z,KZ-TR-001,43.263,76.949,65266,0x00,0x20,0x03,0x00
2026-06-01T11:23:00Z,KZ-TR-001,43.263,76.949,65280,0x10,0x27,0x00,0x00
2026-06-01T11:24:00Z,KZ-TR-001,43.259,76.946,65265,0x00,0x00,0x40,0x02
2026-06-01T11:24:00Z,KZ-TR-001,43.259,76.946,65266,0x00,0x20,0x03,0x00
2026-06-01T11:24:00Z,KZ-TR-001,43.259,76.946,65280,0x10,0x27,0x00,0x00
2026-06-01T11:25:00Z,KZ-TR-001,43.257,76.941,65265,0x00,0x00,0x40,0x02
2026-06-01T11:25:00Z,KZ-TR-001,43.257,76.941,65266,0x00,0x20,0x03,0x00
2026-06-01T11:25:00Z,KZ-TR-001,43.257,76.941,65280,0x10,0x27,0x00,0x00
2026-06-01T11:26:00Z,KZ-TR-001,43.264,76.950,65265,0x00,0x00,0x40,0x02
2026-06-01T11:26:00Z,KZ-TR-001,43.264,76.950,65266,0x00,0x20,0x03,0x00
2026-06-01T11:26:00Z,KZ-TR-001,43.264,76.950,65280,0x10,0x27,0x00,0x00
2026-06-01T11:27:00Z,KZ-TR-001,43.258,76.942,65265,0x00,0x00,0x40,0x02
2026-06-01T11:27:00Z,KZ-TR-001,43.258,76.942,65266,0x00,0x20,0x03,0x00
2026-06-01T11:27:00Z,KZ-TR-001,43.258,76.942,65280,0x10,0x27,0x00,0x00
2026-06-01T11:28:00Z,KZ-TR-001,43.263,76.940,65265,0x00,0x00,0x40,0x02
2026-06-01T11:28:00Z,KZ-TR-001,43.263,76.940,65266,0x00,0x20,0x03,0x00
2026-06-01T11:28:00Z,KZ-TR-001,43.263,76.940,65280,0x10,0x27,0x00,0x00
2026-06-01T11:29:00Z,KZ-TR-001,43.260,76.947,65265,0x00,0x00,0x40,0x02
2026-06-01T11:29:00Z,KZ-TR-001,43.260,76.947,65266,0x00,0x20,0x03,0x00
2026-06-01T11:29:00Z,KZ-TR-001,43.260,76.947,65280,0x10,0x27,0x00,0x00
2026-06-01T11:30:00Z,KZ-TR-001,43.259,76.948,65265,0x00,0x00,0x40,0x02
2026-06-01T11:30:00Z,KZ-TR-001,43.259,76.948,65266,0x00,0x20,0x03,0x00
2026-06-01T11:30:00Z,KZ-TR-001,43.259,76.948,65280,0x10,0x27,0x00,0x00
2026-06-01T11:31:00Z,KZ-TR-001,43.261,76.947,65265,0x00,0x00,0x40,0x02
2026-06-01T11:31:00Z,KZ-TR-001,43.261,76.947,65266,0x00,0x20,0x03,0x00
2026-06-01T11:31:00Z,KZ-TR-001,43.261,76.947,65280,0x10,0x27,0x00,0x00
2026-06-01T11:32:00Z,KZ-TR-001,43.261,76.942,65265,0x00,0x00,0x40,0x02
2026-06-01T11:32:00Z,KZ-TR-001,43.261,76.942,65266,0x00,0x20,0x03,0x00
2026-06-01T11:32:00Z,KZ-TR-001,43.261,76.942,65280,0x10,0x27,0x00,0x00
2026-06-01T11:33:00Z,KZ-TR-001,43.263,76.948,65265,0x00,0x00,0x40,0x02
2026-06-01T11:33:00Z,KZ-TR-001,43.263,76.948,65266,0x00,0x20,0x03,0x00
2026-06-01T11:33:00Z,KZ-TR-001,43.263,76.948,65280,0x10,0x27,0x00,0x00
2026-06-01T11:34:00Z,KZ-TR-001,43.262,76.947,65265,0x00,0x00,0x40,0x02
2026-06-01T11:34:00Z,KZ-TR-001,43.262,76.947,65266,0x00,0x20,0x03,0x00
2026-06-01T11:34:00Z,KZ-TR-001,43.262,76.947,65280,0x10,0x27,0x00,0x00
2026-06-01T11:35:00Z,KZ-TR-001,43.257,76.944,65265,0x00,0x00,0x40,0x02
2026-06-01T11:35:00Z,KZ-TR-001,43.257,76.944,65266,0x00,0x20,0x03,0x00
2026-06-01T11:35:00Z,KZ-TR-001,43.257,76.944,65280,0x10,0x27,0x00,0x00
2026-06-01T11:36:00Z,KZ-TR-001,43.258,76.949,65265,0x00,0x00,0x40,0x02
2026-06-01T11:36:00Z,KZ-TR-001,43.258,76.949,65266,0x00,0x20,0x03,0x00
2026-06-01T11:36:00Z,KZ-TR-001,43.258,76.949,65280,0x10,0x27,0x00,0x00
2026-06-01T11:37:00Z,KZ-TR-001,43.262,76.947,65265,0x00,0x00,0x40,0x02
2026-06-01T11:37:00Z,KZ-TR-001,43.262,76.947,65266,0x00,0x20,0x03,0x00
2026-06-01T11:37:00Z,KZ-TR-001,43.262,76.947,65280,0x10,0x27,0x00,0x00
2026-06-01T11:38:00Z,KZ-TR-001,43.261,76.948,65265,0x00,0x00,0x40,0x02
2026-06-01T11:38:00Z,KZ-TR-001,43.261,76.948,65266,0x00,0x20,0x03,0x00
2026-06-01T11:38:00Z,KZ-TR-001,43.261,76.948,65280,0x10,0x27,0x00,0x00
2026-06-01T11:39:00Z,KZ-TR-001,43.256,76.942,65265,0x00,0x00,0x40,0x02
2026-06-01T11:39:00Z,KZ-TR-001,43.256,76.942,65266,0x00,0x20,0x03,0x00
2026-06-01T11:39:00Z,KZ-TR-001,43.256,76.942,65280,0x10,0x27,0x00,0x00
2026-06-01T11:40:00Z,KZ-TR-001,43.256,76.946,65265,0x00,0x00,0x40,0x02
2026-06-01T11:40:00Z,KZ-TR-001,43.256,76.946,65266,0x00,0x20,0x03,0x00
2026-06-01T11:40:00Z,KZ-TR-001,43.256,76.946,65280,0x10,0x27,0x00,0x00
2026-06-01T11:41:00Z,KZ-TR-001,43.261,76.943,65265,0x00,0x00,0x40,0x02
2026-06-01T11:41:00Z,KZ-TR-001,43.261,76.943,65266,0x00,0x20,0x03,0x00
2026-06-01T11:41:00Z,KZ-TR-001,43.261,76.943,65280,0x10,0x27,0x00,0x00
2026-06-01T11:42:00Z,KZ-TR-001,43.256,76.946,65265,0x00,0x00,0x40,0x02
2026-06-01T11:42:00Z,KZ-TR-001,43.256,76.946,65266,0x00,0x20,0x03,0x00
2026-06-01T11:42:00Z,KZ-TR-001,43.256,76.946,65280,0x10,0x27,0x00,0x00
2026-06-01T11:43:00Z,KZ-TR-001,43.256,76.940,65265,0x00,0x00,0x40,0x02
2026-06-01T11:43:00Z,KZ-TR-001,43.256,76.940,65266,0x00,0x20,0x03,0x00
2026-06-01T11:43:00Z,KZ-TR-001,43.256,76.940,65280,0x10,0x27,0x00,0x00
2026-06-01T11:44:00Z,KZ-TR-001,43.258,76.945,65265,0x00,0x00,0x40,0x02
2026-06-01T11:44:00Z,KZ-TR-001,43.258,76.945,65266,0x00,0x20,0x03,0x00
2026-06-01T11:44:00Z,KZ-TR-001,43.258,76.945,65280,0x10,0x27,0x00,0x00
2026-06-01T11:45:00Z,KZ-TR-001,43.261,76.943,65265,0x00,0x00,0x40,0x02
2026-06-01T11:45:00Z,KZ-TR-001,43.261,76.943,65266,0x00,0x20,0x03,0x00
2026-06-01T11:45:00Z,KZ-TR-001,43.261,76.943,65280,0x10,0x27,0x00,0x00
2026-06-01T11:46:00Z,KZ-TR-001,43.261,76.946,65265,0x00,0x00,0x40,0x02
2026-06-01T11:46:00Z,KZ-TR-001,43.261,76.946,65266,0x00,0x20,0x03,0x00
2026-06-01T11:46:00Z,KZ-TR-001,43.261,76.946,65280,0x10,0x27,0x00,0x00
2026-06-01T11:47:00Z,KZ-TR-001,43.263,76.945,65265,0x00,0x00,0x40,0x02
2026-06-01T11:47:00Z,KZ-TR-001,43.263,76.945,65266,0x00,0x20,0x03,0x00
2026-06-01T11:47:00Z,KZ-TR-001,43.263,76.945,65280,0x10,0x27,0x00,0x00
2026-06-01T11:48:00Z,KZ-TR-001,43.257,76.941,65265,0x00,0x00,0x40,0x02
2026-06-01T11:48:00Z,KZ-TR-001,43.257,76.941,65266,0x00,0x20,0x03,0x00
2026-06-01T11:48:00Z,KZ-TR-001,43.257,76.941,65280,0x10,0x27,0x00,0x00
2026-06-01T11:49:00Z,KZ-TR-001,43.255,76.944,65265,0x00,0x00,0x40,0x02
2026-06-01T11:49:00Z,KZ-TR-001,43.255,76.944,65266,0x00,0x20,0x03,0x00
2026-06-01T11:49:00Z,KZ-TR-001,43.255,76.944,65280,0x10,0x27,0x00,0x00
2026-06-01T11:50:00Z,KZ-TR-001,43.258,76.950,65265,0x00,0x00,0x40,0x02
2026-06-01T11:50:00Z,KZ-TR-001,43.258,76.950,65266,0x00,0x20,0x03,0x00
2026-06-01T11:50:00Z,KZ-TR-001,43.258,76.950,65280,0x10,0x27,0x00,0x00
2026-06-01T11:51:00Z,KZ-TR-001,43.258,76.950,65265,0x00,0x00,0x40,0x02
2026-06-01T11:51:00Z,KZ-TR-001,43.258,76.950,65266,0x00,0x20,0x03,0x00
2026-06-01T11:51:00Z,KZ-TR-001,43.258,76.950,65280,0x10,0x27,0x00,0x00
2026-06-01T11:52:00Z,KZ-TR-001,43.262,76.947,65265,0x00,0x00,0x40,0x02
2026-06-01T11:52:00Z,KZ-TR-001,43.262,76.947,65266,0x00,0x20,0x03,0x00
2026-06-01T11:52:00Z,KZ-TR-001,43.262,76.947,65280,0x10,0x27,0x00,0x00
2026-06-01T11:53:00Z,KZ-TR-001,43.261,76.950,65265,0x00,0x00,0x40,0x02
2026-06-01T11:53:00Z,KZ-TR-001,43.261,76.950,65266,0x00,0x20,0x03,0x00
2026-06-01T11:53:00Z,KZ-TR-001,43.261,76.950,65280,0x10,0x27,0x00,0x00
2026-06-01T11:54:00Z,KZ-TR-001,43.259,76.948,65265,0x00,0x00,0x40,0x02
2026-06-01T11:54:00Z,KZ-TR-001,43.259,76.948,65266,0x00,0x20,0x03,0x00
2026-06-01T11:54:00Z,KZ-TR-001,43.259,76.948,65280,0x10,0x27,0x00,0x00
2026-06-01T11:55:00Z,KZ-TR-001,43.264,76.947,65265,0x00,0x00,0x40,0x02
2026-06-01T11:55:00Z,KZ-TR-001,43.264,76.947,65266,0x00,0x20,0x03,0x00
2026-06-01T11:55:00Z,KZ-TR-001,43.264,76.947,65280,0x10,0x27,0x00,0x00
2026-06-01T11:56:00Z,KZ-TR-001,43.259,76.949,65265,0x00,0x00,0x40,0x02
2026-06-01T11:56:00Z,KZ-TR-001,43.259,76.949,65266,0x00,0x20,0x03,0x00
2026-06-01T11:56:00Z,KZ-TR-001,43.259,76.949,65280,0x10,0x27,0x00,0x00
2026-06-01T11:57:00Z,KZ-TR-001,43.257,76.948,65265,0x00,0x00,0x40,0x02
2026-06-01T11:57:00Z,KZ-TR-001,43.257,76.948,65266,0x00,0x20,0x03,0x00
2026-06-01T11:57:00Z,KZ-TR-001,43.257,76.948,65280,0x10,0x27,0x00,0x00
2026-06-01T11:58:00Z,KZ-TR-001,43.259,76.949,65265,0x00,0x00,0x40,0x02
2026-06-01T11:58:00Z,KZ-TR-001,43.259,76.949,65266,0x00,0x20,0x03,0x00
2026-06-01T11:58:00Z,KZ-TR-001,43.259,76.949,65280,0x10,0x27,0x00,0x00
2026-06-01T11:59:00Z,KZ-TR-001,43.263,76.946,65265,0x00,0x00,0x40,0x02
2026-06-01T11:59:00Z,KZ-TR-001,43.263,76.946,65266,0x00,0x20,0x03,0x00
2026-06-01T11:59:00Z,KZ-TR-001,43.263,76.946,65280,0x10,0x27,0x00,0x00
2026-06-01T12:00:00Z,KZ-TR-001,43.258,76.948,65265,0x00,0x00,0x40,0x02
2026-06-01T12:00:00Z,KZ-TR-001,43.258,76.948,65266,0x00,0x20,0x03,0x00
2026-06-01T12:00:00Z,KZ-TR-001,43.258,76.948,65280,0x10,0x27,0x00,0x00
2026-06-01T12:01:00Z,KZ-TR-001,43.261,76.949,65265,0x00,0x00,0x40,0x02
2026-06-01T12:01:00Z,KZ-TR-001,43.261,76.949,65266,0x00,0x20,0x03,0x00
2026-06-01T12:01:00Z,KZ-TR-001,43.261,76.949,65280,0x10,0x27,0x00,0x00
2026-06-01T12:02:00Z,KZ-TR-001,43.257,76.944,65265,0x00,0x00,0x40,0x02
2026-06-01T12:02:00Z,KZ-TR-001,43.257,76.944,65266,0x00,0x20,0x03,0x00
2026-06-01T12:02:00Z,KZ-TR-001,43.257,76.944,65280,0x10,0x27,0x00,0x00
2026-06-01T12:03:00Z,KZ-TR-001,43.260,76.946,65265,0x00,0x00,0x40,0x02
2026-06-01T12:03:00Z,KZ-TR-001,43.260,76.946,65266,0x00,0x20,0x03,0x00
2026-06-01T12:03:00Z,KZ-TR-001,43.260,76.946,65280,0x10,0x27,0x00,0x00
2026-06-01T12:04:00Z,KZ-TR-001,43.259,76.950,65265,0x00,0x00,0x40,0x02
2026-06-01T12:04:00Z,KZ-TR-001,43.259,76.950,65266,0x00,0x20,0x03,0x00
2026-06-01T12:04:00Z,KZ-TR-001,43.259,76.950,65280,0x10,0x27,0x00,0x00
2026-06-01T12:05:00Z,KZ-TR-001,43.263,76.942,65265,0x00,0x00,0x40,0x02
2026-06-01T12:05:00Z,KZ-TR-001,43.263,76.942,65266,0x00,0x20,0x03,0x00
2026-06-01T12:05:00Z,KZ-TR-001,43.263,76.942,65280,0x10,0x27,0x00,0x00
2026-06-01T12:06:00Z,KZ-TR-001,43.259,76.942,65265,0x00,0x00,0x40,0x02
2026-06-01T12:06:00Z,KZ-TR-001,43.259,76.942,65266,0x00,0x20,0x03,0x00
2026-06-01T12:06:00Z,KZ-TR-001,43.259,76.942,65280,0x10,0x27,0x00,0x00
2026-06-01T12:07:00Z,KZ-TR-001,43.264,76.947,65265,0x00,0x00,0x40,0x02
2026-06-01T12:07:00Z,KZ-TR-001,43.264,76.947,65266,0x00,0x20,0x03,0x00
2026-06-01T12:07:00Z,KZ-TR-001,43.264,76.947,65280,0x10,0x27,0x00,0x00
2026-06-01T12:08:00Z,KZ-TR-001,43.259,76.944,65265,0x00,0x00,0x40,0x02
2026-06-01T12:08:00Z,KZ-TR-001,43.259,76.944,65266,0x00,0x20,0x03,0x00
2026-06-01T12:08:00Z,KZ-TR-001,43.259,76.944,65280,0x10,0x27,0x00,0x00
2026-06-01T12:09:00Z,KZ-TR-001,43.260,76.945,65265,0x00,0x00,0x40,0x02
2026-06-01T12:09:00Z,KZ-TR-001,43.260,76.945,65266,0x00,0x20,0x03,0x00
2026-06-01T12:09:00Z,KZ-TR-001,43.260,76.945,65280,0x10,0x27,0x00,0x00
2026-06-01T12:10:00Z,KZ-TR-001,43.259,76.941,65265,0x00,0x00,0x40,0x02
2026-06-01T12:10:00Z,KZ-TR-001,43.259,76.941,65266,0x00,0x20,0x03,0x00
2026-06-01T12:10:00Z,KZ-TR-001,43.259,76.941,65280,0x10,0x27,0x00,0x00
2026-06-01T12:11:00Z,KZ-TR-001,43.263,76.948,65265,0x00,0x00,0x40,0x02
2026-06-01T12:11:00Z,KZ-TR-001,43.263,76.948,65266,0x00,0x20,0x03,0x00
2026-06-01T12:11:00Z,KZ-TR-001,43.263,76.948,65280,0x10,0x27,0x00,0x00
2026-06-01T12:12:00Z,KZ-TR-001,43.261,76.944,65265,0x00,0x00,0x40,0x02
2026-06-01T12:12:00Z,KZ-TR-001,43.261,76.944,65266,0x00,0x20,0x03,0x00
2026-06-01T12:12:00Z,KZ-TR-001,43.261,76.944,65280,0x10,0x27,0x00,0x00
2026-06-01T12:13:00Z,KZ-TR-001,43.256,76.945,65265,0x00,0x00,0x40,0x02
2026-06-01T12:13:00Z,KZ-TR-001,43.256,76.945,65266,0x00,0x20,0x03,0x00
2026-06-01T12:13:00Z,KZ-TR-001,43.256,76.945,65280,0x10,0x27,0x00,0x00
2026-06-01T12:14:00Z,KZ-TR-001,43.256,76.949,65265,0x00,0x00,0x40,0x02
2026-06-01T12:14:00Z,KZ-TR-001,43.256,76.949,65266,0x00,0x20,0x03,0x00
2026-06-01T12:14:00Z,KZ-TR-001,43.256,76.949,65280,0x10,0x27,0x00,0x00
2026-06-01T12:15:00Z,KZ-TR-001,43.264,76.941,65265,0x00,0x00,0x40,0x02
2026-06-01T12:15:00Z,KZ-TR-001,43.264,76.941,65266,0x00,0x20,0x03,0x00
2026-06-01T12:15:00Z,KZ-TR-001,43.264,76.941,65280,0x10,0x27,0x00,0x00
2026-06-01T12:16:00Z,KZ-TR-001,43.260,76.945,65265,0x00,0x00,0x40,0x02
2026-06-01T12:16:00Z,KZ-TR-001,43.260,76.945,65266,0x00,0x20,0x03,0x00
2026-06-01T12:16:00Z,KZ-TR-001,43.260,76.945,65280,0x10,0x27,0x00,0x00
2026-06-01T12:17:00Z,KZ-TR-001,43.260,76.946,65265,0x00,0x00,0x40,0x02
2026-06-01T12:17:00Z,KZ-TR-001,43.260,76.946,65266,0x00,0x20,0x03,0x00
2026-06-01T12:17:00Z,KZ-TR-001,43.260,76.946,65280,0x10,0x27,0x00,0x00
2026-06-01T12:18:00Z,KZ-TR-001,43.257,76.942,65265,0x00,0x00,0x40,0x02
2026-06-01T12:18:00Z,KZ-TR-001,43.257,76.942,65266,0x00,0x20,0x03,0x00
2026-06-01T12:18:00Z,KZ-TR-001,43.257,76.942,65280,0x10,0x27,0x00,0x00
2026-06-01T12:19:00Z,KZ-TR-001,43.261,76.948,65265,0x00,0x00,0x40,0x02
2026-06-01T12:19:00Z,KZ-TR-001,43.261,76.948,65266,0x00,0x20,0x03,0x00
2026-06-01T12:19:00Z,KZ-TR-001,43.261,76.948,65280,0x10,0x27,0x00,0x00
2026-06-01T12:20:00Z,KZ-TR-001,43.259,76.945,65265,0x00,0x00,0x40,0x02
2026-06-01T12:20:00Z,KZ-TR-001,43.259,76.945,65266,0x00,0x20,0x03,0x00
2026-06-01T12:20:00Z,KZ-TR-001,43.259,76.945,65280,0x10,0x27,0x00,0x00
2026-06-01T12:21:00Z,KZ-TR-001,43.257,76.941,65265,0x00,0x00,0x40,0x02
2026-06-01T12:21:00Z,KZ-TR-001,43.257,76.941,65266,0x00,0x20,0x03,0x00
2026-06-01T12:21:00Z,KZ-TR-001,43.257,76.941,65280,0x10,0x27,0x00,0x00
2026-06-01T12:22:00Z,KZ-TR-001,43.259,76.942,65265,0x00,0x00,0x40,0x02
2026-06-01T12:22:00Z,KZ-TR-001,43.259,76.942,65266,0x00,0x20,0x03,0x00
2026-06-01T12:22:00Z,KZ-TR-001,43.259,76.942,65280,0x10,0x27,0x00,0x00
2026-06-01T12:23:00Z,KZ-TR-001,43.256,76.941,65265,0x00,0x00,0x40,0x02
2026-06-01T12:23:00Z,KZ-TR-001,43.256,76.941,65266,0x00,0x20,0x03,0x00
2026-06-01T12:23:00Z,KZ-TR-001,43.256,76.941,65280,0x10,0x27,0x00,0x00
2026-06-01T12:24:00Z,KZ-TR-001,43.263,76.943,65265,0x00,0x00,0x40,0x02
2026-06-01T12:24:00Z,KZ-TR-001,43.263,76.943,65266,0x00,0x20,0x03,0x00
2026-06-01T12:24:00Z,KZ-TR-001,43.263,76.943,65280,0x10,0x27,0x00,0x00
2026-06-01T12:25:00Z,KZ-TR-001,43.256,76.948,65265,0x00,0x00,0x40,0x02
2026-06-01T12:25:00Z,KZ-TR-001,43.256,76.948,65266,0x00,0x20,0x03,0x00
2026-06-01T12:25:00Z,KZ-TR-001,43.256,76.948,65280,0x10,0x27,0x00,0x00
2026-06-01T12:26:00Z,KZ-TR-001,43.264,76.947,65265,0x00,0x00,0x40,0x02
2026-06-01T12:26:00Z,KZ-TR-001,43.264,76.947,65266,0x00,0x20,0x03,0x00
2026-06-01T12:26:00Z,KZ-TR-001,43.264,76.947,65280,0x10,0x27,0x00,0x00
2026-06-01T12:27:00Z,KZ-TR-001,43.259,76.943,65265,0x00,0x00,0x40,0x02
2026-06-01T12:27:00Z,KZ-TR-001,43.259,76.943,65266,0x00,0x20,0x03,0x00
2026-06-01T12:27:00Z,KZ-TR-001,43.259,76.943,65280,0x10,0x27,0x00,0x00
2026-06-01T12:28:00Z,KZ-TR-001,43.262,76.945,65265,0x00,0x00,0x40,0x02
2026-06-01T12:28:00Z,KZ-TR-001,43.262,76.945,65266,0x00,0x20,0x03,0x00
2026-06-01T12:28:00Z,KZ-TR-001,43.262,76.945,65280,0x10,0x27,0x00,0x00
2026-06-01T12:29:00Z,KZ-TR-001,43.256,76.950,65265,0x00,0x00,0x40,0x02
2026-06-01T12:29:00Z,KZ-TR-001,43.256,76.950,65266,0x00,0x20,0x03,0x00
2026-06-01T12:29:00Z,KZ-TR-001,43.256,76.950,65280,0x10,0x27,0x00,0x00
2026-06-01T12:30:00Z,KZ-TR-001,43.259,76.946,65265,0x00,0x00,0x40,0x02
2026-06-01T12:30:00Z,KZ-TR-001,43.259,76.946,65266,0x00,0x20,0x03,0x00
2026-06-01T12:30:00Z,KZ-TR-001,43.259,76.946,65280,0x10,0x27,0x00,0x00
2026-06-01T12:31:00Z,KZ-TR-001,43.258,76.948,65265,0x00,0x00,0x40,0x02
2026-06-01T12:31:00Z,KZ-TR-001,43.258,76.948,65266,0x00,0x20,0x03,0x00
2026-06-01T12:31:00Z,KZ-TR-001,43.258,76.948,65280,0x10,0x27,0x00,0x00
2026-06-01T12:32:00Z,KZ-TR-001,43.255,76.942,65265,0x00,0x00,0x40,0x02
2026-06-01T12:32:00Z,KZ-TR-001,43.255,76.942,65266,0x00,0x20,0x03,0x00
2026-06-01T12:32:00Z,KZ-TR-001,43.255,76.942,65280,0x10,0x27,0x00,0x00
2026-06-01T12:33:00Z,KZ-TR-001,43.259,76.945,65265,0x00,0x00,0x40,0x02
2026-06-01T12:33:00Z,KZ-TR-001,43.259,76.945,65266,0x00,0x20,0x03,0x00
2026-06-01T12:33:00Z,KZ-TR-001,43.259,76.945,65280,0x10,0x27,0x00,0x00
2026-06-01T12:34:00Z,KZ-TR-001,43.255,76.944,65265,0x00,0x00,0x40,0x02
2026-06-01T12:34:00Z,KZ-TR-001,43.255,76.944,65266,0x00,0x20,0x03,0x00
2026-06-01T12:34:00Z,KZ-TR-001,43.255,76.944,65280,0x10,0x27,0x00,0x00
2026-06-01T12:35:00Z,KZ-TR-001,43.256,76.950,65265,0x00,0x00,0x40,0x02
2026-06-01T12:35:00Z,KZ-TR-001,43.256,76.950,65266,0x00,0x20,0x03,0x00
2026-06-01T12:35:00Z,KZ-TR-001,43.256,76.950,65280,0x10,0x27,0x00,0x00
2026-06-01T12:36:00Z,KZ-TR-001,43.264,76.947,65265,0x00,0x00,0x40,0x02
2026-06-01T12:36:00Z,KZ-TR-001,43.264,76.947,65266,0x00,0x20,0x03,0x00
2026-06-01T12:36:00Z,KZ-TR-001,43.264,76.947,65280,0x10,0x27,0x00,0x00
2026-06-01T12:37:00Z,KZ-TR-001,43.265,76.945,65265,0x00,0x00,0x40,0x02
2026-06-01T12:37:00Z,KZ-TR-001,43.265,76.945,65266,0x00,0x20,0x03,0x00
2026-06-01T12:37:00Z,KZ-TR-001,43.265,76.945,65280,0x10,0x27,0x00,0x00
2026-06-01T12:38:00Z,KZ-TR-001,43.259,76.941,65265,0x00,0x00,0x40,0x02
2026-06-01T12:38:00Z,KZ-TR-001,43.259,76.941,65266,0x00,0x20,0x03,0x00
2026-06-01T12:38:00Z,KZ-TR-001,43.259,76.941,65280,0x10,0x27,0x00,0x00
2026-06-01T12:39:00Z,KZ-TR-001,43.256,76.941,65265,0x00,0x00,0x40,0x02
2026-06-01T12:39:00Z,KZ-TR-001,43.256,76.941,65266,0x00,0x20,0x03,0x00
2026-06-01T12:39:00Z,KZ-TR-001,43.256,76.941,65280,0x10,0x27,0x00,0x00
2026-06-01T12:40:00Z,KZ-TR-001,43.256,76.944,65265,0x00,0x00,0x40,0x02
2026-06-01T12:40:00Z,KZ-TR-001,43.256,76.944,65266,0x00,0x20,0x03,0x00
2026-06-01T12:40:00Z,KZ-TR-001,43.256,76.944,65280,0x10,0x27,0x00,0x00
2026-06-01T12:41:00Z,KZ-TR-001,43.260,76.943,65265,0x00,0x00,0x40,0x02
2026-06-01T12:41:00Z,KZ-TR-001,43.260,76.943,65266,0x00,0x20,0x03,0x00
2026-06-01T12:41:00Z,KZ-TR-001,43.260,76.943,65280,0x10,0x27,0x00,0x00
2026-06-01T12:42:00Z,KZ-TR-001,43.256,76.949,65265,0x00,0x00,0x40,0x02
2026-06-01T12:42:00Z,KZ-TR-001,43.256,76.949,65266,0x00,0x20,0x03,0x00
2026-06-01T12:42:00Z,KZ-TR-001,43.256,76.949,65280,0x10,0x27,0x00,0x00
2026-06-01T12:43:00Z,KZ-TR-001,43.255,76.941,65265,0x00,0x00,0x40,0x02
2026-06-01T12:43:00Z,KZ-TR-001,43.255,76.941,65266,0x00,0x20,0x03,0x00
2026-06-01T12:43:00Z,KZ-TR-001,43.255,76.941,65280,0x10,0x27,0x00,0x00
2026-06-01T12:44:00Z,KZ-TR-001,43.262,76.947,65265,0x00,0x00,0x40,0x02
2026-06-01T12:44:00Z,KZ-TR-001,43.262,76.947,65266,0x00,0x20,0x03,0x00
2026-06-01T12:44:00Z,KZ-TR-001,43.262,76.947,65280,0x10,0x27,0x00,0x00
2026-06-01T12:45:00Z,KZ-TR-001,43.265,76.948,65265,0x00,0x00,0x40,0x02
2026-06-01T12:45:00Z,KZ-TR-001,43.265,76.948,65266,0x00,0x20,0x03,0x00
2026-06-01T12:45:00Z,KZ-TR-001,43.265,76.948,65280,0x10,0x27,0x00,0x00
2026-06-01T12:46:00Z,KZ-TR-001,43.257,76.946,65265,0x00,0x00,0x40,0x02
2026-06-01T12:46:00Z,KZ-TR-001,43.257,76.946,65266,0x00,0x20,0x03,0x00
2026-06-01T12:46:00Z,KZ-TR-001,43.257,76.946,65280,0x10,0x27,0x00,0x00
2026-06-01T12:47:00Z,KZ-TR-001,43.259,76.943,65265,0x00,0x00,0x40,0x02
2026-06-01T12:47:00Z,KZ-TR-001,43.259,76.943,65266,0x00,0x20,0x03,0x00
2026-06-01T12:47:00Z,KZ-TR-001,43.259,76.943,65280,0x10,0x27,0x00,0x00
2026-06-01T12:48:00Z,KZ-TR-001,43.257,76.941,65265,0x00,0x00,0x40,0x02
2026-06-01T12:48:00Z,KZ-TR-001,43.257,76.941,65266,0x00,0x20,0x03,0x00
2026-06-01T12:48:00Z,KZ-TR-001,43.257,76.941,65280,0x10,0x27,0x00,0x00
2026-06-01T12:49:00Z,KZ-TR-001,43.257,76.949,65265,0x00,0x00,0x40,0x02
2026-06-01T12:49:00Z,KZ-TR-001,43.257,76.949,65266,0x00,0x20,0x03,0x00
2026-06-01T12:49:00Z,KZ-TR-001,43.257,76.949,65280,0x10,0x27,0x00,0x00
2026-06-01T12:50:00Z,KZ-TR-001,43.261,76.944,65265,0x00,0x00,0x40,0x02
2026-06-01T12:50:00Z,KZ-TR-001,43.261,76.944,65266,0x00,0x20,0x03,0x00
2026-06-01T12:50:00Z,KZ-TR-001,43.261,76.944,65280,0x10,0x27,0x00,0x00
2026-06-01T12:51:00Z,KZ-TR-001,43.261,76.948,65265,0x00,0x00,0x40,0x02
2026-06-01T12:51:00Z,KZ-TR-001,43.261,76.948,65266,0x00,0x20,0x03,0x00
2026-06-01T12:51:00Z,KZ-TR-001,43.261,76.948,65280,0x10,0x27,0x00,0x00
2026-06-01T12:52:00Z,KZ-TR-001,43.262,76.944,65265,0x00,0x00,0x40,0x02
2026-06-01T12:52:00Z,KZ-TR-001,43.262,76.944,65266,0x00,0x20,0x03,0x00
2026-06-01T12:52:00Z,KZ-TR-001,43.262,76.944,65280,0x10,0x27,0x00,0x00
2026-06-01T12:53:00Z,KZ-TR-001,43.258,76.948,65265,0x00,0x00,0x40,0x02
2026-06-01T12:53:00Z,KZ-TR-001,43.258,76.948,65266,0x00,0x20,0x03,0x00
2026-06-01T12:53:00Z,KZ-TR-001,43.258,76.948,65280,0x10,0x27,0x00,0x00
2026-06-01T12:54:00Z,KZ-TR-001,43.259,76.946,65265,0x00,0x00,0x40,0x02
2026-06-01T12:54:00Z,KZ-TR-001,43.259,76.946,65266,0x00,0x20,0x03,0x00
2026-06-01T12:54:00Z,KZ-TR-001,43.259,76.946,65280,0x10,0x27,0x00,0x00
2026-06-01T12:55:00Z,KZ-TR-001,43.262,76.944,65265,0x00,0x00,0x40,0x02
2026-06-01T12:55:00Z,KZ-TR-001,43.262,76.944,65266,0x00,0x20,0x03,0x00
2026-06-01T12:55:00Z,KZ-TR-001,43.262,76.944,65280,0x10,0x27,0x00,0x00
2026-06-01T12:56:00Z,KZ-TR-001,43.261,76.948,65265,0x00,0x00,0x40,0x02
2026-06-01T12:56:00Z,KZ-TR-001,43.261,76.948,65266,0x00,0x20,0x03,0x00
2026-06-01T12:56:00Z,KZ-TR-001,43.261,76.948,65280,0x10,0x27,0x00,0x00
2026-06-01T12:57:00Z,KZ-TR-001,43.261,76.946,65265,0x00,0x00,0x40,0x02
2026-06-01T12:57:00Z,KZ-TR-001,43.261,76.946,65266,0x00,0x20,0x03,0x00
2026-06-01T12:57:00Z,KZ-TR-001,43.261,76.946,65280,0x10,0x27,0x00,0x00
2026-06-01T12:58:00Z,KZ-TR-001,43.264,76.942,65265,0x00,0x00,0x40,0x02
2026-06-01T12:58:00Z,KZ-TR-001,43.264,76.942,65266,0x00,0x20,0x03,0x00
2026-06-01T12:58:00Z,KZ-TR-001,43.264,76.942,65280,0x10,0x27,0x00,0x00
2026-06-01T12:59:00Z,KZ-TR-001,43.258,76.942,65265,0x00,0x00,0x40,0x02
2026-06-01T12:59:00Z,KZ-TR-001,43.258,76.942,65266,0x00,0x20,0x03,0x00
2026-06-01T12:59:00Z,KZ-TR-001,43.258,76.942,65280,0x10,0x27,0x00,0x00
2026-06-01T13:00:00Z,KZ-TR-001,43.264,76.946,65265,0x00,0x00,0x40,0x02
2026-06-01T13:00:00Z,KZ-TR-001,43.264,76.946,65266,0x00,0x20,0x03,0x00
2026-06-01T13:00:00Z,KZ-TR-001,43.264,76.946,65280,0x10,0x27,0x00,0x00
2026-06-01T13:01:00Z,KZ-TR-001,43.259,76.949,65265,0x00,0x00,0x40,0x02
2026-06-01T13:01:00Z,KZ-TR-001,43.259,76.949,65266,0x00,0x20,0x03,0x00
2026-06-01T13:01:00Z,KZ-TR-001,43.259,76.949,65280,0x10,0x27,0x00,0x00
2026-06-01T13:02:00Z,KZ-TR-001,43.262,76.944,65265,0x00,0x00,0x40,0x02
2026-06-01T13:02:00Z,KZ-TR-001,43.262,76.944,65266,0x00,0x20,0x03,0x00
2026-06-01T13:02:00Z,KZ-TR-001,43.262,76.944,65280,0x10,0x27,0x00,0x00
2026-06-01T13:03:00Z,KZ-TR-001,43.264,76.940,65265,0x00,0x00,0x40,0x02
2026-06-01T13:03:00Z,KZ-TR-001,43.264,76.940,65266,0x00,0x20,0x03,0x00
2026-06-01T13:03:00Z,KZ-TR-001,43.264,76.940,65280,0x10,0x27,0x00,0x00
2026-06-01T13:04:00Z,KZ-TR-001,43.261,76.946,65265,0x00,0x00,0x40,0x02
2026-06-01T13:04:00Z,KZ-TR-001,43.261,76.946,65266,0x00,0x20,0x03,0x00
2026-06-01T13:04:00Z,KZ-TR-001,43.261,76.946,65280,0x10,0x27,0x00,0x00
2026-06-01T13:05:00Z,KZ-TR-001,43.256,76.945,65265,0x00,0x00,0x40,0x02
2026-06-01T13:05:00Z,KZ-TR-001,43.256,76.945,65266,0x00,0x20,0x03,0x00
2026-06-01T13:05:00Z,KZ-TR-001,43.256,76.945,65280,0x10,0x27,0x00,0x00
2026-06-01T13:06:00Z,KZ-TR-001,43.260,76.946,65265,0x00,0x00,0x40,0x02
2026-06-01T13:06:00Z,KZ-TR-001,43.260,76.946,65266,0x00,0x20,0x03,0x00
2026-06-01T13:06:00Z,KZ-TR-001,43.260,76.946,65280,0x10,0x27,0x00,0x00
2026-06-01T13:07:00Z,KZ-TR-001,43.256,76.946,65265,0x00,0x00,0x40,0x02
2026-06-01T13:07:00Z,KZ-TR-001,43.256,76.946,65266,0x00,0x20,0x03,0x00
2026-06-01T13:07:00Z,KZ-TR-001,43.256,76.946,65280,0x10,0x27,0x00,0x00
2026-06-01T13:08:00Z,KZ-TR-001,43.257,76.942,65265,0x00,0x00,0x40,0x02
2026-06-01T13:08:00Z,KZ-TR-001,43.257,76.942,65266,0x00,0x20,0x03,0x00
2026-06-01T13:08:00Z,KZ-TR-001,43.257,76.942,65280,0x10,0x27,0x00,0x00
2026-06-01T13:09:00Z,KZ-TR-001,43.258,76.943,65265,0x00,0x00,0x40,0x02
2026-06-01T13:09:00Z,KZ-TR-001,43.258,76.943,65266,0x00,0x20,0x03,0x00
2026-06-01T13:09:00Z,KZ-TR-001,43.258,76.943,65280,0x10,0x27,0x00,0x00
2026-06-01T13:10:00Z,KZ-TR-001,43.265,76.940,65265,0x00,0x00,0x40,0x02
2026-06-01T13:10:00Z,KZ-TR-001,43.265,76.940,65266,0x00,0x20,0x03,0x00
2026-06-01T13:10:00Z,KZ-TR-001,43.265,76.940,65280,0x10,0x27,0x00,0x00
2026-06-01T13:11:00Z,KZ-TR-001,43.258,76.944,65265,0x00,0x00,0x40,0x02
2026-06-01T13:11:00Z,KZ-TR-001,43.258,76.944,65266,0x00,0x20,0x03,0x00
2026-06-01T13:11:00Z,KZ-TR-001,43.258,76.944,65280,0x10,0x27,0x00,0x00
2026-06-01T13:12:00Z,KZ-TR-001,43.263,76.945,65265,0x00,0x00,0x40,0x02
2026-06-01T13:12:00Z,KZ-TR-001,43.263,76.945,65266,0x00,0x20,0x03,0x00
2026-06-01T13:12:00Z,KZ-TR-001,43.263,76.945,65280,0x10,0x27,0x00,0x00
2026-06-01T13:13:00Z,KZ-TR-001,43.258,76.945,65265,0x00,0x00,0x40,0x02
2026-06-01T13:13:00Z,KZ-TR-001,43.258,76.945,65266,0x00,0x20,0x03,0x00
2026-06-01T13:13:00Z,KZ-TR-001,43.258,76.945,65280,0x10,0x27,0x00,0x00
2026-06-01T13:14:00Z,KZ-TR-001,43.255,76.941,65265,0x00,0x00,0x40,0x02
2026-06-01T13:14:00Z,KZ-TR-001,43.255,76.941,65266,0x00,0x20,0x03,0x00
2026-06-01T13:14:00Z,KZ-TR-001,43.255,76.941,65280,0x10,0x27,0x00,0x00
2026-06-01T13:15:00Z,KZ-TR-001,43.264,76.944,65265,0x00,0x00,0x40,0x02
2026-06-01T13:15:00Z,KZ-TR-001,43.264,76.944,65266,0x00,0x20,0x03,0x00
2026-06-01T13:15:00Z,KZ-TR-001,43.264,76.944,65280,0x10,0x27,0x00,0x00
2026-06-01T13:16:00Z,KZ-TR-001,43.259,76.948,65265,0x00,0x00,0x40,0x02
2026-06-01T13:16:00Z,KZ-TR-001,43.259,76.948,65266,0x00,0x20,0x03,0x00
2026-06-01T13:16:00Z,KZ-TR-001,43.259,76.948,65280,0x10,0x27,0x00,0x00
2026-06-01T13:17:00Z,KZ-TR-001,43.259,76.940,65265,0x00,0x00,0x40,0x02
2026-06-01T13:17:00Z,KZ-TR-001,43.259,76.940,65266,0x00,0x20,0x03,0x00
2026-06-01T13:17:00Z,KZ-TR-001,43.259,76.940,65280,0x10,0x27,0x00,0x00
2026-06-01T13:18:00Z,KZ-TR-001,43.259,76.946,65265,0x00,0x00,0x40,0x02
2026-06-01T13:18:00Z,KZ-TR-001,43.259,76.946,65266,0x00,0x20,0x03,0x00
2026-06-01T13:18:00Z,KZ-TR-001,43.259,76.946,65280,0x10,0x27,0x00,0x00
2026-06-01T13:19:00Z,KZ-TR-001,43.258,76.947,65265,0x00,0x00,0x40,0x02
2026-06-01T13:19:00Z,KZ-TR-001,43.258,76.947,65266,0x00,0x20,0x03,0x00
2026-06-01T13:19:00Z,KZ-TR-001,43.258,76.947,65280,0x10,0x27,0x00,0x00
2026-06-01T13:20:00Z,KZ-TR-001,43.258,76.950,65265,0x00,0x00,0x40,0x02
2026-06-01T13:20:00Z,KZ-TR-001,43.258,76.950,65266,0x00,0x20,0x03,0x00
2026-06-01T13:20:00Z,KZ-TR-001,43.258,76.950,65280,0x10,0x27,0x00,0x00
2026-06-01T13:21:00Z,KZ-TR-001,43.259,76.946,65265,0x00,0x00,0x40,0x02
2026-06-01T13:21:00Z,KZ-TR-001,43.259,76.946,65266,0x00,0x20,0x03,0x00
2026-06-01T13:21:00Z,KZ-TR-001,43.259,76.946,65280,0x10,0x27,0x00,0x00
2026-06-01T13:22:00Z,KZ-TR-001,43.261,76.943,65265,0x00,0x00,0x40,0x02
2026-06-01T13:22:00Z,KZ-TR-001,43.261,76.943,65266,0x00,0x20,0x03,0x00
2026-06-01T13:22:00Z,KZ-TR-001,43.261,76.943,65280,0x10,0x27,0x00,0x00
2026-06-01T13:23:00Z,KZ-TR-001,43.258,76.942,65265,0x00,0x00,0x40,0x02
2026-06-01T13:23:00Z,KZ-TR-001,43.258,76.942,65266,0x00,0x20,0x03,0x00
2026-06-01T13:23:00Z,KZ-TR-001,43.258,76.942,65280,0x10,0x27,0x00,0x00
2026-06-01T13:24:00Z,KZ-TR-001,43.265,76.946,65265,0x00,0x00,0x40,0x02
2026-06-01T13:24:00Z,KZ-TR-001,43.265,76.946,65266,0x00,0x20,0x03,0x00
2026-06-01T13:24:00Z,KZ-TR-001,43.265,76.946,65280,0x10,0x27,0x00,0x00
2026-06-01T13:25:00Z,KZ-TR-001,43.260,76.944,65265,0x00,0x00,0x40,0x02
2026-06-01T13:25:00Z,KZ-TR-001,43.260,76.944,65266,0x00,0x20,0x03,0x00
2026-06-01T13:25:00Z,KZ-TR-001,43.260,76.944,65280,0x10,0x27,0x00,0x00
2026-06-01T13:26:00Z,KZ-TR-001,43.259,76.948,65265,0x00,0x00,0x40,0x02
2026-06-01T13:26:00Z,KZ-TR-001,43.259,76.948,65266,0x00,0x20,0x03,0x00
2026-06-01T13:26:00Z,KZ-TR-001,43.259,76.948,65280,0x10,0x27,0x00,0x00
2026-06-01T13:27:00Z,KZ-TR-001,43.264,76.947,65265,0x00,0x00,0x40,0x02
2026-06-01T13:27:00Z,KZ-TR-001,43.264,76.947,65266,0x00,0x20,0x03,0x00
2026-06-01T13:27:00Z,KZ-TR-001,43.264,76.947,65280,0x10,0x27,0x00,0x00
2026-06-01T13:28:00Z,KZ-TR-001,43.259,76.942,65265,0x00,0x00,0x40,0x02
2026-06-01T13:28:00Z,KZ-TR-001,43.259,76.942,65266,0x00,0x20,0x03,0x00
2026-06-01T13:28:00Z,KZ-TR-001,43.259,76.942,65280,0x10,0x27,0x00,0x00
2026-06-01T13:29:00Z,KZ-TR-001,43.263,76.946,65265,0x00,0x00,0x40,0x02
2026-06-01T13:29:00Z,KZ-TR-001,43.263,76.946,65266,0x00,0x20,0x03,0x00
2026-06-01T13:29:00Z,KZ-TR-001,43.263,76.946,65280,0x10,0x27,0x00,0x00
2026-06-01T13:30:00Z,KZ-TR-001,43.257,76.944,65265,0x00,0x00,0x40,0x02
2026-06-01T13:30:00Z,KZ-TR-001,43.257,76.944,65266,0x00,0x20,0x03,0x00
2026-06-01T13:30:00Z,KZ-TR-001,43.257,76.944,65280,0x10,0x27,0x00,0x00
2026-06-01T13:31:00Z,KZ-TR-001,43.264,76.949,65265,0x00,0x00,0x40,0x02
2026-06-01T13:31:00Z,KZ-TR-001,43.264,76.949,65266,0x00,0x20,0x03,0x00
2026-06-01T13:31:00Z,KZ-TR-001,43.264,76.949,65280,0x10,0x27,0x00,0x00
2026-06-01T13:32:00Z,KZ-TR-001,43.257,76.943,65265,0x00,0x00,0x40,0x02
2026-06-01T13:32:00Z,KZ-TR-001,43.257,76.943,65266,0x00,0x20,0x03,0x00
2026-06-01T13:32:00Z,KZ-TR-001,43.257,76.943,65280,0x10,0x27,0x00,0x00
2026-06-01T13:33:00Z,KZ-TR-001,43.263,76.949,65265,0x00,0x00,0x40,0x02
2026-06-01T13:33:00Z,KZ-TR-001,43.263,76.949,65266,0x00,0x20,0x03,0x00
2026-06-01T13:33:00Z,KZ-TR-001,43.263,76.949,65280,0x10,0x27,0x00,0x00
2026-06-01T13:34:00Z,KZ-TR-001,43.258,76.949,65265,0x00,0x00,0x40,0x02
2026-06-01T13:34:00Z,KZ-TR-001,43.258,76.949,65266,0x00,0x20,0x03,0x00
2026-06-01T13:34:00Z,KZ-TR-001,43.258,76.949,65280,0x10,0x27,0x00,0x00
2026-06-01T13:35:00Z,KZ-TR-001,43.260,76.948,65265,0x00,0x00,0x40,0x02
2026-06-01T13:35:00Z,KZ-TR-001,43.260,76.948,65266,0x00,0x20,0x03,0x00
2026-06-01T13:35:00Z,KZ-TR-001,43.260,76.948,65280,0x10,0x27,0x00,0x00
2026-06-01T13:36:00Z,KZ-TR-001,43.262,76.940,65265,0x00,0x00,0x40,0x02
2026-06-01T13:36:00Z,KZ-TR-001,43.262,76.940,65266,0x00,0x20,0x03,0x00
2026-06-01T13:36:00Z,KZ-TR-001,43.262,76.940,65280,0x10,0x27,0x00,0x00
2026-06-01T13:37:00Z,KZ-TR-001,43.257,76.941,65265,0x00,0x00,0x40,0x02
2026-06-01T13:37:00Z,KZ-TR-001,43.257,76.941,65266,0x00,0x20,0x03,0x00
2026-06-01T13:37:00Z,KZ-TR-001,43.257,76.941,65280,0x10,0x27,0x00,0x00
2026-06-01T13:38:00Z,KZ-TR-001,43.265,76.948,65265,0x00,0x00,0x40,0x02
2026-06-01T13:38:00Z,KZ-TR-001,43.265,76.948,65266,0x00,0x20,0x03,0x00
2026-06-01T13:38:00Z,KZ-TR-001,43.265,76.948,65280,0x10,0x27,0x00,0x00
2026-06-01T13:39:00Z,KZ-TR-001,43.262,76.942,65265,0x00,0x00,0x40,0x02
2026-06-01T13:39:00Z,KZ-TR-001,43.262,76.942,65266,0x00,0x20,0x03,0x00
2026-06-01T13:39:00Z,KZ-TR-001,43.262,76.942,65280,0x10,0x27,0x00,0x00
2026-06-01T13:40:00Z,KZ-TR-001,43.260,76.949,65265,0x00,0x00,0x40,0x02
2026-06-01T13:40:00Z,KZ-TR-001,43.260,76.949,65266,0x00,0x20,0x03,0x00
2026-06-01T13:40:00Z,KZ-TR-001,43.260,76.949,65280,0x10,0x27,0x00,0x00
2026-06-01T13:41:00Z,KZ-TR-001,43.255,76.950,65265,0x00,0x00,0x40,0x02
2026-06-01T13:41:00Z,KZ-TR-001,43.255,76.950,65266,0x00,0x20,0x03,0x00
2026-06-01T13:41:00Z,KZ-TR-001,43.255,76.950,65280,0x10,0x27,0x00,0x00
2026-06-01T13:42:00Z,KZ-TR-001,43.262,76.944,65265,0x00,0x00,0x40,0x02
2026-06-01T13:42:00Z,KZ-TR-001,43.262,76.944,65266,0x00,0x20,0x03,0x00
2026-06-01T13:42:00Z,KZ-TR-001,43.262,76.944,65280,0x10,0x27,0x00,0x00
2026-06-01T13:43:00Z,KZ-TR-001,43.263,76.946,65265,0x00,0x00,0x40,0x02
2026-06-01T13:43:00Z,KZ-TR-001,43.263,76.946,65266,0x00,0x20,0x03,0x00
2026-06-01T13:43:00Z,KZ-TR-001,43.263,76.946,65280,0x10,0x27,0x00,0x00
2026-06-01T13:44:00Z,KZ-TR-001,43.255,76.944,65265,0x00,0x00,0x40,0x02
2026-06-01T13:44:00Z,KZ-TR-001,43.255,76.944,65266,0x00,0x20,0x03,0x00
2026-06-01T13:44:00Z,KZ-TR-001,43.255,76.944,65280,0x10,0x27,0x00,0x00
2026-06-01T13:45:00Z,KZ-TR-001,43.262,76.945,65265,0x00,0x00,0x40,0x02
2026-06-01T13:45:00Z,KZ-TR-001,43.262,76.945,65266,0x00,0x20,0x03,0x00
2026-06-01T13:45:00Z,KZ-TR-001,43.262,76.945,65280,0x10,0x27,0x00,0x00
2026-06-01T13:46:00Z,KZ-TR-001,43.258,76.941,65265,0x00,0x00,0x40,0x02
2026-06-01T13:46:00Z,KZ-TR-001,43.258,76.941,65266,0x00,0x20,0x03,0x00
2026-06-01T13:46:00Z,KZ-TR-001,43.258,76.941,65280,0x10,0x27,0x00,0x00
2026-06-01T13:47:00Z,KZ-TR-001,43.265,76.949,65265,0x00,0x00,0x40,0x02
2026-06-01T13:47:00Z,KZ-TR-001,43.265,76.949,65266,0x00,0x20,0x03,0x00
2026-06-01T13:47:00Z,KZ-TR-001,43.265,76.949,65280,0x10,0x27,0x00,0x00
2026-06-01T13:48:00Z,KZ-TR-001,43.262,76.944,65265,0x00,0x00,0x40,0x02
2026-06-01T13:48:00Z,KZ-TR-001,43.262,76.944,65266,0x00,0x20,0x03,0x00
2026-06-01T13:48:00Z,KZ-TR-001,43.262,76.944,65280,0x10,0x27,0x00,0x00
2026-06-01T13:49:00Z,KZ-TR-001,43.264,76.946,65265,0x00,0x00,0x40,0x02
2026-06-01T13:49:00Z,KZ-TR-001,43.264,76.946,65266,0x00,0x20,0x03,0x00
2026-06-01T13:49:00Z,KZ-TR-001,43.264,76.946,65280,0x10,0x27,0x00,0x00
2026-06-01T13:50:00Z,KZ-TR-001,43.261,76.946,65265,0x00,0x00,0x40,0x02
2026-06-01T13:50:00Z,KZ-TR-001,43.261,76.946,65266,0x00,0x20,0x03,0x00
2026-06-01T13:50:00Z,KZ-TR-001,43.261,76.946,65280,0x10,0x27,0x00,0x00
2026-06-01T13:51:00Z,KZ-TR-001,43.258,76.942,65265,0x00,0x00,0x40,0x02
2026-06-01T13:51:00Z,KZ-TR-001,43.258,76.942,65266,0x00,0x20,0x03,0x00
2026-06-01T13:51:00Z,KZ-TR-001,43.258,76.942,65280,0x10,0x27,0x00,0x00
2026-06-01T13:52:00Z,KZ-TR-001,43.264,76.946,65265,0x00,0x00,0x40,0x02
2026-06-01T13:52:00Z,KZ-TR-001,43.264,76.946,65266,0x00,0x20,0x03,0x00
2026-06-01T13:52:00Z,KZ-TR-001,43.264,76.946,65280,0x10,0x27,0x00,0x00
2026-06-01T13:53:00Z,KZ-TR-001,43.263,76.947,65265,0x00,0x00,0x40,0x02
2026-06-01T13:53:00Z,KZ-TR-001,43.263,76.947,65266,0x00,0x20,0x03,0x00
2026-06-01T13:53:00Z,KZ-TR-001,43.263,76.947,65280,0x10,0x27,0x00,0x00
2026-06-01T13:54:00Z,KZ-TR-001,43.261,76.949,65265,0x00,0x00,0x40,0x02
2026-06-01T13:54:00Z,KZ-TR-001,43.261,76.949,65266,0x00,0x20,0x03,0x00
2026-06-01T13:54:00Z,KZ-TR-001,43.261,76.949,65280,0x10,0x27,0x00,0x00
2026-06-01T13:55:00Z,KZ-TR-001,43.256,76.943,65265,0x00,0x00,0x40,0x02
2026-06-01T13:55:00Z,KZ-TR-001,43.256,76.943,65266,0x00,0x20,0x03,0x00
2026-06-01T13:55:00Z,KZ-TR-001,43.256,76.943,65280,0x10,0x27,0x00,0x00
2026-06-01T13:56:00Z,KZ-TR-001,43.265,76.941,65265,0x00,0x00,0x40,0x02
2026-06-01T13:56:00Z,KZ-TR-001,43.265,76.941,65266,0x00,0x20,0x03,0x00
2026-06-01T13:56:00Z,KZ-TR-001,43.265,76.941,65280,0x10,0x27,0x00,0x00
2026-06-01T13:57:00Z,KZ-TR-001,43.257,76.949,65265,0x00,0x00,0x40,0x02
2026-06-01T13:57:00Z,KZ-TR-001,43.257,76.949,65266,0x00,0x20,0x03,0x00
2026-06-01T13:57:00Z,KZ-TR-001,43.257,76.949,65280,0x10,0x27,0x00,0x00
2026-06-01T13:58:00Z,KZ-TR-001,43.262,76.942,65265,0x00,0x00,0x40,0x02
2026-06-01T13:58:00Z,KZ-TR-001,43.262,76.942,65266,0x00,0x20,0x03,0x00
2026-06-01T13:58:00Z,KZ-TR-001,43.262,76.942,65280,0x10,0x27,0x00,0x00
2026-06-01T13:59:00Z,KZ-TR-001,43.255,76.944,65265,0x00,0x00,0x40,0x02
2026-06-01T13:59:00Z,KZ-TR-001,43.255,76.944,65266,0x00,0x20,0x03,0x00
2026-06-01T13:59:00Z,KZ-TR-001,43.255,76.944,65280,0x10,0x27,0x00,0x00
2026-06-01T14:00:00Z,KZ-TR-001,43.259,76.942,65265,0x00,0x00,0x40,0x02
2026-06-01T14:00:00Z,KZ-TR-001,43.259,76.942,65266,0x00,0x20,0x03,0x00
2026-06-01T14:00:00Z,KZ-TR-001,43.259,76.942,65280,0x10,0x27,0x00,0x00
2026-06-01T14:01:00Z,KZ-TR-001,43.256,76.945,65265,0x00,0x00,0x40,0x02
2026-06-01T14:01:00Z,KZ-TR-001,43.256,76.945,65266,0x00,0x20,0x03,0x00
2026-06-01T14:01:00Z,KZ-TR-001,43.256,76.945,65280,0x10,0x27,0x00,0x00
2026-06-01T14:02:00Z,KZ-TR-001,43.255,76.950,65265,0x00,0x00,0x40,0x02
2026-06-01T14:02:00Z,KZ-TR-001,43.255,76.950,65266,0x00,0x20,0x03,0x00
2026-06-01T14:02:00Z,KZ-TR-001,43.255,76.950,65280,0x10,0x27,0x00,0x00
2026-06-01T14:03:00Z,KZ-TR-001,43.255,76.941,65265,0x00,0x00,0x40,0x02
2026-06-01T14:03:00Z,KZ-TR-001,43.255,76.941,65266,0x00,0x20,0x03,0x00
2026-06-01T14:03:00Z,KZ-TR-001,43.255,76.941,65280,0x10,0x27,0x00,0x00
2026-06-01T14:04:00Z,KZ-TR-001,43.263,76.944,65265,0x00,0x00,0x40,0x02
2026-06-01T14:04:00Z,KZ-TR-001,43.263,76.944,65266,0x00,0x20,0x03,0x00
2026-06-01T14:04:00Z,KZ-TR-001,43.263,76.944,65280,0x10,0x27,0x00,0x00
2026-06-01T14:05:00Z,KZ-TR-001,43.255,76.942,65265,0x00,0x00,0x40,0x02
2026-06-01T14:05:00Z,KZ-TR-001,43.255,76.942,65266,0x00,0x20,0x03,0x00
2026-06-01T14:05:00Z,KZ-TR-001,43.255,76.942,65280,0x10,0x27,0x00,0x00
2026-06-01T14:06:00Z,KZ-TR-001,43.264,76.947,65265,0x00,0x00,0x40,0x02
2026-06-01T14:06:00Z,KZ-TR-001,43.264,76.947,65266,0x00,0x20,0x03,0x00
2026-06-01T14:06:00Z,KZ-TR-001,43.264,76.947,65280,0x10,0x27,0x00,0x00
2026-06-01T14:07:00Z,KZ-TR-001,43.260,76.943,65265,0x00,0x00,0x40,0x02
2026-06-01T14:07:00Z,KZ-TR-001,43.260,76.943,65266,0x00,0x20,0x03,0x00
2026-06-01T14:07:00Z,KZ-TR-001,43.260,76.943,65280,0x10,0x27,0x00,0x00
2026-06-01T14:08:00Z,KZ-TR-001,43.263,76.942,65265,0x00,0x00,0x40,0x02
2026-06-01T14:08:00Z,KZ-TR-001,43.263,76.942,65266,0x00,0x20,0x03,0x00
2026-06-01T14:08:00Z,KZ-TR-001,43.263,76.942,65280,0x10,0x27,0x00,0x00
2026-06-01T14:09:00Z,KZ-TR-001,43.256,76.941,65265,0x00,0x00,0x40,0x02
2026-06-01T14:09:00Z,KZ-TR-001,43.256,76.941,65266,0x00,0x20,0x03,0x00
2026-06-01T14:09:00Z,KZ-TR-001,43.256,76.941,65280,0x10,0x27,0x00,0x00
2026-06-01T14:10:00Z,KZ-TR-001,43.264,76.945,65265,0x00,0x00,0x40,0x02
2026-06-01T14:10:00Z,KZ-TR-001,43.264,76.945,65266,0x00,0x20,0x03,0x00
2026-06-01T14:10:00Z,KZ-TR-001,43.264,76.945,65280,0x10,0x27,0x00,0x00
2026-06-01T14:11:00Z,KZ-TR-001,43.259,76.949,65265,0x00,0x00,0x40,0x02
2026-06-01T14:11:00Z,KZ-TR-001,43.259,76.949,65266,0x00,0x20,0x03,0x00
2026-06-01T14:11:00Z,KZ-TR-001,43.259,76.949,65280,0x10,0x27,0x00,0x00
2026-06-01T14:12:00Z,KZ-TR-001,43.264,76.941,65265,0x00,0x00,0x40,0x02
2026-06-01T14:12:00Z,KZ-TR-001,43.264,76.941,65266,0x00,0x20,0x03,0x00
2026-06-01T14:12:00Z,KZ-TR-001,43.264,76.941,65280,0x10,0x27,0x00,0x00
2026-06-01T14:13:00Z,KZ-TR-001,43.260,76.947,65265,0x00,0x00,0x40,0x02
2026-06-01T14:13:00Z,KZ-TR-001,43.260,76.947,65266,0x00,0x20,0x03,0x00
2026-06-01T14:13:00Z,KZ-TR-001,43.260,76.947,65280,0x10,0x27,0x00,0x00
2026-06-01T14:14:00Z,KZ-TR-001,43.256,76.948,65265,0x00,0x00,0x40,0x02
2026-06-01T14:14:00Z,KZ-TR-001,43.256,76.948,65266,0x00,0x20,0x03,0x00
2026-06-01T14:14:00Z,KZ-TR-001,43.256,76.948,65280,0x10,0x27,0x00,0x00
2026-06-01T14:15:00Z,KZ-TR-001,43.258,76.945,65265,0x00,0x00,0x40,0x02
2026-06-01T14:15:00Z,KZ-TR-001,43.258,76.945,65266,0x00,0x20,0x03,0x00
2026-06-01T14:15:00Z,KZ-TR-001,43.258,76.945,65280,0x10,0x27,0x00,0x00
2026-06-01T14:16:00Z,KZ-TR-001,43.257,76.949,65265,0x00,0x00,0x40,0x02
2026-06-01T14:16:00Z,KZ-TR-001,43.257,76.949,65266,0x00,0x20,0x03,0x00
2026-06-01T14:16:00Z,KZ-TR-001,43.257,76.949,65280,0x10,0x27,0x00,0x00
2026-06-01T14:17:00Z,KZ-TR-001,43.263,76.948,65265,0x00,0x00,0x40,0x02
2026-06-01T14:17:00Z,KZ-TR-001,43.263,76.948,65266,0x00,0x20,0x03,0x00
2026-06-01T14:17:00Z,KZ-TR-001,43.263,76.948,65280,0x10,0x27,0x00,0x00
2026-06-01T14:18:00Z,KZ-TR-001,43.261,76.944,65265,0x00,0x00,0x40,0x02
2026-06-01T14:18:00Z,KZ-TR-001,43.261,76.944,65266,0x00,0x20,0x03,0x00
2026-06-01T14:18:00Z,KZ-TR-001,43.261,76.944,65280,0x10,0x27,0x00,0x00
2026-06-01T14:19:00Z,KZ-TR-001,43.264,76.949,65265,0x00,0x00,0x40,0x02
2026-06-01T14:19:00Z,KZ-TR-001,43.264,76.949,65266,0x00,0x20,0x03,0x00
2026-06-01T14:19:00Z,KZ-TR-001,43.264,76.949,65280,0x10,0x27,0x00,0x00
2026-06-01T14:20:00Z,KZ-TR-001,43.262,76.948,65265,0x00,0x00,0x40,0x02
2026-06-01T14:20:00Z,KZ-TR-001,43.262,76.948,65266,0x00,0x20,0x03,0x00
2026-06-01T14:20:00Z,KZ-TR-001,43.262,76.948,65280,0x10,0x27,0x00,0x00
2026-06-01T14:21:00Z,KZ-TR-001,43.256,76.945,65265,0x00,0x00,0x40,0x02
2026-06-01T14:21:00Z,KZ-TR-001,43.256,76.945,65266,0x00,0x20,0x03,0x00
2026-06-01T14:21:00Z,KZ-TR-001,43.256,76.945,65280,0x10,0x27,0x00,0x00
2026-06-01T14:22:00Z,KZ-TR-001,43.260,76.949,65265,0x00,0x00,0x40,0x02
2026-06-01T14:22:00Z,KZ-TR-001,43.260,76.949,65266,0x00,0x20,0x03,0x00
2026-06-01T14:22:00Z,KZ-TR-001,43.260,76.949,65280,0x10,0x27,0x00,0x00
2026-06-01T14:23:00Z,KZ-TR-001,43.255,76.945,65265,0x00,0x00,0x40,0x02
2026-06-01T14:23:00Z,KZ-TR-001,43.255,76.945,65266,0x00,0x20,0x03,0x00
2026-06-01T14:23:00Z,KZ-TR-001,43.255,76.945,65280,0x10,0x27,0x00,0x00
2026-06-01T14:24:00Z,KZ-TR-001,43.260,76.946,65265,0x00,0x00,0x40,0x02
2026-06-01T14:24:00Z,KZ-TR-001,43.260,76.946,65266,0x00,0x20,0x03,0x00
2026-06-01T14:24:00Z,KZ-TR-001,43.260,76.946,65280,0x10,0x27,0x00,0x00
2026-06-01T14:25:00Z,KZ-TR-001,43.264,76.942,65265,0x00,0x00,0x40,0x02
2026-06-01T14:25:00Z,KZ-TR-001,43.264,76.942,65266,0x00,0x20,0x03,0x00
2026-06-01T14:25:00Z,KZ-TR-001,43.264,76.942,65280,0x10,0x27,0x00,0x00
2026-06-01T14:26:00Z,KZ-TR-001,43.262,76.941,65265,0x00,0x00,0x40,0x02
2026-06-01T14:26:00Z,KZ-TR-001,43.262,76.941,65266,0x00,0x20,0x03,0x00
2026-06-01T14:26:00Z,KZ-TR-001,43.262,76.941,65280,0x10,0x27,0x00,0x00
2026-06-01T14:27:00Z,KZ-TR-001,43.262,76.940,65265,0x00,0x00,0x40,0x02
2026-06-01T14:27:00Z,KZ-TR-001,43.262,76.940,65266,0x00,0x20,0x03,0x00
2026-06-01T14:27:00Z,KZ-TR-001,43.262,76.940,65280,0x10,0x27,0x00,0x00
2026-06-01T14:28:00Z,KZ-TR-001,43.259,76.947,65265,0x00,0x00,0x40,0x02
2026-06-01T14:28:00Z,KZ-TR-001,43.259,76.947,65266,0x00,0x20,0x03,0x00
2026-06-01T14:28:00Z,KZ-TR-001,43.259,76.947,65280,0x10,0x27,0x00,0x00
2026-06-01T14:29:00Z,KZ-TR-001,43.262,76.950,65265,0x00,0x00,0x40,0x02
2026-06-01T14:29:00Z,KZ-TR-001,43.262,76.950,65266,0x00,0x20,0x03,0x00
2026-06-01T14:29:00Z,KZ-TR-001,43.262,76.950,65280,0x10,0x27,0x00,0x00
2026-06-01T14:30:00Z,KZ-TR-001,43.263,76.942,65265,0x00,0x00,0x40,0x02
2026-06-01T14:30:00Z,KZ-TR-001,43.263,76.942,65266,0x00,0x20,0x03,0x00
2026-06-01T14:30:00Z,KZ-TR-001,43.263,76.942,65280,0x10,0x27,0x00,0x00
2026-06-01T14:31:00Z,KZ-TR-001,43.256,76.942,65265,0x00,0x00,0x40,0x02
2026-06-01T14:31:00Z,KZ-TR-001,43.256,76.942,65266,0x00,0x20,0x03,0x00
2026-06-01T14:31:00Z,KZ-TR-001,43.256,76.942,65280,0x10,0x27,0x00,0x00
2026-06-01T14:32:00Z,KZ-TR-001,43.263,76.942,65265,0x00,0x00,0x40,0x02
2026-06-01T14:32:00Z,KZ-TR-001,43.263,76.942,65266,0x00,0x20,0x03,0x00
2026-06-01T14:32:00Z,KZ-TR-001,43.263,76.942,65280,0x10,0x27,0x00,0x00
2026-06-01T14:33:00Z,KZ-TR-001,43.259,76.941,65265,0x00,0x00,0x40,0x02
2026-06-01T14:33:00Z,KZ-TR-001,43.259,76.941,65266,0x00,0x20,0x03,0x00
2026-06-01T14:33:00Z,KZ-TR-001,43.259,76.941,65280,0x10,0x27,0x00,0x00
2026-06-01T14:34:00Z,KZ-TR-001,43.257,76.941,65265,0x00,0x00,0x40,0x02
2026-06-01T14:34:00Z,KZ-TR-001,43.257,76.941,65266,0x00,0x20,0x03,0x00
2026-06-01T14:34:00Z,KZ-TR-001,43.257,76.941,65280,0x10,0x27,0x00,0x00
2026-06-01T14:35:00Z,KZ-TR-001,43.259,76.946,65265,0x00,0x00,0x40,0x02
2026-06-01T14:35:00Z,KZ-TR-001,43.259,76.946,65266,0x00,0x20,0x03,0x00
2026-06-01T14:35:00Z,KZ-TR-001,43.259,76.946,65280,0x10,0x27,0x00,0x00
2026-06-01T14:36:00Z,KZ-TR-001,43.259,76.947,65265,0x00,0x00,0x40,0x02
2026-06-01T14:36:00Z,KZ-TR-001,43.259,76.947,65266,0x00,0x20,0x03,0x00
2026-06-01T14:36:00Z,KZ-TR-001,43.259,76.947,65280,0x10,0x27,0x00,0x00
2026-06-01T14:37:00Z,KZ-TR-001,43.263,76.948,65265,0x00,0x00,0x40,0x02
2026-06-01T14:37:00Z,KZ-TR-001,43.263,76.948,65266,0x00,0x20,0x03,0x00
2026-06-01T14:37:00Z,KZ-TR-001,43.263,76.948,65280,0x10,0x27,0x00,0x00
2026-06-01T14:38:00Z,KZ-TR-001,43.261,76.947,65265,0x00,0x00,0x40,0x02
2026-06-01T14:38:00Z,KZ-TR-001,43.261,76.947,65266,0x00,0x20,0x03,0x00
2026-06-01T14:38:00Z,KZ-TR-001,43.261,76.947,65280,0x10,0x27,0x00,0x00
2026-06-01T14:39:00Z,KZ-TR-001,43.259,76.945,65265,0x00,0x00,0x40,0x02
2026-06-01T14:39:00Z,KZ-TR-001,43.259,76.945,65266,0x00,0x20,0x03,0x00
2026-06-01T14:39:00Z,KZ-TR-001,43.259,76.945,65280,0x10,0x27,0x00,0x00
2026-06-01T14:40:00Z,KZ-TR-001,43.256,76.948,65265,0x00,0x00,0x40,0x02
2026-06-01T14:40:00Z,KZ-TR-001,43.256,76.948,65266,0x00,0x20,0x03,0x00
2026-06-01T14:40:00Z,KZ-TR-001,43.256,76.948,65280,0x10,0x27,0x00,0x00
2026-06-01T14:41:00Z,KZ-TR-001,43.260,76.945,65265,0x00,0x00,0x40,0x02
2026-06-01T14:41:00Z,KZ-TR-001,43.260,76.945,65266,0x00,0x20,0x03,0x00
2026-06-01T14:41:00Z,KZ-TR-001,43.260,76.945,65280,0x10,0x27,0x00,0x00
2026-06-01T14:42:00Z,KZ-TR-001,43.263,76.948,65265,0x00,0x00,0x40,0x02
2026-06-01T14:42:00Z,KZ-TR-001,43.263,76.948,65266,0x00,0x20,0x03,0x00
2026-06-01T14:42:00Z,KZ-TR-001,43.263,76.948,65280,0x10,0x27,0x00,0x00
2026-06-01T14:43:00Z,KZ-TR-001,43.262,76.940,65265,0x00,0x00,0x40,0x02
2026-06-01T14:43:00Z,KZ-TR-001,43.262,76.940,65266,0x00,0x20,0x03,0x00
2026-06-01T14:43:00Z,KZ-TR-001,43.262,76.940,65280,0x10,0x27,0x00,0x00
2026-06-01T14:44:00Z,KZ-TR-001,43.257,76.942,65265,0x00,0x00,0x40,0x02
2026-06-01T14:44:00Z,KZ-TR-001,43.257,76.942,65266,0x00,0x20,0x03,0x00
2026-06-01T14:44:00Z,KZ-TR-001,43.257,76.942,65280,0x10,0x27,0x00,0x00
2026-06-01T14:45:00Z,KZ-TR-001,43.261,76.941,65265,0x00,0x00,0x40,0x02
2026-06-01T14:45:00Z,KZ-TR-001,43.261,76.941,65266,0x00,0x20,0x03,0x00
2026-06-01T14:45:00Z,KZ-TR-001,43.261,76.941,65280,0x10,0x27,0x00,0x00
2026-06-01T14:46:00Z,KZ-TR-001,43.263,76.946,65265,0x00,0x00,0x40,0x02
2026-06-01T14:46:00Z,KZ-TR-001,43.263,76.946,65266,0x00,0x20,0x03,0x00
2026-06-01T14:46:00Z,KZ-TR-001,43.263,76.946,65280,0x10,0x27,0x00,0x00
2026-06-01T14:47:00Z,KZ-TR-001,43.256,76.949,65265,0x00,0x00,0x40,0x02
2026-06-01T14:47:00Z,KZ-TR-001,43.256,76.949,65266,0x00,0x20,0x03,0x00
2026-06-01T14:47:00Z,KZ-TR-001,43.256,76.949,65280,0x10,0x27,0x00,0x00
2026-06-01T14:48:00Z,KZ-TR-001,43.256,76.942,65265,0x00,0x00,0x40,0x02
2026-06-01T14:48:00Z,KZ-TR-001,43.256,76.942,65266,0x00,0x20,0x03,0x00
2026-06-01T14:48:00Z,KZ-TR-001,43.256,76.942,65280,0x10,0x27,0x00,0x00
2026-06-01T14:49:00Z,KZ-TR-001,43.261,76.947,65265,0x00,0x00,0x40,0x02
2026-06-01T14:49:00Z,KZ-TR-001,43.261,76.947,65266,0x00,0x20,0x03,0x00
2026-06-01T14:49:00Z,KZ-TR-001,43.261,76.947,65280,0x10,0x27,0x00,0x00
2026-06-01T14:50:00Z,KZ-TR-001,43.261,76.941,65265,0x00,0x00,0x40,0x02
2026-06-01T14:50:00Z,KZ-TR-001,43.261,76.941,65266,0x00,0x20,0x03,0x00
2026-06-01T14:50:00Z,KZ-TR-001,43.261,76.941,65280,0x10,0x27,0x00,0x00
2026-06-01T14:51:00Z,KZ-TR-001,43.262,76.946,65265,0x00,0x00,0x40,0x02
2026-06-01T14:51:00Z,KZ-TR-001,43.262,76.946,65266,0x00,0x20,0x03,0x00
2026-06-01T14:51:00Z,KZ-TR-001,43.262,76.946,65280,0x10,0x27,0x00,0x00
2026-06-01T14:52:00Z,KZ-TR-001,43.264,76.950,65265,0x00,0x00,0x40,0x02
2026-06-01T14:52:00Z,KZ-TR-001,43.264,76.950,65266,0x00,0x20,0x03,0x00
2026-06-01T14:52:00Z,KZ-TR-001,43.264,76.950,65280,0x10,0x27,0x00,0x00
2026-06-01T14:53:00Z,KZ-TR-001,43.263,76.944,65265,0x00,0x00,0x40,0x02
2026-06-01T14:53:00Z,KZ-TR-001,43.263,76.944,65266,0x00,0x20,0x03,0x00
2026-06-01T14:53:00Z,KZ-TR-001,43.263,76.944,65280,0x10,0x27,0x00,0x00
2026-06-01T14:54:00Z,KZ-TR-001,43.257,76.943,65265,0x00,0x00,0x40,0x02
2026-06-01T14:54:00Z,KZ-TR-001,43.257,76.943,65266,0x00,0x20,0x03,0x00
2026-06-01T14:54:00Z,KZ-TR-001,43.257,76.943,65280,0x10,0x27,0x00,0x00
2026-06-01T14:55:00Z,KZ-TR-001,43.265,76.941,65265,0x00,0x00,0x40,0x02
2026-06-01T14:55:00Z,KZ-TR-001,43.265,76.941,65266,0x00,0x20,0x03,0x00
2026-06-01T14:55:00Z,KZ-TR-001,43.265,76.941,65280,0x10,0x27,0x00,0x00
2026-06-01T14:56:00Z,KZ-TR-001,43.263,76.950,65265,0x00,0x00,0x40,0x02
2026-06-01T14:56:00Z,KZ-TR-001,43.263,76.950,65266,0x00,0x20,0x03,0x00
2026-06-01T14:56:00Z,KZ-TR-001,43.263,76.950,65280,0x10,0x27,0x00,0x00
2026-06-01T14:57:00Z,KZ-TR-001,43.265,76.949,65265,0x00,0x00,0x40,0x02
2026-06-01T14:57:00Z,KZ-TR-001,43.265,76.949,65266,0x00,0x20,0x03,0x00
2026-06-01T14:57:00Z,KZ-TR-001,43.265,76.949,65280,0x10,0x27,0x00,0x00
2026-06-01T14:58:00Z,KZ-TR-001,43.256,76.944,65265,0x00,0x00,0x40,0x02
2026-06-01T14:58:00Z,KZ-TR-001,43.256,76.944,65266,0x00,0x20,0x03,0x00
2026-06-01T14:58:00Z,KZ-TR-001,43.256,76.944,65280,0x10,0x27,0x00,0x00
2026-06-01T14:59:00Z,KZ-TR-001,43.257,76.946,65265,0x00,0x00,0x40,0x02
2026-06-01T14:59:00Z,KZ-TR-001,43.257,76.946,65266,0x00,0x20,0x03,0x00
2026-06-01T14:59:00Z,KZ-TR-001,43.257,76.946,65280,0x10,0x27,0x00,0x00
2026-06-01T15:00:00Z,KZ-TR-001,43.264,76.948,65265,0x00,0x00,0x40,0x02
2026-06-01T15:00:00Z,KZ-TR-001,43.264,76.948,65266,0x00,0x20,0x03,0x00
2026-06-01T15:00:00Z,KZ-TR-001,43.264,76.948,65280,0x10,0x27,0x00,0x00
2026-06-01T15:01:00Z,KZ-TR-001,43.256,76.944,65265,0x00,0x00,0x40,0x02
2026-06-01T15:01:00Z,KZ-TR-001,43.256,76.944,65266,0x00,0x20,0x03,0x00
2026-06-01T15:01:00Z,KZ-TR-001,43.256,76.944,65280,0x10,0x27,0x00,0x00
2026-06-01T15:02:00Z,KZ-TR-001,43.257,76.944,65265,0x00,0x00,0x40,0x02
2026-06-01T15:02:00Z,KZ-TR-001,43.257,76.944,65266,0x00,0x20,0x03,0x00
2026-06-01T15:02:00Z,KZ-TR-001,43.257,76.944,65280,0x10,0x27,0x00,0x00
2026-06-01T15:03:00Z,KZ-TR-001,43.263,76.949,65265,0x00,0x00,0x40,0x02
2026-06-01T15:03:00Z,KZ-TR-001,43.263,76.949,65266,0x00,0x20,0x03,0x00
2026-06-01T15:03:00Z,KZ-TR-001,43.263,76.949,65280,0x10,0x27,0x00,0x00
2026-06-01T15:04:00Z,KZ-TR-001,43.257,76.945,65265,0x00,0x00,0x40,0x02
2026-06-01T15:04:00Z,KZ-TR-001,43.257,76.945,65266,0x00,0x20,0x03,0x00
2026-06-01T15:04:00Z,KZ-TR-001,43.257,76.945,65280,0x10,0x27,0x00,0x00
2026-06-01T15:05:00Z,KZ-TR-001,43.257,76.945,65265,0x00,0x00,0x40,0x02
2026-06-01T15:05:00Z,KZ-TR-001,43.257,76.945,65266,0x00,0x20,0x03,0x00
2026-06-01T15:05:00Z,KZ-TR-001,43.257,76.945,65280,0x10,0x27,0x00,0x00
2026-06-01T15:06:00Z,KZ-TR-001,43.260,76.942,65265,0x00,0x00,0x40,0x02
2026-06-01T15:06:00Z,KZ-TR-001,43.260,76.942,65266,0x00,0x20,0x03,0x00
2026-06-01T15:06:00Z,KZ-TR-001,43.260,76.942,65280,0x10,0x27,0x00,0x00
2026-06-01T15:07:00Z,KZ-TR-001,43.263,76.948,65265,0x00,0x00,0x40,0x02
2026-06-01T15:07:00Z,KZ-TR-001,43.263,76.948,65266,0x00,0x20,0x03,0x00
2026-06-01T15:07:00Z,KZ-TR-001,43.263,76.948,65280,0x10,0x27,0x00,0x00
2026-06-01T15:08:00Z,KZ-TR-001,43.256,76.948,65265,0x00,0x00,0x40,0x02
2026-06-01T15:08:00Z,KZ-TR-001,43.256,76.948,65266,0x00,0x20,0x03,0x00
2026-06-01T15:08:00Z,KZ-TR-001,43.256,76.948,65280,0x10,0x27,0x00,0x00
2026-06-01T15:09:00Z,KZ-TR-001,43.265,76.949,65265,0x00,0x00,0x40,0x02
2026-06-01T15:09:00Z,KZ-TR-001,43.265,76.949,65266,0x00,0x20,0x03,0x00
2026-06-01T15:09:00Z,KZ-TR-001,43.265,76.949,65280,0x10,0x27,0x00,0x00
2026-06-01T15:10:00Z,KZ-TR-001,43.265,76.940,65265,0x00,0x00,0x40,0x02
2026-06-01T15:10:00Z,KZ-TR-001,43.265,76.940,65266,0x00,0x20,0x03,0x00
2026-06-01T15:10:00Z,KZ-TR-001,43.265,76.940,65280,0x10,0x27,0x00,0x00
2026-06-01T15:11:00Z,KZ-TR-001,43.256,76.945,65265,0x00,0x00,0x40,0x02
2026-06-01T15:11:00Z,KZ-TR-001,43.256,76.945,65266,0x00,0x20,0x03,0x00
2026-06-01T15:11:00Z,KZ-TR-001,43.256,76.945,65280,0x10,0x27,0x00,0x00
2026-06-01T15:12:00Z,KZ-TR-001,43.261,76.947,65265,0x00,0x00,0x40,0x02
2026-06-01T15:12:00Z,KZ-TR-001,43.261,76.947,65266,0x00,0x20,0x03,0x00
2026-06-01T15:12:00Z,KZ-TR-001,43.261,76.947,65280,0x10,0x27,0x00,0x00
2026-06-01T15:13:00Z,KZ-TR-001,43.263,76.944,65265,0x00,0x00,0x40,0x02
2026-06-01T15:13:00Z,KZ-TR-001,43.263,76.944,65266,0x00,0x20,0x03,0x00
2026-06-01T15:13:00Z,KZ-TR-001,43.263,76.944,65280,0x10,0x27,0x00,0x00
2026-06-01T15:14:00Z,KZ-TR-001,43.255,76.941,65265,0x00,0x00,0x40,0x02
2026-06-01T15:14:00Z,KZ-TR-001,43.255,76.941,65266,0x00,0x20,0x03,0x00
2026-06-01T15:14:00Z,KZ-TR-001,43.255,76.941,65280,0x10,0x27,0x00,0x00
2026-06-01T15:15:00Z,KZ-TR-001,43.257,76.946,65265,0x00,0x00,0x40,0x02
2026-06-01T15:15:00Z,KZ-TR-001,43.257,76.946,65266,0x00,0x20,0x03,0x00
2026-06-01T15:15:00Z,KZ-TR-001,43.257,76.946,65280,0x10,0x27,0x00,0x00
2026-06-01T15:16:00Z,KZ-TR-001,43.256,76.942,65265,0x00,0x00,0x40,0x02
2026-06-01T15:16:00Z,KZ-TR-001,43.256,76.942,65266,0x00,0x20,0x03,0x00
2026-06-01T15:16:00Z,KZ-TR-001,43.256,76.942,65280,0x10,0x27,0x00,0x00
2026-06-01T15:17:00Z,KZ-TR-001,43.265,76.946,65265,0x00,0x00,0x40,0x02
2026-06-01T15:17:00Z,KZ-TR-001,43.265,76.946,65266,0x00,0x20,0x03,0x00
2026-06-01T15:17:00Z,KZ-TR-001,43.265,76.946,65280,0x10,0x27,0x00,0x00
2026-06-01T15:18:00Z,KZ-TR-001,43.265,76.942,65265,0x00,0x00,0x40,0x02
2026-06-01T15:18:00Z,KZ-TR-001,43.265,76.942,65266,0x00,0x20,0x03,0x00
2026-06-01T15:18:00Z,KZ-TR-001,43.265,76.942,65280,0x10,0x27,0x00,0x00
2026-06-01T15:19:00Z,KZ-TR-001,43.261,76.946,65265,0x00,0x00,0x40,0x02
2026-06-01T15:19:00Z,KZ-TR-001,43.261,76.946,65266,0x00,0x20,0x03,0x00
2026-06-01T15:19:00Z,KZ-TR-001,43.261,76.946,65280,0x10,0x27,0x00,0x00
2026-06-01T15:20:00Z,KZ-TR-001,43.257,76.940,65265,0x00,0x00,0x40,0x02
2026-06-01T15:20:00Z,KZ-TR-001,43.257,76.940,65266,0x00,0x20,0x03,0x00
2026-06-01T15:20:00Z,KZ-TR-001,43.257,76.940,65280,0x10,0x27,0x00,0x00
2026-06-01T15:21:00Z,KZ-TR-001,43.262,76.949,65265,0x00,0x00,0x40,0x02
2026-06-01T15:21:00Z,KZ-TR-001,43.262,76.949,65266,0x00,0x20,0x03,0x00
2026-06-01T15:21:00Z,KZ-TR-001,43.262,76.949,65280,0x10,0x27,0x00,0x00
2026-06-01T15:22:00Z,KZ-TR-001,43.265,76.942,65265,0x00,0x00,0x40,0x02
2026-06-01T15:22:00Z,KZ-TR-001,43.265,76.942,65266,0x00,0x20,0x03,0x00
2026-06-01T15:22:00Z,KZ-TR-001,43.265,76.942,65280,0x10,0x27,0x00,0x00
2026-06-01T15:23:00Z,KZ-TR-001,43.262,76.946,65265,0x00,0x00,0x40,0x02
2026-06-01T15:23:00Z,KZ-TR-001,43.262,76.946,65266,0x00,0x20,0x03,0x00
2026-06-01T15:23:00Z,KZ-TR-001,43.262,76.946,65280,0x10,0x27,0x00,0x00
2026-06-01T15:24:00Z,KZ-TR-001,43.261,76.940,65265,0x00,0x00,0x40,0x02
2026-06-01T15:24:00Z,KZ-TR-001,43.261,76.940,65266,0x00,0x20,0x03,0x00
2026-06-01T15:24:00Z,KZ-TR-001,43.261,76.940,65280,0x10,0x27,0x00,0x00
2026-06-01T15:25:00Z,KZ-TR-001,43.264,76.942,65265,0x00,0x00,0x40,0x02
2026-06-01T15:25:00Z,KZ-TR-001,43.264,76.942,65266,0x00,0x20,0x03,0x00
2026-06-01T15:25:00Z,KZ-TR-001,43.264,76.942,65280,0x10,0x27,0x00,0x00
2026-06-01T15:26:00Z,KZ-TR-001,43.255,76.945,65265,0x00,0x00,0x40,0x02
2026-06-01T15:26:00Z,KZ-TR-001,43.255,76.945,65266,0x00,0x20,0x03,0x00
2026-06-01T15:26:00Z,KZ-TR-001,43.255,76.945,65280,0x10,0x27,0x00,0x00
2026-06-01T15:27:00Z,KZ-TR-001,43.261,76.942,65265,0x00,0x00,0x40,0x02
2026-06-01T15:27:00Z,KZ-TR-001,43.261,76.942,65266,0x00,0x20,0x03,0x00
2026-06-01T15:27:00Z,KZ-TR-001,43.261,76.942,65280,0x10,0x27,0x00,0x00
2026-06-01T15:28:00Z,KZ-TR-001,43.257,76.943,65265,0x00,0x00,0x40,0x02
2026-06-01T15:28:00Z,KZ-TR-001,43.257,76.943,65266,0x00,0x20,0x03,0x00
2026-06-01T15:28:00Z,KZ-TR-001,43.257,76.943,65280,0x10,0x27,0x00,0x00
2026-06-01T15:29:00Z,KZ-TR-001,43.259,76.948,65265,0x00,0x00,0x40,0x02
2026-06-01T15:29:00Z,KZ-TR-001,43.259,76.948,65266,0x00,0x20,0x03,0x00
2026-06-01T15:29:00Z,KZ-TR-001,43.259,76.948,65280,0x10,0x27,0x00,0x00
2026-06-01T15:30:00Z,KZ-TR-001,43.265,76.949,65265,0x00,0x00,0x40,0x02
2026-06-01T15:30:00Z,KZ-TR-001,43.265,76.949,65266,0x00,0x20,0x03,0x00
2026-06-01T15:30:00Z,KZ-TR-001,43.265,76.949,65280,0x10,0x27,0x00,0x00
2026-06-01T15:31:00Z,KZ-TR-001,43.255,76.944,65265,0x00,0x00,0x40,0x02
2026-06-01T15:31:00Z,KZ-TR-001,43.255,76.944,65266,0x00,0x20,0x03,0x00
2026-06-01T15:31:00Z,KZ-TR-001,43.255,76.944,65280,0x10,0x27,0x00,0x00
2026-06-01T15:32:00Z,KZ-TR-001,43.261,76.943,65265,0x00,0x00,0x40,0x02
2026-06-01T15:32:00Z,KZ-TR-001,43.261,76.943,65266,0x00,0x20,0x03,0x00
2026-06-01T15:32:00Z,KZ-TR-001,43.261,76.943,65280,0x10,0x27,0x00,0x00
2026-06-01T15:33:00Z,KZ-TR-001,43.260,76.950,65265,0x00,0x00,0x40,0x02
2026-06-01T15:33:00Z,KZ-TR-001,43.260,76.950,65266,0x00,0x20,0x03,0x00
2026-06-01T15:33:00Z,KZ-TR-001,43.260,76.950,65280,0x10,0x27,0x00,0x00
2026-06-01T15:34:00Z,KZ-TR-001,43.264,76.944,65265,0x00,0x00,0x40,0x02
2026-06-01T15:34:00Z,KZ-TR-001,43.264,76.944,65266,0x00,0x20,0x03,0x00
2026-06-01T15:34:00Z,KZ-TR-001,43.264,76.944,65280,0x10,0x27,0x00,0x00
2026-06-01T15:35:00Z,KZ-TR-001,43.257,76.942,65265,0x00,0x00,0x40,0x02
2026-06-01T15:35:00Z,KZ-TR-001,43.257,76.942,65266,0x00,0x20,0x03,0x00
2026-06-01T15:35:00Z,KZ-TR-001,43.257,76.942,65280,0x10,0x27,0x00,0x00
2026-06-01T15:36:00Z,KZ-TR-001,43.257,76.943,65265,0x00,0x00,0x40,0x02
2026-06-01T15:36:00Z,KZ-TR-001,43.257,76.943,65266,0x00,0x20,0x03,0x00
2026-06-01T15:36:00Z,KZ-TR-001,43.257,76.943,65280,0x10,0x27,0x00,0x00
2026-06-01T15:37:00Z,KZ-TR-001,43.262,76.945,65265,0x00,0x00,0x40,0x02
2026-06-01T15:37:00Z,KZ-TR-001,43.262,76.945,65266,0x00,0x20,0x03,0x00
2026-06-01T15:37:00Z,KZ-TR-001,43.262,76.945,65280,0x10,0x27,0x00,0x00
2026-06-01T15:38:00Z,KZ-TR-001,43.259,76.944,65265,0x00,0x00,0x40,0x02
2026-06-01T15:38:00Z,KZ-TR-001,43.259,76.944,65266,0x00,0x20,0x03,0x00
2026-06-01T15:38:00Z,KZ-TR-001,43.259,76.944,65280,0x10,0x27,0x00,0x00
2026-06-01T15:39:00Z,KZ-TR-001,43.256,76.948,65265,0x00,0x00,0x40,0x02
2026-06-01T15:39:00Z,KZ-TR-001,43.256,76.948,65266,0x00,0x20,0x03,0x00
2026-06-01T15:39:00Z,KZ-TR-001,43.256,76.948,65280,0x10,0x27,0x00,0x00
2026-06-01T15:40:00Z,KZ-TR-001,43.264,76.948,65265,0x00,0x00,0x40,0x02
2026-06-01T15:40:00Z,KZ-TR-001,43.264,76.948,65266,0x00,0x20,0x03,0x00
2026-06-01T15:40:00Z,KZ-TR-001,43.264,76.948,65280,0x10,0x27,0x00,0x00
2026-06-01T15:41:00Z,KZ-TR-001,43.264,76.944,65265,0x00,0x00,0x40,0x02
2026-06-01T15:41:00Z,KZ-TR-001,43.264,76.944,65266,0x00,0x20,0x03,0x00
2026-06-01T15:41:00Z,KZ-TR-001,43.264,76.944,65280,0x10,0x27,0x00,0x00
2026-06-01T15:42:00Z,KZ-TR-001,43.263,76.942,65265,0x00,0x00,0x40,0x02
2026-06-01T15:42:00Z,KZ-TR-001,43.263,76.942,65266,0x00,0x20,0x03,0x00
2026-06-01T15:42:00Z,KZ-TR-001,43.263,76.942,65280,0x10,0x27,0x00,0x00
2026-06-01T15:43:00Z,KZ-TR-001,43.259,76.941,65265,0x00,0x00,0x40,0x02
2026-06-01T15:43:00Z,KZ-TR-001,43.259,76.941,65266,0x00,0x20,0x03,0x00
2026-06-01T15:43:00Z,KZ-TR-001,43.259,76.941,65280,0x10,0x27,0x00,0x00
2026-06-01T15:44:00Z,KZ-TR-001,43.258,76.950,65265,0x00,0x00,0x40,0x02
2026-06-01T15:44:00Z,KZ-TR-001,43.258,76.950,65266,0x00,0x20,0x03,0x00
2026-06-01T15:44:00Z,KZ-TR-001,43.258,76.950,65280,0x10,0x27,0x00,0x00
2026-06-01T15:45:00Z,KZ-TR-001,43.256,76.947,65265,0x00,0x00,0x40,0x02
2026-06-01T15:45:00Z,KZ-TR-001,43.256,76.947,65266,0x00,0x20,0x03,0x00
2026-06-01T15:45:00Z,KZ-TR-001,43.256,76.947,65280,0x10,0x27,0x00,0x00
2026-06-01T15:46:00Z,KZ-TR-001,43.264,76.948,65265,0x00,0x00,0x40,0x02
2026-06-01T15:46:00Z,KZ-TR-001,43.264,76.948,65266,0x00,0x20,0x03,0x00
2026-06-01T15:46:00Z,KZ-TR-001,43.264,76.948,65280,0x10,0x27,0x00,0x00
2026-06-01T15:47:00Z,KZ-TR-001,43.263,76.948,65265,0x00,0x00,0x40,0x02
2026-06-01T15:47:00Z,KZ-TR-001,43.263,76.948,65266,0x00,0x20,0x03,0x00
2026-06-01T15:47:00Z,KZ-TR-001,43.263,76.948,65280,0x10,0x27,0x00,0x00
2026-06-01T15:48:00Z,KZ-TR-001,43.257,76.942,65265,0x00,0x00,0x40,0x02
2026-06-01T15:48:00Z,KZ-TR-001,43.257,76.942,65266,0x00,0x20,0x03,0x00
2026-06-01T15:48:00Z,KZ-TR-001,43.257,76.942,65280,0x10,0x27,0x00,0x00
2026-06-01T15:49:00Z,KZ-TR-001,43.257,76.940,65265,0x00,0x00,0x40,0x02
2026-06-01T15:49:00Z,KZ-TR-001,43.257,76.940,65266,0x00,0x20,0x03,0x00
2026-06-01T15:49:00Z,KZ-TR-001,43.257,76.940,65280,0x10,0x27,0x00,0x00
2026-06-01T15:50:00Z,KZ-TR-001,43.259,76.945,65265,0x00,0x00,0x40,0x02
2026-06-01T15:50:00Z,KZ-TR-001,43.259,76.945,65266,0x00,0x20,0x03,0x00
2026-06-01T15:50:00Z,KZ-TR-001,43.259,76.945,65280,0x10,0x27,0x00,0x00
2026-06-01T15:51:00Z,KZ-TR-001,43.259,76.943,65265,0x00,0x00,0x40,0x02
2026-06-01T15:51:00Z,KZ-TR-001,43.259,76.943,65266,0x00,0x20,0x03,0x00
2026-06-01T15:51:00Z,KZ-TR-001,43.259,76.943,65280,0x10,0x27,0x00,0x00
2026-06-01T15:52:00Z,KZ-TR-001,43.263,76.944,65265,0x00,0x00,0x40,0x02
2026-06-01T15:52:00Z,KZ-TR-001,43.263,76.944,65266,0x00,0x20,0x03,0x00
2026-06-01T15:52:00Z,KZ-TR-001,43.263,76.944,65280,0x10,0x27,0x00,0x00
2026-06-01T15:53:00Z,KZ-TR-001,43.262,76.949,65265,0x00,0x00,0x40,0x02
2026-06-01T15:53:00Z,KZ-TR-001,43.262,76.949,65266,0x00,0x20,0x03,0x00
2026-06-01T15:53:00Z,KZ-TR-001,43.262,76.949,65280,0x10,0x27,0x00,0x00
2026-06-01T15:54:00Z,KZ-TR-001,43.260,76.947,65265,0x00,0x00,0x40,0x02
2026-06-01T15:54:00Z,KZ-TR-001,43.260,76.947,65266,0x00,0x20,0x03,0x00
2026-06-01T15:54:00Z,KZ-TR-001,43.260,76.947,65280,0x10,0x27,0x00,0x00
2026-06-01T15:55:00Z,KZ-TR-001,43.263,76.944,65265,0x00,0x00,0x40,0x02
2026-06-01T15:55:00Z,KZ-TR-001,43.263,76.944,65266,0x00,0x20,0x03,0x00
2026-06-01T15:55:00Z,KZ-TR-001,43.263,76.944,65280,0x10,0x27,0x00,0x00
2026-06-01T15:56:00Z,KZ-TR-001,43.263,76.942,65265,0x00,0x00,0x40,0x02
2026-06-01T15:56:00Z,KZ-TR-001,43.263,76.942,65266,0x00,0x20,0x03,0x00
2026-06-01T15:56:00Z,KZ-TR-001,43.263,76.942,65280,0x10,0x27,0x00,0x00
2026-06-01T15:57:00Z,KZ-TR-001,43.263,76.947,65265,0x00,0x00,0x40,0x02
2026-06-01T15:57:00Z,KZ-TR-001,43.263,76.947,65266,0x00,0x20,0x03,0x00
2026-06-01T15:57:00Z,KZ-TR-001,43.263,76.947,65280,0x10,0x27,0x00,0x00
2026-06-01T15:58:00Z,KZ-TR-001,43.261,76.943,65265,0x00,0x00,0x40,0x02
2026-06-01T15:58:00Z,KZ-TR-001,43.261,76.943,65266,0x00,0x20,0x03,0x00
2026-06-01T15:58:00Z,KZ-TR-001,43.261,76.943,65280,0x10,0x27,0x00,0x00
2026-06-01T15:59:00Z,KZ-TR-001,43.259,76.943,65265,0x00,0x00,0x40,0x02
2026-06-01T15:59:00Z,KZ-TR-001,43.259,76.943,65266,0x00,0x20,0x03,0x00
2026-06-01T15:59:00Z,KZ-TR-001,43.259,76.943,65280,0x10,0x27,0x00,0x00
2026-06-01T16:00:00Z,KZ-TR-001,43.259,76.943,65265,0x00,0x00,0x40,0x02
2026-06-01T16:00:00Z,KZ-TR-001,43.259,76.943,65266,0x00,0x20,0x03,0x00
2026-06-01T16:00:00Z,KZ-TR-001,43.259,76.943,65280,0x10,0x27,0x00,0x00
2026-06-01T16:01:00Z,KZ-TR-001,43.255,76.950,65265,0x00,0x00,0x40,0x02
2026-06-01T16:01:00Z,KZ-TR-001,43.255,76.950,65266,0x00,0x20,0x03,0x00
2026-06-01T16:01:00Z,KZ-TR-001,43.255,76.950,65280,0x10,0x27,0x00,0x00
2026-06-01T16:02:00Z,KZ-TR-001,43.261,76.941,65265,0x00,0x00,0x40,0x02
2026-06-01T16:02:00Z,KZ-TR-001,43.261,76.941,65266,0x00,0x20,0x03,0x00
2026-06-01T16:02:00Z,KZ-TR-001,43.261,76.941,65280,0x10,0x27,0x00,0x00
2026-06-01T16:03:00Z,KZ-TR-001,43.262,76.944,65265,0x00,0x00,0x40,0x02
2026-06-01T16:03:00Z,KZ-TR-001,43.262,76.944,65266,0x00,0x20,0x03,0x00
2026-06-01T16:03:00Z,KZ-TR-001,43.262,76.944,65280,0x10,0x27,0x00,0x00
2026-06-01T16:04:00Z,KZ-TR-001,43.265,76.944,65265,0x00,0x00,0x40,0x02
2026-06-01T16:04:00Z,KZ-TR-001,43.265,76.944,65266,0x00,0x20,0x03,0x00
2026-06-01T16:04:00Z,KZ-TR-001,43.265,76.944,65280,0x10,0x27,0x00,0x00
2026-06-01T16:05:00Z,KZ-TR-001,43.259,76.948,65265,0x00,0x00,0x40,0x02
2026-06-01T16:05:00Z,KZ-TR-001,43.259,76.948,65266,0x00,0x20,0x03,0x00
2026-06-01T16:05:00Z,KZ-TR-001,43.259,76.948,65280,0x10,0x27,0x00,0x00
2026-06-01T16:06:00Z,KZ-TR-001,43.260,76.945,65265,0x00,0x00,0x40,0x02
2026-06-01T16:06:00Z,KZ-TR-001,43.260,76.945,65266,0x00,0x20,0x03,0x00
2026-06-01T16:06:00Z,KZ-TR-001,43.260,76.945,65280,0x10,0x27,0x00,0x00
2026-06-01T16:07:00Z,KZ-TR-001,43.258,76.946,65265,0x00,0x00,0x40,0x02
2026-06-01T16:07:00Z,KZ-TR-001,43.258,76.946,65266,0x00,0x20,0x03,0x00
2026-06-01T16:07:00Z,KZ-TR-001,43.258,76.946,65280,0x10,0x27,0x00,0x00
2026-06-01T16:08:00Z,KZ-TR-001,43.263,76.940,65265,0x00,0x00,0x40,0x02
2026-06-01T16:08:00Z,KZ-TR-001,43.263,76.940,65266,0x00,0x20,0x03,0x00
2026-06-01T16:08:00Z,KZ-TR-001,43.263,76.940,65280,0x10,0x27,0x00,0x00
2026-06-01T16:09:00Z,KZ-TR-001,43.260,76.949,65265,0x00,0x00,0x40,0x02
2026-06-01T16:09:00Z,KZ-TR-001,43.260,76.949,65266,0x00,0x20,0x03,0x00
2026-06-01T16:09:00Z,KZ-TR-001,43.260,76.949,65280,0x10,0x27,0x00,0x00
2026-06-01T16:10:00Z,KZ-TR-001,43.259,76.947,65265,0x00,0x00,0x40,0x02
2026-06-01T16:10:00Z,KZ-TR-001,43.259,76.947,65266,0x00,0x20,0x03,0x00
2026-06-01T16:10:00Z,KZ-TR-001,43.259,76.947,65280,0x10,0x27,0x00,0x00
2026-06-01T16:11:00Z,KZ-TR-001,43.264,76.941,65265,0x00,0x00,0x40,0x02
2026-06-01T16:11:00Z,KZ-TR-001,43.264,76.941,65266,0x00,0x20,0x03,0x00
2026-06-01T16:11:00Z,KZ-TR-001,43.264,76.941,65280,0x10,0x27,0x00,0x00
2026-06-01T16:12:00Z,KZ-TR-001,43.262,76.946,65265,0x00,0x00,0x40,0x02
2026-06-01T16:12:00Z,KZ-TR-001,43.262,76.946,65266,0x00,0x20,0x03,0x00
2026-06-01T16:12:00Z,KZ-TR-001,43.262,76.946,65280,0x10,0x27,0x00,0x00
2026-06-01T16:13:00Z,KZ-TR-001,43.259,76.945,65265,0x00,0x00,0x40,0x02
2026-06-01T16:13:00Z,KZ-TR-001,43.259,76.945,65266,0x00,0x20,0x03,0x00
2026-06-01T16:13:00Z,KZ-TR-001,43.259,76.945,65280,0x10,0x27,0x00,0x00
2026-06-01T16:14:00Z,KZ-TR-001,43.255,76.950,65265,0x00,0x00,0x40,0x02
2026-06-01T16:14:00Z,KZ-TR-001,43.255,76.950,65266,0x00,0x20,0x03,0x00
2026-06-01T16:14:00Z,KZ-TR-001,43.255,76.950,65280,0x10,0x27,0x00,0x00
2026-06-01T16:15:00Z,KZ-TR-001,43.258,76.945,65265,0x00,0x00,0x40,0x02
2026-06-01T16:15:00Z,KZ-TR-001,43.258,76.945,65266,0x00,0x20,0x03,0x00
2026-06-01T16:15:00Z,KZ-TR-001,43.258,76.945,65280,0x10,0x27,0x00,0x00
2026-06-01T16:16:00Z,KZ-TR-001,43.261,76.941,65265,0x00,0x00,0x40,0x02
2026-06-01T16:16:00Z,KZ-TR-001,43.261,76.941,65266,0x00,0x20,0x03,0x00
2026-06-01T16:16:00Z,KZ-TR-001,43.261,76.941,65280,0x10,0x27,0x00,0x00
2026-06-01T16:17:00Z,KZ-TR-001,43.260,76.943,65265,0x00,0x00,0x40,0x02
2026-06-01T16:17:00Z,KZ-TR-001,43.260,76.943,65266,0x00,0x20,0x03,0x00
2026-06-01T16:17:00Z,KZ-TR-001,43.260,76.943,65280,0x10,0x27,0x00,0x00
2026-06-01T16:18:00Z,KZ-TR-001,43.258,76.947,65265,0x00,0x00,0x40,0x02
2026-06-01T16:18:00Z,KZ-TR-001,43.258,76.947,65266,0x00,0x20,0x03,0x00
2026-06-01T16:18:00Z,KZ-TR-001,43.258,76.947,65280,0x10,0x27,0x00,0x00
2026-06-01T16:19:00Z,KZ-TR-001,43.263,76.945,65265,0x00,0x00,0x40,0x02
2026-06-01T16:19:00Z,KZ-TR-001,43.263,76.945,65266,0x00,0x20,0x03,0x00
2026-06-01T16:19:00Z,KZ-TR-001,43.263,76.945,65280,0x10,0x27,0x00,0x00
2026-06-01T16:20:00Z,KZ-TR-001,43.264,76.941,65265,0x00,0x00,0x40,0x02
2026-06-01T16:20:00Z,KZ-TR-001,43.264,76.941,65266,0x00,0x20,0x03,0x00
2026-06-01T16:20:00Z,KZ-TR-001,43.264,76.941,65280,0x10,0x27,0x00,0x00
2026-06-01T16:21:00Z,KZ-TR-001,43.258,76.945,65265,0x00,0x00,0x40,0x02
2026-06-01T16:21:00Z,KZ-TR-001,43.258,76.945,65266,0x00,0x20,0x03,0x00
2026-06-01T16:21:00Z,KZ-TR-001,43.258,76.945,65280,0x10,0x27,0x00,0x00
2026-06-01T16:22:00Z,KZ-TR-001,43.260,76.940,65265,0x00,0x00,0x40,0x02
2026-06-01T16:22:00Z,KZ-TR-001,43.260,76.940,65266,0x00,0x20,0x03,0x00
2026-06-01T16:22:00Z,KZ-TR-001,43.260,76.940,65280,0x10,0x27,0x00,0x00
2026-06-01T16:23:00Z,KZ-TR-001,43.256,76.946,65265,0x00,0x00,0x40,0x02
2026-06-01T16:23:00Z,KZ-TR-001,43.256,76.946,65266,0x00,0x20,0x03,0x00
2026-06-01T16:23:00Z,KZ-TR-001,43.256,76.946,65280,0x10,0x27,0x00,0x00
2026-06-01T16:24:00Z,KZ-TR-001,43.255,76.947,65265,0x00,0x00,0x40,0x02
2026-06-01T16:24:00Z,KZ-TR-001,43.255,76.947,65266,0x00,0x20,0x03,0x00
2026-06-01T16:24:00Z,KZ-TR-001,43.255,76.947,65280,0x10,0x27,0x00,0x00
2026-06-01T16:25:00Z,KZ-TR-001,43.264,76.942,65265,0x00,0x00,0x40,0x02
2026-06-01T16:25:00Z,KZ-TR-001,43.264,76.942,65266,0x00,0x20,0x03,0x00
2026-06-01T16:25:00Z,KZ-TR-001,43.264,76.942,65280,0x10,0x27,0x00,0x00
2026-06-01T16:26:00Z,KZ-TR-001,43.260,76.945,65265,0x00,0x00,0x40,0x02
2026-06-01T16:26:00Z,KZ-TR-001,43.260,76.945,65266,0x00,0x20,0x03,0x00
2026-06-01T16:26:00Z,KZ-TR-001,43.260,76.945,65280,0x10,0x27,0x00,0x00
2026-06-01T16:27:00Z,KZ-TR-001,43.260,76.940,65265,0x00,0x00,0x40,0x02
2026-06-01T16:27:00Z,KZ-TR-001,43.260,76.940,65266,0x00,0x20,0x03,0x00
2026-06-01T16:27:00Z,KZ-TR-001,43.260,76.940,65280,0x10,0x27,0x00,0x00
2026-06-01T16:28:00Z,KZ-TR-001,43.260,76.946,65265,0x00,0x00,0x40,0x02
2026-06-01T16:28:00Z,KZ-TR-001,43.260,76.946,65266,0x00,0x20,0x03,0x00
2026-06-01T16:28:00Z,KZ-TR-001,43.260,76.946,65280,0x10,0x27,0x00,0x00
2026-06-01T16:29:00Z,KZ-TR-001,43.262,76.941,65265,0x00,0x00,0x40,0x02
2026-06-01T16:29:00Z,KZ-TR-001,43.262,76.941,65266,0x00,0x20,0x03,0x00
2026-06-01T16:29:00Z,KZ-TR-001,43.262,76.941,65280,0x10,0x27,0x00,0x00
2026-06-01T16:30:00Z,KZ-TR-001,43.259,76.942,65265,0x00,0x00,0x40,0x02
2026-06-01T16:30:00Z,KZ-TR-001,43.259,76.942,65266,0x00,0x20,0x03,0x00
2026-06-01T16:30:00Z,KZ-TR-001,43.259,76.942,65280,0x10,0x27,0x00,0x00
2026-06-01T16:31:00Z,KZ-TR-001,43.261,76.944,65265,0x00,0x00,0x40,0x02
2026-06-01T16:31:00Z,KZ-TR-001,43.261,76.944,65266,0x00,0x20,0x03,0x00
2026-06-01T16:31:00Z,KZ-TR-001,43.261,76.944,65280,0x10,0x27,0x00,0x00
2026-06-01T16:32:00Z,KZ-TR-001,43.261,76.943,65265,0x00,0x00,0x40,0x02
2026-06-01T16:32:00Z,KZ-TR-001,43.261,76.943,65266,0x00,0x20,0x03,0x00
2026-06-01T16:32:00Z,KZ-TR-001,43.261,76.943,65280,0x10,0x27,0x00,0x00
2026-06-01T16:33:00Z,KZ-TR-001,43.265,76.947,65265,0x00,0x00,0x40,0x02
2026-06-01T16:33:00Z,KZ-TR-001,43.265,76.947,65266,0x00,0x20,0x03,0x00
2026-06-01T16:33:00Z,KZ-TR-001,43.265,76.947,65280,0x10,0x27,0x00,0x00
2026-06-01T16:34:00Z,KZ-TR-001,43.262,76.947,65265,0x00,0x00,0x40,0x02
2026-06-01T16:34:00Z,KZ-TR-001,43.262,76.947,65266,0x00,0x20,0x03,0x00
2026-06-01T16:34:00Z,KZ-TR-001,43.262,76.947,65280,0x10,0x27,0x00,0x00
2026-06-01T16:35:00Z,KZ-TR-001,43.265,76.943,65265,0x00,0x00,0x40,0x02
2026-06-01T16:35:00Z,KZ-TR-001,43.265,76.943,65266,0x00,0x20,0x03,0x00
2026-06-01T16:35:00Z,KZ-TR-001,43.265,76.943,65280,0x10,0x27,0x00,0x00
2026-06-01T16:36:00Z,KZ-TR-001,43.260,76.942,65265,0x00,0x00,0x40,0x02
2026-06-01T16:36:00Z,KZ-TR-001,43.260,76.942,65266,0x00,0x20,0x03,0x00
2026-06-01T16:36:00Z,KZ-TR-001,43.260,76.942,65280,0x10,0x27,0x00,0x00
2026-06-01T16:37:00Z,KZ-TR-001,43.264,76.950,65265,0x00,0x00,0x40,0x02
2026-06-01T16:37:00Z,KZ-TR-001,43.264,76.950,65266,0x00,0x20,0x03,0x00
2026-06-01T16:37:00Z,KZ-TR-001,43.264,76.950,65280,0x10,0x27,0x00,0x00
2026-06-01T16:38:00Z,KZ-TR-001,43.259,76.942,65265,0x00,0x00,0x40,0x02
2026-06-01T16:38:00Z,KZ-TR-001,43.259,76.942,65266,0x00,0x20,0x03,0x00
2026-06-01T16:38:00Z,KZ-TR-001,43.259,76.942,65280,0x10,0x27,0x00,0x00
2026-06-01T16:39:00Z,KZ-TR-001,43.258,76.949,65265,0x00,0x00,0x40,0x02
2026-06-01T16:39:00Z,KZ-TR-001,43.258,76.949,65266,0x00,0x20,0x03,0x00
2026-06-01T16:39:00Z,KZ-TR-001,43.258,76.949,65280,0x10,0x27,0x00,0x00
2026-06-01T16:40:00Z,KZ-TR-001,43.255,76.942,65265,0x00,0x00,0x40,0x02
2026-06-01T16:40:00Z,KZ-TR-001,43.255,76.942,65266,0x00,0x20,0x03,0x00
2026-06-01T16:40:00Z,KZ-TR-001,43.255,76.942,65280,0x10,0x27,0x00,0x00
2026-06-01T16:41:00Z,KZ-TR-001,43.265,76.947,65265,0x00,0x00,0x40,0x02
2026-06-01T16:41:00Z,KZ-TR-001,43.265,76.947,65266,0x00,0x20,0x03,0x00
2026-06-01T16:41:00Z,KZ-TR-001,43.265,76.947,65280,0x10,0x27,0x00,0x00
2026-06-01T16:42:00Z,KZ-TR-001,43.263,76.947,65265,0x00,0x00,0x40,0x02
2026-06-01T16:42:00Z,KZ-TR-001,43.263,76.947,65266,0x00,0x20,0x03,0x00
2026-06-01T16:42:00Z,KZ-TR-001,43.263,76.947,65280,0x10,0x27,0x00,0x00
2026-06-01T16:43:00Z,KZ-TR-001,43.264,76.941,65265,0x00,0x00,0x40,0x02
2026-06-01T16:43:00Z,KZ-TR-001,43.264,76.941,65266,0x00,0x20,0x03,0x00
2026-06-01T16:43:00Z,KZ-TR-001,43.264,76.941,65280,0x10,0x27,0x00,0x00
2026-06-01T16:44:00Z,KZ-TR-001,43.256,76.943,65265,0x00,0x00,0x40,0x02
2026-06-01T16:44:00Z,KZ-TR-001,43.256,76.943,65266,0x00,0x20,0x03,0x00
2026-06-01T16:44:00Z,KZ-TR-001,43.256,76.943,65280,0x10,0x27,0x00,0x00
2026-06-01T16:45:00Z,KZ-TR-001,43.263,76.945,65265,0x00,0x00,0x40,0x02
2026-06-01T16:45:00Z,KZ-TR-001,43.263,76.945,65266,0x00,0x20,0x03,0x00
2026-06-01T16:45:00Z,KZ-TR-001,43.263,76.945,65280,0x10,0x27,0x00,0x00
2026-06-01T16:46:00Z,KZ-TR-001,43.255,76.950,65265,0x00,0x00,0x40,0x02
2026-06-01T16:46:00Z,KZ-TR-001,43.255,76.950,65266,0x00,0x20,0x03,0x00
2026-06-01T16:46:00Z,KZ-TR-001,43.255,76.950,65280,0x10,0x27,0x00,0x00
2026-06-01T16:47:00Z,KZ-TR-001,43.262,76.949,65265,0x00,0x00,0x40,0x02
2026-06-01T16:47:00Z,KZ-TR-001,43.262,76.949,65266,0x00,0x20,0x03,0x00
2026-06-01T16:47:00Z,KZ-TR-001,43.262,76.949,65280,0x10,0x27,0x00,0x00
2026-06-01T16:48:00Z,KZ-TR-001,43.264,76.948,65265,0x00,0x00,0x40,0x02
2026-06-01T16:48:00Z,KZ-TR-001,43.264,76.948,65266,0x00,0x20,0x03,0x00
2026-06-01T16:48:00Z,KZ-TR-001,43.264,76.948,65280,0x10,0x27,0x00,0x00
2026-06-01T16:49:00Z,KZ-TR-001,43.256,76.946,65265,0x00,0x00,0x40,0x02
2026-06-01T16:49:00Z,KZ-TR-001,43.256,76.946,65266,0x00,0x20,0x03,0x00
2026-06-01T16:49:00Z,KZ-TR-001,43.256,76.946,65280,0x10,0x27,0x00,0x00
2026-06-01T16:50:00Z,KZ-TR-001,43.258,76.942,65265,0x00,0x00,0x40,0x02
2026-06-01T16:50:00Z,KZ-TR-001,43.258,76.942,65266,0x00,0x20,0x03,0x00
2026-06-01T16:50:00Z,KZ-TR-001,43.258,76.942,65280,0x10,0x27,0x00,0x00
2026-06-01T16:51:00Z,KZ-TR-001,43.259,76.950,65265,0x00,0x00,0x40,0x02
2026-06-01T16:51:00Z,KZ-TR-001,43.259,76.950,65266,0x00,0x20,0x03,0x00
2026-06-01T16:51:00Z,KZ-TR-001,43.259,76.950,65280,0x10,0x27,0x00,0x00
2026-06-01T16:52:00Z,KZ-TR-001,43.256,76.940,65265,0x00,0x00,0x40,0x02
2026-06-01T16:52:00Z,KZ-TR-001,43.256,76.940,65266,0x00,0x20,0x03,0x00
2026-06-01T16:52:00Z,KZ-TR-001,43.256,76.940,65280,0x10,0x27,0x00,0x00
2026-06-01T16:53:00Z,KZ-TR-001,43.259,76.946,65265,0x00,0x00,0x40,0x02
2026-06-01T16:53:00Z,KZ-TR-001,43.259,76.946,65266,0x00,0x20,0x03,0x00
2026-06-01T16:53:00Z,KZ-TR-001,43.259,76.946,65280,0x10,0x27,0x00,0x00
2026-06-01T16:54:00Z,KZ-TR-001,43.256,76.944,65265,0x00,0x00,0x40,0x02
2026-06-01T16:54:00Z,KZ-TR-001,43.256,76.944,65266,0x00,0x20,0x03,0x00
2026-06-01T16:54:00Z,KZ-TR-001,43.256,76.944,65280,0x10,0x27,0x00,0x00
2026-06-01T16:55:00Z,KZ-TR-001,43.263,76.940,65265,0x00,0x00,0x40,0x02
2026-06-01T16:55:00Z,KZ-TR-001,43.263,76.940,65266,0x00,0x20,0x03,0x00
2026-06-01T16:55:00Z,KZ-TR-001,43.263,76.940,65280,0x10,0x27,0x00,0x00
2026-06-01T16:56:00Z,KZ-TR-001,43.257,76.943,65265,0x00,0x00,0x40,0x02
2026-06-01T16:56:00Z,KZ-TR-001,43.257,76.943,65266,0x00,0x20,0x03,0x00
2026-06-01T16:56:00Z,KZ-TR-001,43.257,76.943,65280,0x10,0x27,0x00,0x00
2026-06-01T16:57:00Z,KZ-TR-001,43.260,76.948,65265,0x00,0x00,0x40,0x02
2026-06-01T16:57:00Z,KZ-TR-001,43.260,76.948,65266,0x00,0x20,0x03,0x00
2026-06-01T16:57:00Z,KZ-TR-001,43.260,76.948,65280,0x10,0x27,0x00,0x00
2026-06-01T16:58:00Z,KZ-TR-001,43.263,76.942,65265,0x00,0x00,0x40,0x02
2026-06-01T16:58:00Z,KZ-TR-001,43.263,76.942,65266,0x00,0x20,0x03,0x00
2026-06-01T16:58:00Z,KZ-TR-001,43.263,76.942,65280,0x10,0x27,0x00,0x00
2026-06-01T16:59:00Z,KZ-TR-001,43.260,76.944,65265,0x00,0x00,0x40,0x02
2026-06-01T16:59:00Z,KZ-TR-001,43.260,76.944,65266,0x00,0x20,0x03,0x00
2026-06-01T16:59:00Z,KZ-TR-001,43.260,76.944,65280,0x10,0x27,0x00,0x00
2026-06-01T17:00:00Z,KZ-TR-001,43.259,76.947,65265,0x00,0x00,0x40,0x02
2026-06-01T17:00:00Z,KZ-TR-001,43.259,76.947,65266,0x00,0x20,0x03,0x00
2026-06-01T17:00:00Z,KZ-TR-001,43.259,76.947,65280,0x10,0x27,0x00,0x00
2026-06-01T17:01:00Z,KZ-TR-001,43.262,76.943,65265,0x00,0x00,0x40,0x02
2026-06-01T17:01:00Z,KZ-TR-001,43.262,76.943,65266,0x00,0x20,0x03,0x00
2026-06-01T17:01:00Z,KZ-TR-001,43.262,76.943,65280,0x10,0x27,0x00,0x00
2026-06-01T17:02:00Z,KZ-TR-001,43.261,76.943,65265,0x00,0x00,0x40,0x02
2026-06-01T17:02:00Z,KZ-TR-001,43.261,76.943,65266,0x00,0x20,0x03,0x00
2026-06-01T17:02:00Z,KZ-TR-001,43.261,76.943,65280,0x10,0x27,0x00,0x00
2026-06-01T17:03:00Z,KZ-TR-001,43.256,76.941,65265,0x00,0x00,0x40,0x02
2026-06-01T17:03:00Z,KZ-TR-001,43.256,76.941,65266,0x00,0x20,0x03,0x00
2026-06-01T17:03:00Z,KZ-TR-001,43.256,76.941,65280,0x10,0x27,0x00,0x00
2026-06-01T17:04:00Z,KZ-TR-001,43.256,76.944,65265,0x00,0x00,0x40,0x02
2026-06-01T17:04:00Z,KZ-TR-001,43.256,76.944,65266,0x00,0x20,0x03,0x00
2026-06-01T17:04:00Z,KZ-TR-001,43.256,76.944,65280,0x10,0x27,0x00,0x00
2026-06-01T17:05:00Z,KZ-TR-001,43.257,76.944,65265,0x00,0x00,0x40,0x02
2026-06-01T17:05:00Z,KZ-TR-001,43.257,76.944,65266,0x00,0x20,0x03,0x00
2026-06-01T17:05:00Z,KZ-TR-001,43.257,76.944,65280,0x10,0x27,0x00,0x00
2026-06-01T17:06:00Z,KZ-TR-001,43.260,76.942,65265,0x00,0x00,0x40,0x02
2026-06-01T17:06:00Z,KZ-TR-001,43.260,76.942,65266,0x00,0x20,0x03,0x00
2026-06-01T17:06:00Z,KZ-TR-001,43.260,76.942,65280,0x10,0x27,0x00,0x00
2026-06-01T17:07:00Z,KZ-TR-001,43.263,76.943,65265,0x00,0x00,0x40,0x02
2026-06-01T17:07:00Z,KZ-TR-001,43.263,76.943,65266,0x00,0x20,0x03,0x00
2026-06-01T17:07:00Z,KZ-TR-001,43.263,76.943,65280,0x10,0x27,0x00,0x00
2026-06-01T17:08:00Z,KZ-TR-001,43.264,76.942,65265,0x00,0x00,0x40,0x02
2026-06-01T17:08:00Z,KZ-TR-001,43.264,76.942,65266,0x00,0x20,0x03,0x00
2026-06-01T17:08:00Z,KZ-TR-001,43.264,76.942,65280,0x10,0x27,0x00,0x00
2026-06-01T17:09:00Z,KZ-TR-001,43.259,76.948,65265,0x00,0x00,0x40,0x02
2026-06-01T17:09:00Z,KZ-TR-001,43.259,76.948,65266,0x00,0x20,0x03,0x00
2026-06-01T17:09:00Z,KZ-TR-001,43.259,76.948,65280,0x10,0x27,0x00,0x00
2026-06-01T17:10:00Z,KZ-TR-001,43.261,76.947,65265,0x00,0x00,0x40,0x02
2026-06-01T17:10:00Z,KZ-TR-001,43.261,76.947,65266,0x00,0x20,0x03,0x00
2026-06-01T17:10:00Z,KZ-TR-001,43.261,76.947,65280,0x10,0x27,0x00,0x00
2026-06-01T17:11:00Z,KZ-TR-001,43.261,76.947,65265,0x00,0x00,0x40,0x02
2026-06-01T17:11:00Z,KZ-TR-001,43.261,76.947,65266,0x00,0x20,0x03,0x00
2026-06-01T17:11:00Z,KZ-TR-001,43.261,76.947,65280,0x10,0x27,0x00,0x00
2026-06-01T17:12:00Z,KZ-TR-001,43.257,76.942,65265,0x00,0x00,0x40,0x02
2026-06-01T17:12:00Z,KZ-TR-001,43.257,76.942,65266,0x00,0x20,0x03,0x00
2026-06-01T17:12:00Z,KZ-TR-001,43.257,76.942,65280,0x10,0x27,0x00,0x00
2026-06-01T17:13:00Z,KZ-TR-001,43.262,76.941,65265,0x00,0x00,0x40,0x02
2026-06-01T17:13:00Z,KZ-TR-001,43.262,76.941,65266,0x00,0x20,0x03,0x00
2026-06-01T17:13:00Z,KZ-TR-001,43.262,76.941,65280,0x10,0x27,0x00,0x00
2026-06-01T17:14:00Z,KZ-TR-001,43.261,76.949,65265,0x00,0x00,0x40,0x02
2026-06-01T17:14:00Z,KZ-TR-001,43.261,76.949,65266,0x00,0x20,0x03,0x00
2026-06-01T17:14:00Z,KZ-TR-001,43.261,76.949,65280,0x10,0x27,0x00,0x00
2026-06-01T17:15:00Z,KZ-TR-001,43.259,76.941,65265,0x00,0x00,0x40,0x02
2026-06-01T17:15:00Z,KZ-TR-001,43.259,76.941,65266,0x00,0x20,0x03,0x00
2026-06-01T17:15:00Z,KZ-TR-001,43.259,76.941,65280,0x10,0x27,0x00,0x00
2026-06-01T17:16:00Z,KZ-TR-001,43.265,76.946,65265,0x00,0x00,0x40,0x02
2026-06-01T17:16:00Z,KZ-TR-001,43.265,76.946,65266,0x00,0x20,0x03,0x00
2026-06-01T17:16:00Z,KZ-TR-001,43.265,76.946,65280,0x10,0x27,0x00,0x00
2026-06-01T17:17:00Z,KZ-TR-001,43.259,76.942,65265,0x00,0x00,0x40,0x02
2026-06-01T17:17:00Z,KZ-TR-001,43.259,76.942,65266,0x00,0x20,0x03,0x00
2026-06-01T17:17:00Z,KZ-TR-001,43.259,76.942,65280,0x10,0x27,0x00,0x00
2026-06-01T17:18:00Z,KZ-TR-001,43.264,76.942,65265,0x00,0x00,0x40,0x02
2026-06-01T17:18:00Z,KZ-TR-001,43.264,76.942,65266,0x00,0x20,0x03,0x00
2026-06-01T17:18:00Z,KZ-TR-001,43.264,76.942,65280,0x10,0x27,0x00,0x00
2026-06-01T17:19:00Z,KZ-TR-001,43.258,76.947,65265,0x00,0x00,0x40,0x02
2026-06-01T17:19:00Z,KZ-TR-001,43.258,76.947,65266,0x00,0x20,0x03,0x00
2026-06-01T17:19:00Z,KZ-TR-001,43.258,76.947,65280,0x10,0x27,0x00,0x00
2026-06-01T17:20:00Z,KZ-TR-001,43.255,76.942,65265,0x00,0x00,0x40,0x02
2026-06-01T17:20:00Z,KZ-TR-001,43.255,76.942,65266,0x00,0x20,0x03,0x00
2026-06-01T17:20:00Z,KZ-TR-001,43.255,76.942,65280,0x10,0x27,0x00,0x00
2026-06-01T17:21:00Z,KZ-TR-001,43.255,76.944,65265,0x00,0x00,0x40,0x02
2026-06-01T17:21:00Z,KZ-TR-001,43.255,76.944,65266,0x00,0x20,0x03,0x00
2026-06-01T17:21:00Z,KZ-TR-001,43.255,76.944,65280,0x10,0x27,0x00,0x00
2026-06-01T17:22:00Z,KZ-TR-001,43.262,76.942,65265,0x00,0x00,0x40,0x02
2026-06-01T17:22:00Z,KZ-TR-001,43.262,76.942,65266,0x00,0x20,0x03,0x00
2026-06-01T17:22:00Z,KZ-TR-001,43.262,76.942,65280,0x10,0x27,0x00,0x00
2026-06-01T17:23:00Z,KZ-TR-001,43.263,76.944,65265,0x00,0x00,0x40,0x02
2026-06-01T17:23:00Z,KZ-TR-001,43.263,76.944,65266,0x00,0x20,0x03,0x00
2026-06-01T17:23:00Z,KZ-TR-001,43.263,76.944,65280,0x10,0x27,0x00,0x00
2026-06-01T17:24:00Z,KZ-TR-001,43.264,76.941,65265,0x00,0x00,0x40,0x02
2026-06-01T17:24:00Z,KZ-TR-001,43.264,76.941,65266,0x00,0x20,0x03,0x00
2026-06-01T17:24:00Z,KZ-TR-001,43.264,76.941,65280,0x10,0x27,0x00,0x00
2026-06-01T17:25:00Z,KZ-TR-001,43.263,76.942,65265,0x00,0x00,0x40,0x02
2026-06-01T17:25:00Z,KZ-TR-001,43.263,76.942,65266,0x00,0x20,0x03,0x00
2026-06-01T17:25:00Z,KZ-TR-001,43.263,76.942,65280,0x10,0x27,0x00,0x00
2026-06-01T17:26:00Z,KZ-TR-001,43.261,76.947,65265,0x00,0x00,0x40,0x02
2026-06-01T17:26:00Z,KZ-TR-001,43.261,76.947,65266,0x00,0x20,0x03,0x00
2026-06-01T17:26:00Z,KZ-TR-001,43.261,76.947,65280,0x10,0x27,0x00,0x00
2026-06-01T17:27:00Z,KZ-TR-001,43.255,76.946,65265,0x00,0x00,0x40,0x02
2026-06-01T17:27:00Z,KZ-TR-001,43.255,76.946,65266,0x00,0x20,0x03,0x00
2026-06-01T17:27:00Z,KZ-TR-001,43.255,76.946,65280,0x10,0x27,0x00,0x00
2026-06-01T17:28:00Z,KZ-TR-001,43.262,76.945,65265,0x00,0x00,0x40,0x02
2026-06-01T17:28:00Z,KZ-TR-001,43.262,76.945,65266,0x00,0x20,0x03,0x00
2026-06-01T17:28:00Z,KZ-TR-001,43.262,76.945,65280,0x10,0x27,0x00,0x00
2026-06-01T17:29:00Z,KZ-TR-001,43.262,76.947,65265,0x00,0x00,0x40,0x02
2026-06-01T17:29:00Z,KZ-TR-001,43.262,76.947,65266,0x00,0x20,0x03,0x00
2026-06-01T17:29:00Z,KZ-TR-001,43.262,76.947,65280,0x10,0x27,0x00,0x00
2026-06-01T17:30:00Z,KZ-TR-001,43.258,76.949,65265,0x00,0x00,0x40,0x02
2026-06-01T17:30:00Z,KZ-TR-001,43.258,76.949,65266,0x00,0x20,0x03,0x00
2026-06-01T17:30:00Z,KZ-TR-001,43.258,76.949,65280,0x10,0x27,0x00,0x00
2026-06-01T17:31:00Z,KZ-TR-001,43.262,76.944,65265,0x00,0x00,0x40,0x02
2026-06-01T17:31:00Z,KZ-TR-001,43.262,76.944,65266,0x00,0x20,0x03,0x00
2026-06-01T17:31:00Z,KZ-TR-001,43.262,76.944,65280,0x10,0x27,0x00,0x00
2026-06-01T17:32:00Z,KZ-TR-001,43.263,76.946,65265,0x00,0x00,0x40,0x02
2026-06-01T17:32:00Z,KZ-TR-001,43.263,76.946,65266,0x00,0x20,0x03,0x00
2026-06-01T17:32:00Z,KZ-TR-001,43.263,76.946,65280,0x10,0x27,0x00,0x00
2026-06-01T17:33:00Z,KZ-TR-001,43.256,76.944,65265,0x00,0x00,0x40,0x02
2026-06-01T17:33:00Z,KZ-TR-001,43.256,76.944,65266,0x00,0x20,0x03,0x00
2026-06-01T17:33:00Z,KZ-TR-001,43.256,76.944,65280,0x10,0x27,0x00,0x00
2026-06-01T17:34:00Z,KZ-TR-001,43.255,76.941,65265,0x00,0x00,0x40,0x02
2026-06-01T17:34:00Z,KZ-TR-001,43.255,76.941,65266,0x00,0x20,0x03,0x00
2026-06-01T17:34:00Z,KZ-TR-001,43.255,76.941,65280,0x10,0x27,0x00,0x00
2026-06-01T17:35:00Z,KZ-TR-001,43.262,76.946,65265,0x00,0x00,0x40,0x02
2026-06-01T17:35:00Z,KZ-TR-001,43.262,76.946,65266,0x00,0x20,0x03,0x00
2026-06-01T17:35:00Z,KZ-TR-001,43.262,76.946,65280,0x10,0x27,0x00,0x00
2026-06-01T17:36:00Z,KZ-TR-001,43.255,76.948,65265,0x00,0x00,0x40,0x02
2026-06-01T17:36:00Z,KZ-TR-001,43.255,76.948,65266,0x00,0x20,0x03,0x00
2026-06-01T17:36:00Z,KZ-TR-001,43.255,76.948,65280,0x10,0x27,0x00,0x00
2026-06-01T17:37:00Z,KZ-TR-001,43.263,76.941,65265,0x00,0x00,0x40,0x02
2026-06-01T17:37:00Z,KZ-TR-001,43.263,76.941,65266,0x00,0x20,0x03,0x00
2026-06-01T17:37:00Z,KZ-TR-001,43.263,76.941,65280,0x10,0x27,0x00,0x00
2026-06-01T17:38:00Z,KZ-TR-001,43.263,76.942,65265,0x00,0x00,0x40,0x02
2026-06-01T17:38:00Z,KZ-TR-001,43.263,76.942,65266,0x00,0x20,0x03,0x00
2026-06-01T17:38:00Z,KZ-TR-001,43.263,76.942,65280,0x10,0x27,0x00,0x00
2026-06-01T17:39:00Z,KZ-TR-001,43.260,76.947,65265,0x00,0x00,0x40,0x02
2026-06-01T17:39:00Z,KZ-TR-001,43.260,76.947,65266,0x00,0x20,0x03,0x00
2026-06-01T17:39:00Z,KZ-TR-001,43.260,76.947,65280,0x10,0x27,0x00,0x00
2026-06-01T17:40:00Z,KZ-TR-001,43.261,76.942,65265,0x00,0x00,0x40,0x02
2026-06-01T17:40:00Z,KZ-TR-001,43.261,76.942,65266,0x00,0x20,0x03,0x00
2026-06-01T17:40:00Z,KZ-TR-001,43.261,76.942,65280,0x10,0x27,0x00,0x00
2026-06-01T17:41:00Z,KZ-TR-001,43.256,76.949,65265,0x00,0x00,0x40,0x02
2026-06-01T17:41:00Z,KZ-TR-001,43.256,76.949,65266,0x00,0x20,0x03,0x00
2026-06-01T17:41:00Z,KZ-TR-001,43.256,76.949,65280,0x10,0x27,0x00,0x00
2026-06-01T17:42:00Z,KZ-TR-001,43.257,76.949,65265,0x00,0x00,0x40,0x02
2026-06-01T17:42:00Z,KZ-TR-001,43.257,76.949,65266,0x00,0x20,0x03,0x00
2026-06-01T17:42:00Z,KZ-TR-001,43.257,76.949,65280,0x10,0x27,0x00,0x00
2026-06-01T17:43:00Z,KZ-TR-001,43.260,76.945,65265,0x00,0x00,0x40,0x02
2026-06-01T17:43:00Z,KZ-TR-001,43.260,76.945,65266,0x00,0x20,0x03,0x00
2026-06-01T17:43:00Z,KZ-TR-001,43.260,76.945,65280,0x10,0x27,0x00,0x00
2026-06-01T17:44:00Z,KZ-TR-001,43.263,76.945,65265,0x00,0x00,0x40,0x02
2026-06-01T17:44:00Z,KZ-TR-001,43.263,76.945,65266,0x00,0x20,0x03,0x00
2026-06-01T17:44:00Z,KZ-TR-001,43.263,76.945,65280,0x10,0x27,0x00,0x00
2026-06-01T17:45:00Z,KZ-TR-001,43.262,76.946,65265,0x00,0x00,0x40,0x02
2026-06-01T17:45:00Z,KZ-TR-001,43.262,76.946,65266,0x00,0x20,0x03,0x00
2026-06-01T17:45:00Z,KZ-TR-001,43.262,76.946,65280,0x10,0x27,0x00,0x00
2026-06-01T17:46:00Z,KZ-TR-001,43.263,76.942,65265,0x00,0x00,0x40,0x02
2026-06-01T17:46:00Z,KZ-TR-001,43.263,76.942,65266,0x00,0x20,0x03,0x00
2026-06-01T17:46:00Z,KZ-TR-001,43.263,76.942,65280,0x10,0x27,0x00,0x00
2026-06-01T17:47:00Z,KZ-TR-001,43.259,76.941,65265,0x00,0x00,0x40,0x02
2026-06-01T17:47:00Z,KZ-TR-001,43.259,76.941,65266,0x00,0x20,0x03,0x00
2026-06-01T17:47:00Z,KZ-TR-001,43.259,76.941,65280,0x10,0x27,0x00,0x00
2026-06-01T17:48:00Z,KZ-TR-001,43.264,76.942,65265,0x00,0x00,0x40,0x02
2026-06-01T17:48:00Z,KZ-TR-001,43.264,76.942,65266,0x00,0x20,0x03,0x00
2026-06-01T17:48:00Z,KZ-TR-001,43.264,76.942,65280,0x10,0x27,0x00,0x00
2026-06-01T17:49:00Z,KZ-TR-001,43.261,76.943,65265,0x00,0x00,0x40,0x02
2026-06-01T17:49:00Z,KZ-TR-001,43.261,76.943,65266,0x00,0x20,0x03,0x00
2026-06-01T17:49:00Z,KZ-TR-001,43.261,76.943,65280,0x10,0x27,0x00,0x00
2026-06-01T17:50:00Z,KZ-TR-001,43.258,76.941,65265,0x00,0x00,0x40,0x02
2026-06-01T17:50:00Z,KZ-TR-001,43.258,76.941,65266,0x00,0x20,0x03,0x00
2026-06-01T17:50:00Z,KZ-TR-001,43.258,76.941,65280,0x10,0x27,0x00,0x00
2026-06-01T17:51:00Z,KZ-TR-001,43.257,76.940,65265,0x00,0x00,0x40,0x02
2026-06-01T17:51:00Z,KZ-TR-001,43.257,76.940,65266,0x00,0x20,0x03,0x00
2026-06-01T17:51:00Z,KZ-TR-001,43.257,76.940,65280,0x10,0x27,0x00,0x00
2026-06-01T17:52:00Z,KZ-TR-001,43.256,76.948,65265,0x00,0x00,0x40,0x02
2026-06-01T17:52:00Z,KZ-TR-001,43.256,76.948,65266,0x00,0x20,0x03,0x00
2026-06-01T17:52:00Z,KZ-TR-001,43.256,76.948,65280,0x10,0x27,0x00,0x00
2026-06-01T17:53:00Z,KZ-TR-001,43.261,76.941,65265,0x00,0x00,0x40,0x02
2026-06-01T17:53:00Z,KZ-TR-001,43.261,76.941,65266,0x00,0x20,0x03,0x00
2026-06-01T17:53:00Z,KZ-TR-001,43.261,76.941,65280,0x10,0x27,0x00,0x00
2026-06-01T17:54:00Z,KZ-TR-001,43.263,76.946,65265,0x00,0x00,0x40,0x02
2026-06-01T17:54:00Z,KZ-TR-001,43.263,76.946,65266,0x00,0x20,0x03,0x00
2026-06-01T17:54:00Z,KZ-TR-001,43.263,76.946,65280,0x10,0x27,0x00,0x00
2026-06-01T17:55:00Z,KZ-TR-001,43.263,76.941,65265,0x00,0x00,0x40,0x02
2026-06-01T17:55:00Z,KZ-TR-001,43.263,76.941,65266,0x00,0x20,0x03,0x00
2026-06-01T17:55:00Z,KZ-TR-001,43.263,76.941,65280,0x10,0x27,0x00,0x00
2026-06-01T17:56:00Z,KZ-TR-001,43.259,76.940,65265,0x00,0x00,0x40,0x02
2026-06-01T17:56:00Z,KZ-TR-001,43.259,76.940,65266,0x00,0x20,0x03,0x00
2026-06-01T17:56:00Z,KZ-TR-001,43.259,76.940,65280,0x10,0x27,0x00,0x00
2026-06-01T17:57:00Z,KZ-TR-001,43.256,76.946,65265,0x00,0x00,0x40,0x02
2026-06-01T17:57:00Z,KZ-TR-001,43.256,76.946,65266,0x00,0x20,0x03,0x00
2026-06-01T17:57:00Z,KZ-TR-001,43.256,76.946,65280,0x10,0x27,0x00,0x00
2026-06-01T17:58:00Z,KZ-TR-001,43.265,76.947,65265,0x00,0x00,0x40,0x02
2026-06-01T17:58:00Z,KZ-TR-001,43.265,76.947,65266,0x00,0x20,0x03,0x00
2026-06-01T17:58:00Z,KZ-TR-001,43.265,76.947,65280,0x10,0x27,0x00,0x00
2026-06-01T17:59:00Z,KZ-TR-001,43.260,76.941,65265,0x00,0x00,0x40,0x02
2026-06-01T17:59:00Z,KZ-TR-001,43.260,76.941,65266,0x00,0x20,0x03,0x00
2026-06-01T17:59:00Z,KZ-TR-001,43.260,76.941,65280,0x10,0x27,0x00,0x00
2026-06-02T08:00:00Z,KZ-TR-001,43.261,76.941,65265,0x00,0x00,0x60,0x02
2026-06-02T08:00:00Z,KZ-TR-001,43.261,76.941,65266,0x00,0x5c,0x03,0x00
2026-06-02T08:00:00Z,KZ-TR-001,43.261,76.941,65280,0xf8,0x2a,0x00,0x00
2026-06-02T08:01:00Z,KZ-TR-001,43.255,76.940,65265,0x00,0x00,0x60,0x02
2026-06-02T08:01:00Z,KZ-TR-001,43.255,76.940,65266,0x00,0x5c,0x03,0x00
2026-06-02T08:01:00Z,KZ-TR-001,43.255,76.940,65280,0xf8,0x2a,0x00,0x00
2026-06-02T08:02:00Z,KZ-TR-001,43.262,76.943,65265,0x00,0x00,0x60,0x02
2026-06-02T08:02:00Z,KZ-TR-001,43.262,76.943,65266,0x00,0x5c,0x03,0x00
2026-06-02T08:02:00Z,KZ-TR-001,43.262,76.943,65280,0xf8,0x2a,0x00,0x00
2026-06-02T08:03:00Z,KZ-TR-001,43.261,76.948,65265,0x00,0x00,0x60,0x02
2026-06-02T08:03:00Z,KZ-TR-001,43.261,76.948,65266,0x00,0x5c,0x03,0x00
2026-06-02T08:03:00Z,KZ-TR-001,43.261,76.948,65280,0xf8,0x2a,0x00,0x00
2026-06-02T08:04:00Z,KZ-TR-001,43.263,76.944,65265,0x00,0x00,0x60,0x02
2026-06-02T08:04:00Z,KZ-TR-001,43.263,76.944,65266,0x00,0x5c,0x03,0x00
2026-06-02T08:04:00Z,KZ-TR-001,43.263,76.944,65280,0xf8,0x2a,0x00,0x00
2026-06-02T08:05:00Z,KZ-TR-001,43.256,76.942,65265,0x00,0x00,0x60,0x02
2026-06-02T08:05:00Z,KZ-TR-001,43.256,76.942,65266,0x00,0x5c,0x03,0x00
2026-06-02T08:05:00Z,KZ-TR-001,43.256,76.942,65280,0xf8,0x2a,0x00,0x00
2026-06-02T08:06:00Z,KZ-TR-001,43.264,76.947,65265,0x00,0x00,0x60,0x02
2026-06-02T08:06:00Z,KZ-TR-001,43.264,76.947,65266,0x00,0x5c,0x03,0x00
2026-06-02T08:06:00Z,KZ-TR-001,43.264,76.947,65280,0xf8,0x2a,0x00,0x00
2026-06-02T08:07:00Z,KZ-TR-001,43.259,76.948,65265,0x00,0x00,0x60,0x02
2026-06-02T08:07:00Z,KZ-TR-001,43.259,76.948,65266,0x00,0x5c,0x03,0x00
2026-06-02T08:07:00Z,KZ-TR-001,43.259,76.948,65280,0xf8,0x2a,0x00,0x00
2026-06-02T08:08:00Z,KZ-TR-001,43.265,76.948,65265,0x00,0x00,0x60,0x02
2026-06-02T08:08:00Z,KZ-TR-001,43.265,76.948,65266,0x00,0x5c,0x03,0x00
2026-06-02T08:08:00Z,KZ-TR-001,43.265,76.948,65280,0xf8,0x2a,0x00,0x00
2026-06-02T08:09:00Z,KZ-TR-001,43.260,76.944,65265,0x00,0x00,0x60,0x02
2026-06-02T08:09:00Z,KZ-TR-001,43.260,76.944,65266,0x00,0x5c,0x03,0x00
2026-06-02T08:09:00Z,KZ-TR-001,43.260,76.944,65280,0xf8,0x2a,0x00,0x00
2026-06-02T08:10:00Z,KZ-TR-001,43.256,76.944,65265,0x00,0x00,0x60,0x02
2026-06-02T08:10:00Z,KZ-TR-001,43.256,76.944,65266,0x00,0x5c,0x03,0x00
2026-06-02T08:10:00Z,KZ-TR-001,43.256,76.944,65280,0xf8,0x2a,0x00,0x00
2026-06-02T08:11:00Z,KZ-TR-001,43.262,76.944,65265,0x00,0x00,0x60,0x02
2026-06-02T08:11:00Z,KZ-TR-001,43.262,76.944,65266,0x00,0x5c,0x03,0x00
2026-06-02T08:11:00Z,KZ-TR-001,43.262,76.944,65280,0xf8,0x2a,0x00,0x00
2026-06-02T08:12:00Z,KZ-TR-001,43.257,76.946,65265,0x00,0x00,0x60,0x02
2026-06-02T08:12:00Z,KZ-TR-001,43.257,76.946,65266,0x00,0x5c,0x03,0x00
2026-06-02T08:12:00Z,KZ-TR-001,43.257,76.946,65280,0xf8,0x2a,0x00,0x00
2026-06-02T08:13:00Z,KZ-TR-001,43.257,76.941,65265,0x00,0x00,0x60,0x02
2026-06-02T08:13:00Z,KZ-TR-001,43.257,76.941,65266,0x00,0x5c,0x03,0x00
2026-06-02T08:13:00Z,KZ-TR-001,43.257,76.941,65280,0xf8,0x2a,0x00,0x00
2026-06-02T08:14:00Z,KZ-TR-001,43.265,76.945,65265,0x00,0x00,0x60,0x02
2026-06-02T08:14:00Z,KZ-TR-001,43.265,76.945,65266,0x00,0x5c,0x03,0x00
2026-06-02T08:14:00Z,KZ-TR-001,43.265,76.945,65280,0xf8,0x2a,0x00,0x00
2026-06-02T08:15:00Z,KZ-TR-001,43.261,76.946,65265,0x00,0x00,0x60,0x02
2026-06-02T08:15:00Z,KZ-TR-001,43.261,76.946,65266,0x00,0x5c,0x03,0x00
2026-06-02T08:15:00Z,KZ-TR-001,43.261,76.946,65280,0xf8,0x2a,0x00,0x00
2026-06-02T08:16:00Z,KZ-TR-001,43.261,76.949,65265,0x00,0x00,0x60,0x02
2026-06-02T08:16:00Z,KZ-TR-001,43.261,76.949,65266,0x00,0x5c,0x03,0x00
2026-06-02T08:16:00Z,KZ-TR-001,43.261,76.949,65280,0xf8,0x2a,0x00,0x00
2026-06-02T08:17:00Z,KZ-TR-001,43.259,76.945,65265,0x00,0x00,0x60,0x02
2026-06-02T08:17:00Z,KZ-TR-001,43.259,76.945,65266,0x00,0x5c,0x03,0x00
2026-06-02T08:17:00Z,KZ-TR-001,43.259,76.945,65280,0xf8,0x2a,0x00,0x00
2026-06-02T08:18:00Z,KZ-TR-001,43.256,76.948,65265,0x00,0x00,0x60,0x02
2026-06-02T08:18:00Z,KZ-TR-001,43.256,76.948,65266,0x00,0x5c,0x03,0x00
2026-06-02T08:18:00Z,KZ-TR-001,43.256,76.948,65280,0xf8,0x2a,0x00,0x00
2026-06-02T08:19:00Z,KZ-TR-001,43.261,76.943,65265,0x00,0x00,0x60,0x02
2026-06-02T08:19:00Z,KZ-TR-001,43.261,76.943,65266,0x00,0x5c,0x03,0x00
2026-06-02T08:19:00Z,KZ-TR-001,43.261,76.943,65280,0xf8,0x2a,0x00,0x00
2026-06-02T08:20:00Z,KZ-TR-001,43.259,76.948,65265,0x00,0x00,0x60,0x02
2026-06-02T08:20:00Z,KZ-TR-001,43.259,76.948,65266,0x00,0x5c,0x03,0x00
2026-06-02T08:20:00Z,KZ-TR-001,43.259,76.948,65280,0xf8,0x2a,0x00,0x00
2026-06-02T08:21:00Z,KZ-TR-001,43.256,76.945,65265,0x00,0x00,0x60,0x02
2026-06-02T08:21:00Z,KZ-TR-001,43.256,76.945,65266,0x00,0x5c,0x03,0x00
2026-06-02T08:21:00Z,KZ-TR-001,43.256,76.945,65280,0xf8,0x2a,0x00,0x00
2026-06-02T08:22:00Z,KZ-TR-001,43.255,76.949,65265,0x00,0x00,0x60,0x02
2026-06-02T08:22:00Z,KZ-TR-001,43.255,76.949,65266,0x00,0x5c,0x03,0x00
2026-06-02T08:22:00Z,KZ-TR-001,43.255,76.949,65280,0xf8,0x2a,0x00,0x00
2026-06-02T08:23:00Z,KZ-TR-001,43.256,76.946,65265,0x00,0x00,0x60,0x02
2026-06-02T08:23:00Z,KZ-TR-001,43.256,76.946,65266,0x00,0x5c,0x03,0x00
2026-06-02T08:23:00Z,KZ-TR-001,43.256,76.946,65280,0xf8,0x2a,0x00,0x00
2026-06-02T08:24:00Z,KZ-TR-001,43.262,76.950,65265,0x00,0x00,0x60,0x02
2026-06-02T08:24:00Z,KZ-TR-001,43.262,76.950,65266,0x00,0x5c,0x03,0x00
2026-06-02T08:24:00Z,KZ-TR-001,43.262,76.950,65280,0xf8,0x2a,0x00,0x00
2026-06-02T08:25:00Z,KZ-TR-001,43.261,76.947,65265,0x00,0x00,0x60,0x02
2026-06-02T08:25:00Z,KZ-TR-001,43.261,76.947,65266,0x00,0x5c,0x03,0x00
2026-06-02T08:25:00Z,KZ-TR-001,43.261,76.947,65280,0xf8,0x2a,0x00,0x00
2026-06-02T08:26:00Z,KZ-TR-001,43.263,76.948,65265,0x00,0x00,0x60,0x02
2026-06-02T08:26:00Z,KZ-TR-001,43.263,76.948,65266,0x00,0x5c,0x03,0x00
2026-06-02T08:26:00Z,KZ-TR-001,43.263,76.948,65280,0xf8,0x2a,0x00,0x00
2026-06-02T08:27:00Z,KZ-TR-001,43.263,76.950,65265,0x00,0x00,0x60,0x02
2026-06-02T08:27:00Z,KZ-TR-001,43.263,76.950,65266,0x00,0x5c,0x03,0x00
2026-06-02T08:27:00Z,KZ-TR-001,43.263,76.950,65280,0xf8,0x2a,0x00,0x00
2026-06-02T08:28:00Z,KZ-TR-001,43.259,76.944,65265,0x00,0x00,0x60,0x02
2026-06-02T08:28:00Z,KZ-TR-001,43.259,76.944,65266,0x00,0x5c,0x03,0x00
2026-06-02T08:28:00Z,KZ-TR-001,43.259,76.944,65280,0xf8,0x2a,0x00,0x00
2026-06-02T08:29:00Z,KZ-TR-001,43.256,76.942,65265,0x00,0x00,0x60,0x02
2026-06-02T08:29:00Z,KZ-TR-001,43.256,76.942,65266,0x00,0x5c,0x03,0x00
2026-06-02T08:29:00Z,KZ-TR-001,43.256,76.942,65280,0xf8,0x2a,0x00,0x00
2026-06-02T08:30:00Z,KZ-TR-001,43.263,76.948,65265,0x00,0x00,0x60,0x02
2026-06-02T08:30:00Z,KZ-TR-001,43.263,76.948,65266,0x00,0x5c,0x03,0x00
2026-06-02T08:30:00Z,KZ-TR-001,43.263,76.948,65280,0xf8,0x2a,0x00,0x00
2026-06-02T08:31:00Z,KZ-TR-001,43.261,76.941,65265,0x00,0x00,0x60,0x02
2026-06-02T08:31:00Z,KZ-TR-001,43.261,76.941,65266,0x00,0x5c,0x03,0x00
2026-06-02T08:31:00Z,KZ-TR-001,43.261,76.941,65280,0xf8,0x2a,0x00,0x00
2026-06-02T08:32:00Z,KZ-TR-001,43.260,76.946,65265,0x00,0x00,0x60,0x02
2026-06-02T08:32:00Z,KZ-TR-001,43.260,76.946,65266,0x00,0x5c,0x03,0x00
2026-06-02T08:32:00Z,KZ-TR-001,43.260,76.946,65280,0xf8,0x2a,0x00,0x00
2026-06-02T08:33:00Z,KZ-TR-001,43.261,76.945,65265,0x00,0x00,0x60,0x02
2026-06-02T08:33:00Z,KZ-TR-001,43.261,76.945,65266,0x00,0x5c,0x03,0x00
2026-06-02T08:33:00Z,KZ-TR-001,43.261,76.945,65280,0xf8,0x2a,0x00,0x00
2026-06-02T08:34:00Z,KZ-TR-001,43.259,76.945,65265,0x00,0x00,0x60,0x02
2026-06-02T08:34:00Z,KZ-TR-001,43.259,76.945,65266,0x00,0x5c,0x03,0x00
2026-06-02T08:34:00Z,KZ-TR-001,43.259,76.945,65280,0xf8,0x2a,0x00,0x00
2026-06-02T08:35:00Z,KZ-TR-001,43.258,76.941,65265,0x00,0x00,0x60,0x02
2026-06-02T08:35:00Z,KZ-TR-001,43.258,76.941,65266,0x00,0x5c,0x03,0x00
2026-06-02T08:35:00Z,KZ-TR-001,43.258,76.941,65280,0xf8,0x2a,0x00,0x00
2026-06-02T08:36:00Z,KZ-TR-001,43.264,76.950,65265,0x00,0x00,0x60,0x02
2026-06-02T08:36:00Z,KZ-TR-001,43.264,76.950,65266,0x00,0x5c,0x03,0x00
2026-06-02T08:36:00Z,KZ-TR-001,43.264,76.950,65280,0xf8,0x2a,0x00,0x00
2026-06-02T08:37:00Z,KZ-TR-001,43.264,76.949,65265,0x00,0x00,0x60,0x02
2026-06-02T08:37:00Z,KZ-TR-001,43.264,76.949,65266,0x00,0x5c,0x03,0x00
2026-06-02T08:37:00Z,KZ-TR-001,43.264,76.949,65280,0xf8,0x2a,0x00,0x00
2026-06-02T08:38:00Z,KZ-TR-001,43.262,76.950,65265,0x00,0x00,0x60,0x02
2026-06-02T08:38:00Z,KZ-TR-001,43.262,76.950,65266,0x00,0x5c,0x03,0x00
2026-06-02T08:38:00Z,KZ-TR-001,43.262,76.950,65280,0xf8,0x2a,0x00,0x00
2026-06-02T08:39:00Z,KZ-TR-001,43.261,76.944,65265,0x00,0x00,0x60,0x02
2026-06-02T08:39:00Z,KZ-TR-001,43.261,76.944,65266,0x00,0x5c,0x03,0x00
2026-06-02T08:39:00Z,KZ-TR-001,43.261,76.944,65280,0xf8,0x2a,0x00,0x00
2026-06-02T08:40:00Z,KZ-TR-001,43.260,76.950,65265,0x00,0x00,0x60,0x02
2026-06-02T08:40:00Z,KZ-TR-001,43.260,76.950,65266,0x00,0x5c,0x03,0x00
2026-06-02T08:40:00Z,KZ-TR-001,43.260,76.950,65280,0xf8,0x2a,0x00,0x00
2026-06-02T08:41:00Z,KZ-TR-001,43.261,76.941,65265,0x00,0x00,0x60,0x02
2026-06-02T08:41:00Z,KZ-TR-001,43.261,76.941,65266,0x00,0x5c,0x03,0x00
2026-06-02T08:41:00Z,KZ-TR-001,43.261,76.941,65280,0xf8,0x2a,0x00,0x00
2026-06-02T08:42:00Z,KZ-TR-001,43.257,76.945,65265,0x00,0x00,0x60,0x02
2026-06-02T08:42:00Z,KZ-TR-001,43.257,76.945,65266,0x00,0x5c,0x03,0x00
2026-06-02T08:42:00Z,KZ-TR-001,43.257,76.945,65280,0xf8,0x2a,0x00,0x00
2026-06-02T08:43:00Z,KZ-TR-001,43.255,76.946,65265,0x00,0x00,0x60,0x02
2026-06-02T08:43:00Z,KZ-TR-001,43.255,76.946,65266,0x00,0x5c,0x03,0x00
2026-06-02T08:43:00Z,KZ-TR-001,43.255,76.946,65280,0xf8,0x2a,0x00,0x00
2026-06-02T08:44:00Z,KZ-TR-001,43.262,76.943,65265,0x00,0x00,0x60,0x02
2026-06-02T08:44:00Z,KZ-TR-001,43.262,76.943,65266,0x00,0x5c,0x03,0x00
2026-06-02T08:44:00Z,KZ-TR-001,43.262,76.943,65280,0xf8,0x2a,0x00,0x00
2026-06-02T08:45:00Z,KZ-TR-001,43.257,76.945,65265,0x00,0x00,0x60,0x02
2026-06-02T08:45:00Z,KZ-TR-001,43.257,76.945,65266,0x00,0x5c,0x03,0x00
2026-06-02T08:45:00Z,KZ-TR-001,43.257,76.945,65280,0xf8,0x2a,0x00,0x00
2026-06-02T08:46:00Z,KZ-TR-001,43.264,76.944,65265,0x00,0x00,0x60,0x02
2026-06-02T08:46:00Z,KZ-TR-001,43.264,76.944,65266,0x00,0x5c,0x03,0x00
2026-06-02T08:46:00Z,KZ-TR-001,43.264,76.944,65280,0xf8,0x2a,0x00,0x00
2026-06-02T08:47:00Z,KZ-TR-001,43.265,76.947,65265,0x00,0x00,0x60,0x02
2026-06-02T08:47:00Z,KZ-TR-001,43.265,76.947,65266,0x00,0x5c,0x03,0x00
2026-06-02T08:47:00Z,KZ-TR-001,43.265,76.947,65280,0xf8,0x2a,0x00,0x00
2026-06-02T08:48:00Z,KZ-TR-001,43.259,76.944,65265,0x00,0x00,0x60,0x02
2026-06-02T08:48:00Z,KZ-TR-001,43.259,76.944,65266,0x00,0x5c,0x03,0x00
2026-06-02T08:48:00Z,KZ-TR-001,43.259,76.944,65280,0xf8,0x2a,0x00,0x00
2026-06-02T08:49:00Z,KZ-TR-001,43.259,76.944,65265,0x00,0x00,0x60,0x02
2026-06-02T08:49:00Z,KZ-TR-001,43.259,76.944,65266,0x00,0x5c,0x03,0x00
2026-06-02T08:49:00Z,KZ-TR-001,43.259,76.944,65280,0xf8,0x2a,0x00,0x00
2026-06-02T08:50:00Z,KZ-TR-001,43.263,76.949,65265,0x00,0x00,0x60,0x02
2026-06-02T08:50:00Z,KZ-TR-001,43.263,76.949,65266,0x00,0x5c,0x03,0x00
2026-06-02T08:50:00Z,KZ-TR-001,43.263,76.949,65280,0xf8,0x2a,0x00,0x00
2026-06-02T08:51:00Z,KZ-TR-001,43.261,76.942,65265,0x00,0x00,0x60,0x02
2026-06-02T08:51:00Z,KZ-TR-001,43.261,76.942,65266,0x00,0x5c,0x03,0x00
2026-06-02T08:51:00Z,KZ-TR-001,43.261,76.942,65280,0xf8,0x2a,0x00,0x00
2026-06-02T08:52:00Z,KZ-TR-001,43.260,76.948,65265,0x00,0x00,0x60,0x02
2026-06-02T08:52:00Z,KZ-TR-001,43.260,76.948,65266,0x00,0x5c,0x03,0x00
2026-06-02T08:52:00Z,KZ-TR-001,43.260,76.948,65280,0xf8,0x2a,0x00,0x00
2026-06-02T08:53:00Z,KZ-TR-001,43.263,76.946,65265,0x00,0x00,0x60,0x02
2026-06-02T08:53:00Z,KZ-TR-001,43.263,76.946,65266,0x00,0x5c,0x03,0x00
2026-06-02T08:53:00Z,KZ-TR-001,43.263,76.946,65280,0xf8,0x2a,0x00,0x00
2026-06-02T08:54:00Z,KZ-TR-001,43.258,76.948,65265,0x00,0x00,0x60,0x02
2026-06-02T08:54:00Z,KZ-TR-001,43.258,76.948,65266,0x00,0x5c,0x03,0x00
2026-06-02T08:54:00Z,KZ-TR-001,43.258,76.948,65280,0xf8,0x2a,0x00,0x00
2026-06-02T08:55:00Z,KZ-TR-001,43.262,76.946,65265,0x00,0x00,0x60,0x02
2026-06-02T08:55:00Z,KZ-TR-001,43.262,76.946,65266,0x00,0x5c,0x03,0x00
2026-06-02T08:55:00Z,KZ-TR-001,43.262,76.946,65280,0xf8,0x2a,0x00,0x00
2026-06-02T08:56:00Z,KZ-TR-001,43.257,76.948,65265,0x00,0x00,0x60,0x02
2026-06-02T08:56:00Z,KZ-TR-001,43.257,76.948,65266,0x00,0x5c,0x03,0x00
2026-06-02T08:56:00Z,KZ-TR-001,43.257,76.948,65280,0xf8,0x2a,0x00,0x00
2026-06-02T08:57:00Z,KZ-TR-001,43.255,76.947,65265,0x00,0x00,0x60,0x02
2026-06-02T08:57:00Z,KZ-TR-001,43.255,76.947,65266,0x00,0x5c,0x03,0x00
2026-06-02T08:57:00Z,KZ-TR-001,43.255,76.947,65280,0xf8,0x2a,0x00,0x00
2026-06-02T08:58:00Z,KZ-TR-001,43.261,76.940,65265,0x00,0x00,0x60,0x02
2026-06-02T08:58:00Z,KZ-TR-001,43.261,76.940,65266,0x00,0x5c,0x03,0x00
2026-06-02T08:58:00Z,KZ-TR-001,43.261,76.940,65280,0xf8,0x2a,0x00,0x00
2026-06-02T08:59:00Z,KZ-TR-001,43.262,76.944,65265,0x00,0x00,0x60,0x02
2026-06-02T08:59:00Z,KZ-TR-001,43.262,76.944,65266,0x00,0x5c,0x03,0x00
2026-06-02T08:59:00Z,KZ-TR-001,43.262,76.944,65280,0xf8,0x2a,0x00,0x00
2026-06-02T09:00:00Z,KZ-TR-001,43.258,76.943,65265,0x00,0x00,0x60,0x02
2026-06-02T09:00:00Z,KZ-TR-001,43.258,76.943,65266,0x00,0x5c,0x03,0x00
2026-06-02T09:00:00Z,KZ-TR-001,43.258,76.943,65280,0xf8,0x2a,0x00,0x00
2026-06-02T09:01:00Z,KZ-TR-001,43.261,76.944,65265,0x00,0x00,0x60,0x02
2026-06-02T09:01:00Z,KZ-TR-001,43.261,76.944,65266,0x00,0x5c,0x03,0x00
2026-06-02T09:01:00Z,KZ-TR-001,43.261,76.944,65280,0xf8,0x2a,0x00,0x00
2026-06-02T09:02:00Z,KZ-TR-001,43.258,76.941,65265,0x00,0x00,0x60,0x02
2026-06-02T09:02:00Z,KZ-TR-001,43.258,76.941,65266,0x00,0x5c,0x03,0x00
2026-06-02T09:02:00Z,KZ-TR-001,43.258,76.941,65280,0xf8,0x2a,0x00,0x00
2026-06-02T09:03:00Z,KZ-TR-001,43.264,76.948,65265,0x00,0x00,0x60,0x02
2026-06-02T09:03:00Z,KZ-TR-001,43.264,76.948,65266,0x00,0x5c,0x03,0x00
2026-06-02T09:03:00Z,KZ-TR-001,43.264,76.948,65280,0xf8,0x2a,0x00,0x00
2026-06-02T09:04:00Z,KZ-TR-001,43.264,76.941,65265,0x00,0x00,0x60,0x02
2026-06-02T09:04:00Z,KZ-TR-001,43.264,76.941,65266,0x00,0x5c,0x03,0x00
2026-06-02T09:04:00Z,KZ-TR-001,43.264,76.941,65280,0xf8,0x2a,0x00,0x00
2026-06-02T09:05:00Z,KZ-TR-001,43.259,76.950,65265,0x00,0x00,0x60,0x02
2026-06-02T09:05:00Z,KZ-TR-001,43.259,76.950,65266,0x00,0x5c,0x03,0x00
2026-06-02T09:05:00Z,KZ-TR-001,43.259,76.950,65280,0xf8,0x2a,0x00,0x00
2026-06-02T09:06:00Z,KZ-TR-001,43.258,76.949,65265,0x00,0x00,0x60,0x02
2026-06-02T09:06:00Z,KZ-TR-001,43.258,76.949,65266,0x00,0x5c,0x03,0x00
2026-06-02T09:06:00Z,KZ-TR-001,43.258,76.949,65280,0xf8,0x2a,0x00,0x00
2026-06-02T09:07:00Z,KZ-TR-001,43.263,76.942,65265,0x00,0x00,0x60,0x02
2026-06-02T09:07:00Z,KZ-TR-001,43.263,76.942,65266,0x00,0x5c,0x03,0x00
2026-06-02T09:07:00Z,KZ-TR-001,43.263,76.942,65280,0xf8,0x2a,0x00,0x00
2026-06-02T09:08:00Z,KZ-TR-001,43.260,76.949,65265,0x00,0x00,0x60,0x02
2026-06-02T09:08:00Z,KZ-TR-001,43.260,76.949,65266,0x00,0x5c,0x03,0x00
2026-06-02T09:08:00Z,KZ-TR-001,43.260,76.949,65280,0xf8,0x2a,0x00,0x00
2026-06-02T09:09:00Z,KZ-TR-001,43.260,76.945,65265,0x00,0x00,0x60,0x02
2026-06-02T09:09:00Z,KZ-TR-001,43.260,76.945,65266,0x00,0x5c,0x03,0x00
2026-06-02T09:09:00Z,KZ-TR-001,43.260,76.945,65280,0xf8,0x2a,0x00,0x00
2026-06-02T09:10:00Z,KZ-TR-001,43.259,76.948,65265,0x00,0x00,0x60,0x02
2026-06-02T09:10:00Z,KZ-TR-001,43.259,76.948,65266,0x00,0x5c,0x03,0x00
2026-06-02T09:10:00Z,KZ-TR-001,43.259,76.948,65280,0xf8,0x2a,0x00,0x00
2026-06-02T09:11:00Z,KZ-TR-001,43.264,76.948,65265,0x00,0x00,0x60,0x02
2026-06-02T09:11:00Z,KZ-TR-001,43.264,76.948,65266,0x00,0x5c,0x03,0x00
2026-06-02T09:11:00Z,KZ-TR-001,43.264,76.948,65280,0xf8,0x2a,0x00,0x00
2026-06-02T09:12:00Z,KZ-TR-001,43.264,76.941,65265,0x00,0x00,0x60,0x02
2026-06-02T09:12:00Z,KZ-TR-001,43.264,76.941,65266,0x00,0x5c,0x03,0x00
2026-06-02T09:12:00Z,KZ-TR-001,43.264,76.941,65280,0xf8,0x2a,0x00,0x00
2026-06-02T09:13:00Z,KZ-TR-001,43.256,76.943,65265,0x00,0x00,0x60,0x02
2026-06-02T09:13:00Z,KZ-TR-001,43.256,76.943,65266,0x00,0x5c,0x03,0x00
2026-06-02T09:13:00Z,KZ-TR-001,43.256,76.943,65280,0xf8,0x2a,0x00,0x00
2026-06-02T09:14:00Z,KZ-TR-001,43.262,76.943,65265,0x00,0x00,0x60,0x02
2026-06-02T09:14:00Z,KZ-TR-001,43.262,76.943,65266,0x00,0x5c,0x03,0x00
2026-06-02T09:14:00Z,KZ-TR-001,43.262,76.943,65280,0xf8,0x2a,0x00,0x00
2026-06-02T09:15:00Z,KZ-TR-001,43.260,76.943,65265,0x00,0x00,0x60,0x02
2026-06-02T09:15:00Z,KZ-TR-001,43.260,76.943,65266,0x00,0x5c,0x03,0x00
2026-06-02T09:15:00Z,KZ-TR-001,43.260,76.943,65280,0xf8,0x2a,0x00,0x00
2026-06-02T09:16:00Z,KZ-TR-001,43.260,76.940,65265,0x00,0x00,0x60,0x02
2026-06-02T09:16:00Z,KZ-TR-001,43.260,76.940,65266,0x00,0x5c,0x03,0x00
2026-06-02T09:16:00Z,KZ-TR-001,43.260,76.940,65280,0xf8,0x2a,0x00,0x00
2026-06-02T09:17:00Z,KZ-TR-001,43.255,76.944,65265,0x00,0x00,0x60,0x02
2026-06-02T09:17:00Z,KZ-TR-001,43.255,76.944,65266,0x00,0x5c,0x03,0x00
2026-06-02T09:17:00Z,KZ-TR-001,43.255,76.944,65280,0xf8,0x2a,0x00,0x00
2026-06-02T09:18:00Z,KZ-TR-001,43.255,76.943,65265,0x00,0x00,0x60,0x02
2026-06-02T09:18:00Z,KZ-TR-001,43.255,76.943,65266,0x00,0x5c,0x03,0x00
2026-06-02T09:18:00Z,KZ-TR-001,43.255,76.943,65280,0xf8,0x2a,0x00,0x00
2026-06-02T09:19:00Z,KZ-TR-001,43.256,76.947,65265,0x00,0x00,0x60,0x02
2026-06-02T09:19:00Z,KZ-TR-001,43.256,76.947,65266,0x00,0x5c,0x03,0x00
2026-06-02T09:19:00Z,KZ-TR-001,43.256,76.947,65280,0xf8,0x2a,0x00,0x00
2026-06-02T09:20:00Z,KZ-TR-001,43.259,76.943,65265,0x00,0x00,0x60,0x02
2026-06-02T09:20:00Z,KZ-TR-001,43.259,76.943,65266,0x00,0x5c,0x03,0x00
2026-06-02T09:20:00Z,KZ-TR-001,43.259,76.943,65280,0xf8,0x2a,0x00,0x00
2026-06-02T09:21:00Z,KZ-TR-001,43.259,76.941,65265,0x00,0x00,0x60,0x02
2026-06-02T09:21:00Z,KZ-TR-001,43.259,76.941,65266,0x00,0x5c,0x03,0x00
2026-06-02T09:21:00Z,KZ-TR-001,43.259,76.941,65280,0xf8,0x2a,0x00,0x00
2026-06-02T09:22:00Z,KZ-TR-001,43.256,76.940,65265,0x00,0x00,0x60,0x02
2026-06-02T09:22:00Z,KZ-TR-001,43.256,76.940,65266,0x00,0x5c,0x03,0x00
2026-06-02T09:22:00Z,KZ-TR-001,43.256,76.940,65280,0xf8,0x2a,0x00,0x00
2026-06-02T09:23:00Z,KZ-TR-001,43.263,76.944,65265,0x00,0x00,0x60,0x02
2026-06-02T09:23:00Z,KZ-TR-001,43.263,76.944,65266,0x00,0x5c,0x03,0x00
2026-06-02T09:23:00Z,KZ-TR-001,43.263,76.944,65280,0xf8,0x2a,0x00,0x00
2026-06-02T09:24:00Z,KZ-TR-001,43.262,76.950,65265,0x00,0x00,0x60,0x02
2026-06-02T09:24:00Z,KZ-TR-001,43.262,76.950,65266,0x00,0x5c,0x03,0x00
2026-06-02T09:24:00Z,KZ-TR-001,43.262,76.950,65280,0xf8,0x2a,0x00,0x00
2026-06-02T09:25:00Z,KZ-TR-001,43.262,76.941,65265,0x00,0x00,0x60,0x02
2026-06-02T09:25:00Z,KZ-TR-001,43.262,76.941,65266,0x00,0x5c,0x03,0x00
2026-06-02T09:25:00Z,KZ-TR-001,43.262,76.941,65280,0xf8,0x2a,0x00,0x00
2026-06-02T09:26:00Z,KZ-TR-001,43.261,76.949,65265,0x00,0x00,0x60,0x02
2026-06-02T09:26:00Z,KZ-TR-001,43.261,76.949,65266,0x00,0x5c,0x03,0x00
2026-06-02T09:26:00Z,KZ-TR-001,43.261,76.949,65280,0xf8,0x2a,0x00,0x00
2026-06-02T09:27:00Z,KZ-TR-001,43.255,76.943,65265,0x00,0x00,0x60,0x02
2026-06-02T09:27:00Z,KZ-TR-001,43.255,76.943,65266,0x00,0x5c,0x03,0x00
2026-06-02T09:27:00Z,KZ-TR-001,43.255,76.943,65280,0xf8,0x2a,0x00,0x00
2026-06-02T09:28:00Z,KZ-TR-001,43.258,76.942,65265,0x00,0x00,0x60,0x02
2026-06-02T09:28:00Z,KZ-TR-001,43.258,76.942,65266,0x00,0x5c,0x03,0x00
2026-06-02T09:28:00Z,KZ-TR-001,43.258,76.942,65280,0xf8,0x2a,0x00,0x00
2026-06-02T09:29:00Z,KZ-TR-001,43.263,76.941,65265,0x00,0x00,0x60,0x02
2026-06-02T09:29:00Z,KZ-TR-001,43.263,76.941,65266,0x00,0x5c,0x03,0x00
2026-06-02T09:29:00Z,KZ-TR-001,43.263,76.941,65280,0xf8,0x2a,0x00,0x00
2026-06-02T09:30:00Z,KZ-TR-001,43.264,76.946,65265,0x00,0x00,0x60,0x02
2026-06-02T09:30:00Z,KZ-TR-001,43.264,76.946,65266,0x00,0x5c,0x03,0x00
2026-06-02T09:30:00Z,KZ-TR-001,43.264,76.946,65280,0xf8,0x2a,0x00,0x00
2026-06-02T09:31:00Z,KZ-TR-001,43.262,76.946,65265,0x00,0x00,0x60,0x02
2026-06-02T09:31:00Z,KZ-TR-001,43.262,76.946,65266,0x00,0x5c,0x03,0x00
2026-06-02T09:31:00Z,KZ-TR-001,43.262,76.946,65280,0xf8,0x2a,0x00,0x00
2026-06-02T09:32:00Z,KZ-TR-001,43.259,76.950,65265,0x00,0x00,0x60,0x02
2026-06-02T09:32:00Z,KZ-TR-001,43.259,76.950,65266,0x00,0x5c,0x03,0x00
2026-06-02T09:32:00Z,KZ-TR-001,43.259,76.950,65280,0xf8,0x2a,0x00,0x00
2026-06-02T09:33:00Z,KZ-TR-001,43.256,76.941,65265,0x00,0x00,0x60,0x02
2026-06-02T09:33:00Z,KZ-TR-001,43.256,76.941,65266,0x00,0x5c,0x03,0x00
2026-06-02T09:33:00Z,KZ-TR-001,43.256,76.941,65280,0xf8,0x2a,0x00,0x00
2026-06-02T09:34:00Z,KZ-TR-001,43.263,76.948,65265,0x00,0x00,0x60,0x02
2026-06-02T09:34:00Z,KZ-TR-001,43.263,76.948,65266,0x00,0x5c,0x03,0x00
2026-06-02T09:34:00Z,KZ-TR-001,43.263,76.948,65280,0xf8,0x2a,0x00,0x00
2026-06-02T09:35:00Z,KZ-TR-001,43.259,76.948,65265,0x00,0x00,0x60,0x02
2026-06-02T09:35:00Z,KZ-TR-001,43.259,76.948,65266,0x00,0x5c,0x03,0x00
2026-06-02T09:35:00Z,KZ-TR-001,43.259,76.948,65280,0xf8,0x2a,0x00,0x00
2026-06-02T09:36:00Z,KZ-TR-001,43.258,76.948,65265,0x00,0x00,0x60,0x02
2026-06-02T09:36:00Z,KZ-TR-001,43.258,76.948,65266,0x00,0x5c,0x03,0x00
2026-06-02T09:36:00Z,KZ-TR-001,43.258,76.948,65280,0xf8,0x2a,0x00,0x00
2026-06-02T09:37:00Z,KZ-TR-001,43.261,76.946,65265,0x00,0x00,0x60,0x02
2026-06-02T09:37:00Z,KZ-TR-001,43.261,76.946,65266,0x00,0x5c,0x03,0x00
2026-06-02T09:37:00Z,KZ-TR-001,43.261,76.946,65280,0xf8,0x2a,0x00,0x00
2026-06-02T09:38:00Z,KZ-TR-001,43.264,76.940,65265,0x00,0x00,0x60,0x02
2026-06-02T09:38:00Z,KZ-TR-001,43.264,76.940,65266,0x00,0x5c,0x03,0x00
2026-06-02T09:38:00Z,KZ-TR-001,43.264,76.940,65280,0xf8,0x2a,0x00,0x00
2026-06-02T09:39:00Z,KZ-TR-001,43.257,76.942,65265,0x00,0x00,0x60,0x02
2026-06-02T09:39:00Z,KZ-TR-001,43.257,76.942,65266,0x00,0x5c,0x03,0x00
2026-06-02T09:39:00Z,KZ-TR-001,43.257,76.942,65280,0xf8,0x2a,0x00,0x00
2026-06-02T09:40:00Z,KZ-TR-001,43.264,76.946,65265,0x00,0x00,0x60,0x02
2026-06-02T09:40:00Z,KZ-TR-001,43.264,76.946,65266,0x00,0x5c,0x03,0x00
2026-06-02T09:40:00Z,KZ-TR-001,43.264,76.946,65280,0xf8,0x2a,0x00,0x00
2026-06-02T09:41:00Z,KZ-TR-001,43.263,76.945,65265,0x00,0x00,0x60,0x02
2026-06-02T09:41:00Z,KZ-TR-001,43.263,76.945,65266,0x00,0x5c,0x03,0x00
2026-06-02T09:41:00Z,KZ-TR-001,43.263,76.945,65280,0xf8,0x2a,0x00,0x00
2026-06-02T09:42:00Z,KZ-TR-001,43.258,76.949,65265,0x00,0x00,0x60,0x02
2026-06-02T09:42:00Z,KZ-TR-001,43.258,76.949,65266,0x00,0x5c,0x03,0x00
2026-06-02T09:42:00Z,KZ-TR-001,43.258,76.949,65280,0xf8,0x2a,0x00,0x00
2026-06-02T09:43:00Z,KZ-TR-001,43.260,76.949,65265,0x00,0x00,0x60,0x02
2026-06-02T09:43:00Z,KZ-TR-001,43.260,76.949,65266,0x00,0x5c,0x03,0x00
2026-06-02T09:43:00Z,KZ-TR-001,43.260,76.949,65280,0xf8,0x2a,0x00,0x00
2026-06-02T09:44:00Z,KZ-TR-001,43.262,76.948,65265,0x00,0x00,0x60,0x02
2026-06-02T09:44:00Z,KZ-TR-001,43.262,76.948,65266,0x00,0x5c,0x03,0x00
2026-06-02T09:44:00Z,KZ-TR-001,43.262,76.948,65280,0xf8,0x2a,0x00,0x00
2026-06-02T09:45:00Z,KZ-TR-001,43.260,76.944,65265,0x00,0x00,0x60,0x02
2026-06-02T09:45:00Z,KZ-TR-001,43.260,76.944,65266,0x00,0x5c,0x03,0x00
2026-06-02T09:45:00Z,KZ-TR-001,43.260,76.944,65280,0xf8,0x2a,0x00,0x00
2026-06-02T09:46:00Z,KZ-TR-001,43.262,76.940,65265,0x00,0x00,0x60,0x02
2026-06-02T09:46:00Z,KZ-TR-001,43.262,76.940,65266,0x00,0x5c,0x03,0x00
2026-06-02T09:46:00Z,KZ-TR-001,43.262,76.940,65280,0xf8,0x2a,0x00,0x00
2026-06-02T09:47:00Z,KZ-TR-001,43.256,76.949,65265,0x00,0x00,0x60,0x02
2026-06-02T09:47:00Z,KZ-TR-001,43.256,76.949,65266,0x00,0x5c,0x03,0x00
2026-06-02T09:47:00Z,KZ-TR-001,43.256,76.949,65280,0xf8,0x2a,0x00,0x00
2026-06-02T09:48:00Z,KZ-TR-001,43.262,76.947,65265,0x00,0x00,0x60,0x02
2026-06-02T09:48:00Z,KZ-TR-001,43.262,76.947,65266,0x00,0x5c,0x03,0x00
2026-06-02T09:48:00Z,KZ-TR-001,43.262,76.947,65280,0xf8,0x2a,0x00,0x00
2026-06-02T09:49:00Z,KZ-TR-001,43.264,76.942,65265,0x00,0x00,0x60,0x02
2026-06-02T09:49:00Z,KZ-TR-001,43.264,76.942,65266,0x00,0x5c,0x03,0x00
2026-06-02T09:49:00Z,KZ-TR-001,43.264,76.942,65280,0xf8,0x2a,0x00,0x00
2026-06-02T09:50:00Z,KZ-TR-001,43.263,76.945,65265,0x00,0x00,0x60,0x02
2026-06-02T09:50:00Z,KZ-TR-001,43.263,76.945,65266,0x00,0x5c,0x03,0x00
2026-06-02T09:50:00Z,KZ-TR-001,43.263,76.945,65280,0xf8,0x2a,0x00,0x00
2026-06-02T09:51:00Z,KZ-TR-001,43.263,76.948,65265,0x00,0x00,0x60,0x02
2026-06-02T09:51:00Z,KZ-TR-001,43.263,76.948,65266,0x00,0x5c,0x03,0x00
2026-06-02T09:51:00Z,KZ-TR-001,43.263,76.948,65280,0xf8,0x2a,0x00,0x00
2026-06-02T09:52:00Z,KZ-TR-001,43.262,76.950,65265,0x00,0x00,0x60,0x02
2026-06-02T09:52:00Z,KZ-TR-001,43.262,76.950,65266,0x00,0x5c,0x03,0x00
2026-06-02T09:52:00Z,KZ-TR-001,43.262,76.950,65280,0xf8,0x2a,0x00,0x00
2026-06-02T09:53:00Z,KZ-TR-001,43.263,76.942,65265,0x00,0x00,0x60,0x02
2026-06-02T09:53:00Z,KZ-TR-001,43.263,76.942,65266,0x00,0x5c,0x03,0x00
2026-06-02T09:53:00Z,KZ-TR-001,43.263,76.942,65280,0xf8,0x2a,0x00,0x00
2026-06-02T09:54:00Z,KZ-TR-001,43.257,76.947,65265,0x00,0x00,0x60,0x02
2026-06-02T09:54:00Z,KZ-TR-001,43.257,76.947,65266,0x00,0x5c,0x03,0x00
2026-06-02T09:54:00Z,KZ-TR-001,43.257,76.947,65280,0xf8,0x2a,0x00,0x00
2026-06-02T09:55:00Z,KZ-TR-001,43.264,76.945,65265,0x00,0x00,0x60,0x02
2026-06-02T09:55:00Z,KZ-TR-001,43.264,76.945,65266,0x00,0x5c,0x03,0x00
2026-06-02T09:55:00Z,KZ-TR-001,43.264,76.945,65280,0xf8,0x2a,0x00,0x00
2026-06-02T09:56:00Z,KZ-TR-001,43.259,76.940,65265,0x00,0x00,0x60,0x02
2026-06-02T09:56:00Z,KZ-TR-001,43.259,76.940,65266,0x00,0x5c,0x03,0x00
2026-06-02T09:56:00Z,KZ-TR-001,43.259,76.940,65280,0xf8,0x2a,0x00,0x00
2026-06-02T09:57:00Z,KZ-TR-001,43.255,76.945,65265,0x00,0x00,0x60,0x02
2026-06-02T09:57:00Z,KZ-TR-001,43.255,76.945,65266,0x00,0x5c,0x03,0x00
2026-06-02T09:57:00Z,KZ-TR-001,43.255,76.945,65280,0xf8,0x2a,0x00,0x00
2026-06-02T09:58:00Z,KZ-TR-001,43.258,76.946,65265,0x00,0x00,0x60,0x02
2026-06-02T09:58:00Z,KZ-TR-001,43.258,76.946,65266,0x00,0x5c,0x03,0x00
2026-06-02T09:58:00Z,KZ-TR-001,43.258,76.946,65280,0xf8,0x2a,0x00,0x00
2026-06-02T09:59:00Z,KZ-TR-001,43.256,76.943,65265,0x00,0x00,0x60,0x02
2026-06-02T09:59:00Z,KZ-TR-001,43.256,76.943,65266,0x00,0x5c,0x03,0x00
2026-06-02T09:59:00Z,KZ-TR-001,43.256,76.943,65280,0xf8,0x2a,0x00,0x00
2026-06-02T10:00:00Z,KZ-TR-001,43.257,76.947,65265,0x00,0x00,0x60,0x02
2026-06-02T10:00:00Z,KZ-TR-001,43.257,76.947,65266,0x00,0x5c,0x03,0x00
2026-06-02T10:00:00Z,KZ-TR-001,43.257,76.947,65280,0xf8,0x2a,0x00,0x00
2026-06-02T10:01:00Z,KZ-TR-001,43.264,76.948,65265,0x00,0x00,0x60,0x02
2026-06-02T10:01:00Z,KZ-TR-001,43.264,76.948,65266,0x00,0x5c,0x03,0x00
2026-06-02T10:01:00Z,KZ-TR-001,43.264,76.948,65280,0xf8,0x2a,0x00,0x00
2026-06-02T10:02:00Z,KZ-TR-001,43.261,76.946,65265,0x00,0x00,0x60,0x02
2026-06-02T10:02:00Z,KZ-TR-001,43.261,76.946,65266,0x00,0x5c,0x03,0x00
2026-06-02T10:02:00Z,KZ-TR-001,43.261,76.946,65280,0xf8,0x2a,0x00,0x00
2026-06-02T10:03:00Z,KZ-TR-001,43.260,76.943,65265,0x00,0x00,0x60,0x02
2026-06-02T10:03:00Z,KZ-TR-001,43.260,76.943,65266,0x00,0x5c,0x03,0x00
2026-06-02T10:03:00Z,KZ-TR-001,43.260,76.943,65280,0xf8,0x2a,0x00,0x00
2026-06-02T10:04:00Z,KZ-TR-001,43.265,76.948,65265,0x00,0x00,0x60,0x02
2026-06-02T10:04:00Z,KZ-TR-001,43.265,76.948,65266,0x00,0x5c,0x03,0x00
2026-06-02T10:04:00Z,KZ-TR-001,43.265,76.948,65280,0xf8,0x2a,0x00,0x00
2026-06-02T10:05:00Z,KZ-TR-001,43.259,76.943,65265,0x00,0x00,0x60,0x02
2026-06-02T10:05:00Z,KZ-TR-001,43.259,76.943,65266,0x00,0x5c,0x03,0x00
2026-06-02T10:05:00Z,KZ-TR-001,43.259,76.943,65280,0xf8,0x2a,0x00,0x00
2026-06-02T10:06:00Z,KZ-TR-001,43.258,76.948,65265,0x00,0x00,0x60,0x02
2026-06-02T10:06:00Z,KZ-TR-001,43.258,76.948,65266,0x00,0x5c,0x03,0x00
2026-06-02T10:06:00Z,KZ-TR-001,43.258,76.948,65280,0xf8,0x2a,0x00,0x00
2026-06-02T10:07:00Z,KZ-TR-001,43.264,76.947,65265,0x00,0x00,0x60,0x02
2026-06-02T10:07:00Z,KZ-TR-001,43.264,76.947,65266,0x00,0x5c,0x03,0x00
2026-06-02T10:07:00Z,KZ-TR-001,43.264,76.947,65280,0xf8,0x2a,0x00,0x00
2026-06-02T10:08:00Z,KZ-TR-001,43.258,76.944,65265,0x00,0x00,0x60,0x02
2026-06-02T10:08:00Z,KZ-TR-001,43.258,76.944,65266,0x00,0x5c,0x03,0x00
2026-06-02T10:08:00Z,KZ-TR-001,43.258,76.944,65280,0xf8,0x2a,0x00,0x00
2026-06-02T10:09:00Z,KZ-TR-001,43.265,76.948,65265,0x00,0x00,0x60,0x02
2026-06-02T10:09:00Z,KZ-TR-001,43.265,76.948,65266,0x00,0x5c,0x03,0x00
2026-06-02T10:09:00Z,KZ-TR-001,43.265,76.948,65280,0xf8,0x2a,0x00,0x00
2026-06-02T10:10:00Z,KZ-TR-001,43.264,76.949,65265,0x00,0x00,0x60,0x02
2026-06-02T10:10:00Z,KZ-TR-001,43.264,76.949,65266,0x00,0x5c,0x03,0x00
2026-06-02T10:10:00Z,KZ-TR-001,43.264,76.949,65280,0xf8,0x2a,0x00,0x00
2026-06-02T10:11:00Z,KZ-TR-001,43.259,76.946,65265,0x00,0x00,0x60,0x02
2026-06-02T10:11:00Z,KZ-TR-001,43.259,76.946,65266,0x00,0x5c,0x03,0x00
2026-06-02T10:11:00Z,KZ-TR-001,43.259,76.946,65280,0xf8,0x2a,0x00,0x00
2026-06-02T10:12:00Z,KZ-TR-001,43.256,76.945,65265,0x00,0x00,0x60,0x02
2026-06-02T10:12:00Z,KZ-TR-001,43.256,76.945,65266,0x00,0x5c,0x03,0x00
2026-06-02T10:12:00Z,KZ-TR-001,43.256,76.945,65280,0xf8,0x2a,0x00,0x00
2026-06-02T10:13:00Z,KZ-TR-001,43.265,76.945,65265,0x00,0x00,0x60,0x02
2026-06-02T10:13:00Z,KZ-TR-001,43.265,76.945,65266,0x00,0x5c,0x03,0x00
2026-06-02T10:13:00Z,KZ-TR-001,43.265,76.945,65280,0xf8,0x2a,0x00,0x00
2026-06-02T10:14:00Z,KZ-TR-001,43.258,76.943,65265,0x00,0x00,0x60,0x02
2026-06-02T10:14:00Z,KZ-TR-001,43.258,76.943,65266,0x00,0x5c,0x03,0x00
2026-06-02T10:14:00Z,KZ-TR-001,43.258,76.943,65280,0xf8,0x2a,0x00,0x00
2026-06-02T10:15:00Z,KZ-TR-001,43.257,76.943,65265,0x00,0x00,0x60,0x02
2026-06-02T10:15:00Z,KZ-TR-001,43.257,76.943,65266,0x00,0x5c,0x03,0x00
2026-06-02T10:15:00Z,KZ-TR-001,43.257,76.943,65280,0xf8,0x2a,0x00,0x00
2026-06-02T10:16:00Z,KZ-TR-001,43.259,76.947,65265,0x00,0x00,0x60,0x02
2026-06-02T10:16:00Z,KZ-TR-001,43.259,76.947,65266,0x00,0x5c,0x03,0x00
2026-06-02T10:16:00Z,KZ-TR-001,43.259,76.947,65280,0xf8,0x2a,0x00,0x00
2026-06-02T10:17:00Z,KZ-TR-001,43.256,76.946,65265,0x00,0x00,0x60,0x02
2026-06-02T10:17:00Z,KZ-TR-001,43.256,76.946,65266,0x00,0x5c,0x03,0x00
2026-06-02T10:17:00Z,KZ-TR-001,43.256,76.946,65280,0xf8,0x2a,0x00,0x00
2026-06-02T10:18:00Z,KZ-TR-001,43.265,76.946,65265,0x00,0x00,0x60,0x02
2026-06-02T10:18:00Z,KZ-TR-001,43.265,76.946,65266,0x00,0x5c,0x03,0x00
2026-06-02T10:18:00Z,KZ-TR-001,43.265,76.946,65280,0xf8,0x2a,0x00,0x00
2026-06-02T10:19:00Z,KZ-TR-001,43.260,76.949,65265,0x00,0x00,0x60,0x02
2026-06-02T10:19:00Z,KZ-TR-001,43.260,76.949,65266,0x00,0x5c,0x03,0x00
2026-06-02T10:19:00Z,KZ-TR-001,43.260,76.949,65280,0xf8,0x2a,0x00,0x00
2026-06-02T10:20:00Z,KZ-TR-001,43.259,76.946,65265,0x00,0x00,0x60,0x02
2026-06-02T10:20:00Z,KZ-TR-001,43.259,76.946,65266,0x00,0x5c,0x03,0x00
2026-06-02T10:20:00Z,KZ-TR-001,43.259,76.946,65280,0xf8,0x2a,0x00,0x00
2026-06-02T10:21:00Z,KZ-TR-001,43.255,76.941,65265,0x00,0x00,0x60,0x02
2026-06-02T10:21:00Z,KZ-TR-001,43.255,76.941,65266,0x00,0x5c,0x03,0x00
2026-06-02T10:21:00Z,KZ-TR-001,43.255,76.941,65280,0xf8,0x2a,0x00,0x00
2026-06-02T10:22:00Z,KZ-TR-001,43.256,76.950,65265,0x00,0x00,0x60,0x02
2026-06-02T10:22:00Z,KZ-TR-001,43.256,76.950,65266,0x00,0x5c,0x03,0x00
2026-06-02T10:22:00Z,KZ-TR-001,43.256,76.950,65280,0xf8,0x2a,0x00,0x00
2026-06-02T10:23:00Z,KZ-TR-001,43.263,76.946,65265,0x00,0x00,0x60,0x02
2026-06-02T10:23:00Z,KZ-TR-001,43.263,76.946,65266,0x00,0x5c,0x03,0x00
2026-06-02T10:23:00Z,KZ-TR-001,43.263,76.946,65280,0xf8,0x2a,0x00,0x00
2026-06-02T10:24:00Z,KZ-TR-001,43.258,76.950,65265,0x00,0x00,0x60,0x02
2026-06-02T10:24:00Z,KZ-TR-001,43.258,76.950,65266,0x00,0x5c,0x03,0x00
2026-06-02T10:24:00Z,KZ-TR-001,43.258,76.950,65280,0xf8,0x2a,0x00,0x00
2026-06-02T10:25:00Z,KZ-TR-001,43.260,76.949,65265,0x00,0x00,0x60,0x02
2026-06-02T10:25:00Z,KZ-TR-001,43.260,76.949,65266,0x00,0x5c,0x03,0x00
2026-06-02T10:25:00Z,KZ-TR-001,43.260,76.949,65280,0xf8,0x2a,0x00,0x00
2026-06-02T10:26:00Z,KZ-TR-001,43.258,76.942,65265,0x00,0x00,0x60,0x02
2026-06-02T10:26:00Z,KZ-TR-001,43.258,76.942,65266,0x00,0x5c,0x03,0x00
2026-06-02T10:26:00Z,KZ-TR-001,43.258,76.942,65280,0xf8,0x2a,0x00,0x00
2026-06-02T10:27:00Z,KZ-TR-001,43.258,76.945,65265,0x00,0x00,0x60,0x02
2026-06-02T10:27:00Z,KZ-TR-001,43.258,76.945,65266,0x00,0x5c,0x03,0x00
2026-06-02T10:27:00Z,KZ-TR-001,43.258,76.945,65280,0xf8,0x2a,0x00,0x00
2026-06-02T10:28:00Z,KZ-TR-001,43.256,76.947,65265,0x00,0x00,0x60,0x02
2026-06-02T10:28:00Z,KZ-TR-001,43.256,76.947,65266,0x00,0x5c,0x03,0x00
2026-06-02T10:28:00Z,KZ-TR-001,43.256,76.947,65280,0xf8,0x2a,0x00,0x00
2026-06-02T10:29:00Z,KZ-TR-001,43.258,76.949,65265,0x00,0x00,0x60,0x02
2026-06-02T10:29:00Z,KZ-TR-001,43.258,76.949,65266,0x00,0x5c,0x03,0x00
2026-06-02T10:29:00Z,KZ-TR-001,43.258,76.949,65280,0xf8,0x2a,0x00,0x00
2026-06-02T10:30:00Z,KZ-TR-001,43.262,76.941,65265,0x00,0x00,0x60,0x02
2026-06-02T10:30:00Z,KZ-TR-001,43.262,76.941,65266,0x00,0x5c,0x03,0x00
2026-06-02T10:30:00Z,KZ-TR-001,43.262,76.941,65280,0xf8,0x2a,0x00,0x00
2026-06-02T10:31:00Z,KZ-TR-001,43.262,76.949,65265,0x00,0x00,0x60,0x02
2026-06-02T10:31:00Z,KZ-TR-001,43.262,76.949,65266,0x00,0x5c,0x03,0x00
2026-06-02T10:31:00Z,KZ-TR-001,43.262,76.949,65280,0xf8,0x2a,0x00,0x00
2026-06-02T10:32:00Z,KZ-TR-001,43.260,76.943,65265,0x00,0x00,0x60,0x02
2026-06-02T10:32:00Z,KZ-TR-001,43.260,76.943,65266,0x00,0x5c,0x03,0x00
2026-06-02T10:32:00Z,KZ-TR-001,43.260,76.943,65280,0xf8,0x2a,0x00,0x00
2026-06-02T10:33:00Z,KZ-TR-001,43.261,76.948,65265,0x00,0x00,0x60,0x02
2026-06-02T10:33:00Z,KZ-TR-001,43.261,76.948,65266,0x00,0x5c,0x03,0x00
2026-06-02T10:33:00Z,KZ-TR-001,43.261,76.948,65280,0xf8,0x2a,0x00,0x00
2026-06-02T10:34:00Z,KZ-TR-001,43.256,76.940,65265,0x00,0x00,0x60,0x02
2026-06-02T10:34:00Z,KZ-TR-001,43.256,76.940,65266,0x00,0x5c,0x03,0x00
2026-06-02T10:34:00Z,KZ-TR-001,43.256,76.940,65280,0xf8,0x2a,0x00,0x00
2026-06-02T10:35:00Z,KZ-TR-001,43.258,76.941,65265,0x00,0x00,0x60,0x02
2026-06-02T10:35:00Z,KZ-TR-001,43.258,76.941,65266,0x00,0x5c,0x03,0x00
2026-06-02T10:35:00Z,KZ-TR-001,43.258,76.941,65280,0xf8,0x2a,0x00,0x00
2026-06-02T10:36:00Z,KZ-TR-001,43.255,76.947,65265,0x00,0x00,0x60,0x02
2026-06-02T10:36:00Z,KZ-TR-001,43.255,76.947,65266,0x00,0x5c,0x03,0x00
2026-06-02T10:36:00Z,KZ-TR-001,43.255,76.947,65280,0xf8,0x2a,0x00,0x00
2026-06-02T10:37:00Z,KZ-TR-001,43.257,76.943,65265,0x00,0x00,0x60,0x02
2026-06-02T10:37:00Z,KZ-TR-001,43.257,76.943,65266,0x00,0x5c,0x03,0x00
2026-06-02T10:37:00Z,KZ-TR-001,43.257,76.943,65280,0xf8,0x2a,0x00,0x00
2026-06-02T10:38:00Z,KZ-TR-001,43.258,76.945,65265,0x00,0x00,0x60,0x02
2026-06-02T10:38:00Z,KZ-TR-001,43.258,76.945,65266,0x00,0x5c,0x03,0x00
2026-06-02T10:38:00Z,KZ-TR-001,43.258,76.945,65280,0xf8,0x2a,0x00,0x00
2026-06-02T10:39:00Z,KZ-TR-001,43.261,76.941,65265,0x00,0x00,0x60,0x02
2026-06-02T10:39:00Z,KZ-TR-001,43.261,76.941,65266,0x00,0x5c,0x03,0x00
2026-06-02T10:39:00Z,KZ-TR-001,43.261,76.941,65280,0xf8,0x2a,0x00,0x00
2026-06-02T10:40:00Z,KZ-TR-001,43.256,76.943,65265,0x00,0x00,0x60,0x02
2026-06-02T10:40:00Z,KZ-TR-001,43.256,76.943,65266,0x00,0x5c,0x03,0x00
2026-06-02T10:40:00Z,KZ-TR-001,43.256,76.943,65280,0xf8,0x2a,0x00,0x00
2026-06-02T10:41:00Z,KZ-TR-001,43.261,76.948,65265,0x00,0x00,0x60,0x02
2026-06-02T10:41:00Z,KZ-TR-001,43.261,76.948,65266,0x00,0x5c,0x03,0x00
2026-06-02T10:41:00Z,KZ-TR-001,43.261,76.948,65280,0xf8,0x2a,0x00,0x00
2026-06-02T10:42:00Z,KZ-TR-001,43.264,76.944,65265,0x00,0x00,0x60,0x02
2026-06-02T10:42:00Z,KZ-TR-001,43.264,76.944,65266,0x00,0x5c,0x03,0x00
2026-06-02T10:42:00Z,KZ-TR-001,43.264,76.944,65280,0xf8,0x2a,0x00,0x00
2026-06-02T10:43:00Z,KZ-TR-001,43.258,76.942,65265,0x00,0x00,0x60,0x02
2026-06-02T10:43:00Z,KZ-TR-001,43.258,76.942,65266,0x00,0x5c,0x03,0x00
2026-06-02T10:43:00Z,KZ-TR-001,43.258,76.942,65280,0xf8,0x2a,0x00,0x00
2026-06-02T10:44:00Z,KZ-TR-001,43.260,76.948,65265,0x00,0x00,0x60,0x02
2026-06-02T10:44:00Z,KZ-TR-001,43.260,76.948,65266,0x00,0x5c,0x03,0x00
2026-06-02T10:44:00Z,KZ-TR-001,43.260,76.948,65280,0xf8,0x2a,0x00,0x00
2026-06-02T10:45:00Z,KZ-TR-001,43.260,76.940,65265,0x00,0x00,0x60,0x02
2026-06-02T10:45:00Z,KZ-TR-001,43.260,76.940,65266,0x00,0x5c,0x03,0x00
2026-06-02T10:45:00Z,KZ-TR-001,43.260,76.940,65280,0xf8,0x2a,0x00,0x00
2026-06-02T10:46:00Z,KZ-TR-001,43.258,76.948,65265,0x00,0x00,0x60,0x02
2026-06-02T10:46:00Z,KZ-TR-001,43.258,76.948,65266,0x00,0x5c,0x03,0x00
2026-06-02T10:46:00Z,KZ-TR-001,43.258,76.948,65280,0xf8,0x2a,0x00,0x00
2026-06-02T10:47:00Z,KZ-TR-001,43.260,76.943,65265,0x00,0x00,0x60,0x02
2026-06-02T10:47:00Z,KZ-TR-001,43.260,76.943,65266,0x00,0x5c,0x03,0x00
2026-06-02T10:47:00Z,KZ-TR-001,43.260,76.943,65280,0xf8,0x2a,0x00,0x00
2026-06-02T10:48:00Z,KZ-TR-001,43.256,76.948,65265,0x00,0x00,0x60,0x02
2026-06-02T10:48:00Z,KZ-TR-001,43.256,76.948,65266,0x00,0x5c,0x03,0x00
2026-06-02T10:48:00Z,KZ-TR-001,43.256,76.948,65280,0xf8,0x2a,0x00,0x00
2026-06-02T10:49:00Z,KZ-TR-001,43.256,76.948,65265,0x00,0x00,0x60,0x02
2026-06-02T10:49:00Z,KZ-TR-001,43.256,76.948,65266,0x00,0x5c,0x03,0x00
2026-06-02T10:49:00Z,KZ-TR-001,43.256,76.948,65280,0xf8,0x2a,0x00,0x00
2026-06-02T10:50:00Z,KZ-TR-001,43.263,76.942,65265,0x00,0x00,0x60,0x02
2026-06-02T10:50:00Z,KZ-TR-001,43.263,76.942,65266,0x00,0x5c,0x03,0x00
2026-06-02T10:50:00Z,KZ-TR-001,43.263,76.942,65280,0xf8,0x2a,0x00,0x00
2026-06-02T10:51:00Z,KZ-TR-001,43.255,76.941,65265,0x00,0x00,0x60,0x02
2026-06-02T10:51:00Z,KZ-TR-001,43.255,76.941,65266,0x00,0x5c,0x03,0x00
2026-06-02T10:51:00Z,KZ-TR-001,43.255,76.941,65280,0xf8,0x2a,0x00,0x00
2026-06-02T10:52:00Z,KZ-TR-001,43.258,76.942,65265,0x00,0x00,0x60,0x02
2026-06-02T10:52:00Z,KZ-TR-001,43.258,76.942,65266,0x00,0x5c,0x03,0x00
2026-06-02T10:52:00Z,KZ-TR-001,43.258,76.942,65280,0xf8,0x2a,0x00,0x00
2026-06-02T10:53:00Z,KZ-TR-001,43.262,76.944,65265,0x00,0x00,0x60,0x02
2026-06-02T10:53:00Z,KZ-TR-001,43.262,76.944,65266,0x00,0x5c,0x03,0x00
2026-06-02T10:53:00Z,KZ-TR-001,43.262,76.944,65280,0xf8,0x2a,0x00,0x00
2026-06-02T10:54:00Z,KZ-TR-001,43.259,76.946,65265,0x00,0x00,0x60,0x02
2026-06-02T10:54:00Z,KZ-TR-001,43.259,76.946,65266,0x00,0x5c,0x03,0x00
2026-06-02T10:54:00Z,KZ-TR-001,43.259,76.946,65280,0xf8,0x2a,0x00,0x00
2026-06-02T10:55:00Z,KZ-TR-001,43.257,76.943,65265,0x00,0x00,0x60,0x02
2026-06-02T10:55:00Z,KZ-TR-001,43.257,76.943,65266,0x00,0x5c,0x03,0x00
2026-06-02T10:55:00Z,KZ-TR-001,43.257,76.943,65280,0xf8,0x2a,0x00,0x00
2026-06-02T10:56:00Z,KZ-TR-001,43.257,76.948,65265,0x00,0x00,0x60,0x02
2026-06-02T10:56:00Z,KZ-TR-001,43.257,76.948,65266,0x00,0x5c,0x03,0x00
2026-06-02T10:56:00Z,KZ-TR-001,43.257,76.948,65280,0xf8,0x2a,0x00,0x00
2026-06-02T10:57:00Z,KZ-TR-001,43.260,76.948,65265,0x00,0x00,0x60,0x02
2026-06-02T10:57:00Z,KZ-TR-001,43.260,76.948,65266,0x00,0x5c,0x03,0x00
2026-06-02T10:57:00Z,KZ-TR-001,43.260,76.948,65280,0xf8,0x2a,0x00,0x00
2026-06-02T10:58:00Z,KZ-TR-001,43.258,76.947,65265,0x00,0x00,0x60,0x02
2026-06-02T10:58:00Z,KZ-TR-001,43.258,76.947,65266,0x00,0x5c,0x03,0x00
2026-06-02T10:58:00Z,KZ-TR-001,43.258,76.947,65280,0xf8,0x2a,0x00,0x00
2026-06-02T10:59:00Z,KZ-TR-001,43.256,76.948,65265,0x00,0x00,0x60,0x02
2026-06-02T10:59:00Z,KZ-TR-001,43.256,76.948,65266,0x00,0x5c,0x03,0x00
2026-06-02T10:59:00Z,KZ-TR-001,43.256,76.948,65280,0xf8,0x2a,0x00,0x00
2026-06-02T11:00:00Z,KZ-TR-001,43.264,76.948,65265,0x00,0x00,0x60,0x02
2026-06-02T11:00:00Z,KZ-TR-001,43.264,76.948,65266,0x00,0x5c,0x03,0x00
2026-06-02T11:00:00Z,KZ-TR-001,43.264,76.948,65280,0xf8,0x2a,0x00,0x00
2026-06-02T11:01:00Z,KZ-TR-001,43.262,76.943,65265,0x00,0x00,0x60,0x02
2026-06-02T11:01:00Z,KZ-TR-001,43.262,76.943,65266,0x00,0x5c,0x03,0x00
2026-06-02T11:01:00Z,KZ-TR-001,43.262,76.943,65280,0xf8,0x2a,0x00,0x00
2026-06-02T11:02:00Z,KZ-TR-001,43.261,76.941,65265,0x00,0x00,0x60,0x02
2026-06-02T11:02:00Z,KZ-TR-001,43.261,76.941,65266,0x00,0x5c,0x03,0x00
2026-06-02T11:02:00Z,KZ-TR-001,43.261,76.941,65280,0xf8,0x2a,0x00,0x00
2026-06-02T11:03:00Z,KZ-TR-001,43.257,76.946,65265,0x00,0x00,0x60,0x02
2026-06-02T11:03:00Z,KZ-TR-001,43.257,76.946,65266,0x00,0x5c,0x03,0x00
2026-06-02T11:03:00Z,KZ-TR-001,43.257,76.946,65280,0xf8,0x2a,0x00,0x00
2026-06-02T11:04:00Z,KZ-TR-001,43.255,76.943,65265,0x00,0x00,0x60,0x02
2026-06-02T11:04:00Z,KZ-TR-001,43.255,76.943,65266,0x00,0x5c,0x03,0x00
2026-06-02T11:04:00Z,KZ-TR-001,43.255,76.943,65280,0xf8,0x2a,0x00,0x00
2026-06-02T11:05:00Z,KZ-TR-001,43.258,76.947,65265,0x00,0x00,0x60,0x02
2026-06-02T11:05:00Z,KZ-TR-001,43.258,76.947,65266,0x00,0x5c,0x03,0x00
2026-06-02T11:05:00Z,KZ-TR-001,43.258,76.947,65280,0xf8,0x2a,0x00,0x00
2026-06-02T11:06:00Z,KZ-TR-001,43.262,76.950,65265,0x00,0x00,0x60,0x02
2026-06-02T11:06:00Z,KZ-TR-001,43.262,76.950,65266,0x00,0x5c,0x03,0x00
2026-06-02T11:06:00Z,KZ-TR-001,43.262,76.950,65280,0xf8,0x2a,0x00,0x00
2026-06-02T11:07:00Z,KZ-TR-001,43.256,76.942,65265,0x00,0x00,0x60,0x02
2026-06-02T11:07:00Z,KZ-TR-001,43.256,76.942,65266,0x00,0x5c,0x03,0x00
2026-06-02T11:07:00Z,KZ-TR-001,43.256,76.942,65280,0xf8,0x2a,0x00,0x00
2026-06-02T11:08:00Z,KZ-TR-001,43.265,76.943,65265,0x00,0x00,0x60,0x02
2026-06-02T11:08:00Z,KZ-TR-001,43.265,76.943,65266,0x00,0x5c,0x03,0x00
2026-06-02T11:08:00Z,KZ-TR-001,43.265,76.943,65280,0xf8,0x2a,0x00,0x00
2026-06-02T11:09:00Z,KZ-TR-001,43.257,76.945,65265,0x00,0x00,0x60,0x02
2026-06-02T11:09:00Z,KZ-TR-001,43.257,76.945,65266,0x00,0x5c,0x03,0x00
2026-06-02T11:09:00Z,KZ-TR-001,43.257,76.945,65280,0xf8,0x2a,0x00,0x00
2026-06-02T11:10:00Z,KZ-TR-001,43.264,76.941,65265,0x00,0x00,0x60,0x02
2026-06-02T11:10:00Z,KZ-TR-001,43.264,76.941,65266,0x00,0x5c,0x03,0x00
2026-06-02T11:10:00Z,KZ-TR-001,43.264,76.941,65280,0xf8,0x2a,0x00,0x00
2026-06-02T11:11:00Z,KZ-TR-001,43.262,76.944,65265,0x00,0x00,0x60,0x02
2026-06-02T11:11:00Z,KZ-TR-001,43.262,76.944,65266,0x00,0x5c,0x03,0x00
2026-06-02T11:11:00Z,KZ-TR-001,43.262,76.944,65280,0xf8,0x2a,0x00,0x00
2026-06-02T11:12:00Z,KZ-TR-001,43.256,76.949,65265,0x00,0x00,0x60,0x02
2026-06-02T11:12:00Z,KZ-TR-001,43.256,76.949,65266,0x00,0x5c,0x03,0x00
2026-06-02T11:12:00Z,KZ-TR-001,43.256,76.949,65280,0xf8,0x2a,0x00,0x00
2026-06-02T11:13:00Z,KZ-TR-001,43.257,76.941,65265,0x00,0x00,0x60,0x02
2026-06-02T11:13:00Z,KZ-TR-001,43.257,76.941,65266,0x00,0x5c,0x03,0x00
2026-06-02T11:13:00Z,KZ-TR-001,43.257,76.941,65280,0xf8,0x2a,0x00,0x00
2026-06-02T11:14:00Z,KZ-TR-001,43.261,76.942,65265,0x00,0x00,0x60,0x02
2026-06-02T11:14:00Z,KZ-TR-001,43.261,76.942,65266,0x00,0x5c,0x03,0x00
2026-06-02T11:14:00Z,KZ-TR-001,43.261,76.942,65280,0xf8,0x2a,0x00,0x00
2026-06-02T11:15:00Z,KZ-TR-001,43.265,76.949,65265,0x00,0x00,0x60,0x02
2026-06-02T11:15:00Z,KZ-TR-001,43.265,76.949,65266,0x00,0x5c,0x03,0x00
2026-06-02T11:15:00Z,KZ-TR-001,43.265,76.949,65280,0xf8,0x2a,0x00,0x00
2026-06-02T11:16:00Z,KZ-TR-001,43.265,76.943,65265,0x00,0x00,0x60,0x02
2026-06-02T11:16:00Z,KZ-TR-001,43.265,76.943,65266,0x00,0x5c,0x03,0x00
2026-06-02T11:16:00Z,KZ-TR-001,43.265,76.943,65280,0xf8,0x2a,0x00,0x00
2026-06-02T11:17:00Z,KZ-TR-001,43.264,76.942,65265,0x00,0x00,0x60,0x02
2026-06-02T11:17:00Z,KZ-TR-001,43.264,76.942,65266,0x00,0x5c,0x03,0x00
2026-06-02T11:17:00Z,KZ-TR-001,43.264,76.942,65280,0xf8,0x2a,0x00,0x00
2026-06-02T11:18:00Z,KZ-TR-001,43.265,76.941,65265,0x00,0x00,0x60,0x02
2026-06-02T11:18:00Z,KZ-TR-001,43.265,76.941,65266,0x00,0x5c,0x03,0x00
2026-06-02T11:18:00Z,KZ-TR-001,43.265,76.941,65280,0xf8,0x2a,0x00,0x00
2026-06-02T11:19:00Z,KZ-TR-001,43.257,76.947,65265,0x00,0x00,0x60,0x02
2026-06-02T11:19:00Z,KZ-TR-001,43.257,76.947,65266,0x00,0x5c,0x03,0x00
2026-06-02T11:19:00Z,KZ-TR-001,43.257,76.947,65280,0xf8,0x2a,0x00,0x00
2026-06-02T11:20:00Z,KZ-TR-001,43.260,76.942,65265,0x00,0x00,0x60,0x02
2026-06-02T11:20:00Z,KZ-TR-001,43.260,76.942,65266,0x00,0x5c,0x03,0x00
2026-06-02T11:20:00Z,KZ-TR-001,43.260,76.942,65280,0xf8,0x2a,0x00,0x00
2026-06-02T11:21:00Z,KZ-TR-001,43.261,76.944,65265,0x00,0x00,0x60,0x02
2026-06-02T11:21:00Z,KZ-TR-001,43.261,76.944,65266,0x00,0x5c,0x03,0x00
2026-06-02T11:21:00Z,KZ-TR-001,43.261,76.944,65280,0xf8,0x2a,0x00,0x00
2026-06-02T11:22:00Z,KZ-TR-001,43.265,76.945,65265,0x00,0x00,0x60,0x02
2026-06-02T11:22:00Z,KZ-TR-001,43.265,76.945,65266,0x00,0x5c,0x03,0x00
2026-06-02T11:22:00Z,KZ-TR-001,43.265,76.945,65280,0xf8,0x2a,0x00,0x00
2026-06-02T11:23:00Z,KZ-TR-001,43.259,76.941,65265,0x00,0x00,0x60,0x02
2026-06-02T11:23:00Z,KZ-TR-001,43.259,76.941,65266,0x00,0x5c,0x03,0x00
2026-06-02T11:23:00Z,KZ-TR-001,43.259,76.941,65280,0xf8,0x2a,0x00,0x00
2026-06-02T11:24:00Z,KZ-TR-001,43.256,76.950,65265,0x00,0x00,0x60,0x02
2026-06-02T11:24:00Z,KZ-TR-001,43.256,76.950,65266,0x00,0x5c,0x03,0x00
2026-06-02T11:24:00Z,KZ-TR-001,43.256,76.950,65280,0xf8,0x2a,0x00,0x00
2026-06-02T11:25:00Z,KZ-TR-001,43.264,76.944,65265,0x00,0x00,0x60,0x02
2026-06-02T11:25:00Z,KZ-TR-001,43.264,76.944,65266,0x00,0x5c,0x03,0x00
2026-06-02T11:25:00Z,KZ-TR-001,43.264,76.944,65280,0xf8,0x2a,0x00,0x00
2026-06-02T11:26:00Z,KZ-TR-001,43.263,76.941,65265,0x00,0x00,0x60,0x02
2026-06-02T11:26:00Z,KZ-TR-001,43.263,76.941,65266,0x00,0x5c,0x03,0x00
2026-06-02T11:26:00Z,KZ-TR-001,43.263,76.941,65280,0xf8,0x2a,0x00,0x00
2026-06-02T11:27:00Z,KZ-TR-001,43.256,76.946,65265,0x00,0x00,0x60,0x02
2026-06-02T11:27:00Z,KZ-TR-001,43.256,76.946,65266,0x00,0x5c,0x03,0x00
2026-06-02T11:27:00Z,KZ-TR-001,43.256,76.946,65280,0xf8,0x2a,0x00,0x00
2026-06-02T11:28:00Z,KZ-TR-001,43.259,76.945,65265,0x00,0x00,0x60,0x02
2026-06-02T11:28:00Z,KZ-TR-001,43.259,76.945,65266,0x00,0x5c,0x03,0x00
2026-06-02T11:28:00Z,KZ-TR-001,43.259,76.945,65280,0xf8,0x2a,0x00,0x00
2026-06-02T11:29:00Z,KZ-TR-001,43.262,76.941,65265,0x00,0x00,0x60,0x02
2026-06-02T11:29:00Z,KZ-TR-001,43.262,76.941,65266,0x00,0x5c,0x03,0x00
2026-06-02T11:29:00Z,KZ-TR-001,43.262,76.941,65280,0xf8,0x2a,0x00,0x00
2026-06-02T11:30:00Z,KZ-TR-001,43.258,76.947,65265,0x00,0x00,0x60,0x02
2026-06-02T11:30:00Z,KZ-TR-001,43.258,76.947,65266,0x00,0x5c,0x03,0x00
2026-06-02T11:30:00Z,KZ-TR-001,43.258,76.947,65280,0xf8,0x2a,0x00,0x00
2026-06-02T11:31:00Z,KZ-TR-001,43.257,76.946,65265,0x00,0x00,0x60,0x02
2026-06-02T11:31:00Z,KZ-TR-001,43.257,76.946,65266,0x00,0x5c,0x03,0x00
2026-06-02T11:31:00Z,KZ-TR-001,43.257,76.946,65280,0xf8,0x2a,0x00,0x00
2026-06-02T11:32:00Z,KZ-TR-001,43.258,76.949,65265,0x00,0x00,0x60,0x02
2026-06-02T11:32:00Z,KZ-TR-001,43.258,76.949,65266,0x00,0x5c,0x03,0x00
2026-06-02T11:32:00Z,KZ-TR-001,43.258,76.949,65280,0xf8,0x2a,0x00,0x00
2026-06-02T11:33:00Z,KZ-TR-001,43.260,76.941,65265,0x00,0x00,0x60,0x02
2026-06-02T11:33:00Z,KZ-TR-001,43.260,76.941,65266,0x00,0x5c,0x03,0x00
2026-06-02T11:33:00Z,KZ-TR-001,43.260,76.941,65280,0xf8,0x2a,0x00,0x00
2026-06-02T11:34:00Z,KZ-TR-001,43.261,76.948,65265,0x00,0x00,0x60,0x02
2026-06-02T11:34:00Z,KZ-TR-001,43.261,76.948,65266,0x00,0x5c,0x03,0x00
2026-06-02T11:34:00Z,KZ-TR-001,43.261,76.948,65280,0xf8,0x2a,0x00,0x00
2026-06-02T11:35:00Z,KZ-TR-001,43.256,76.940,65265,0x00,0x00,0x60,0x02
2026-06-02T11:35:00Z,KZ-TR-001,43.256,76.940,65266,0x00,0x5c,0x03,0x00
2026-06-02T11:35:00Z,KZ-TR-001,43.256,76.940,65280,0xf8,0x2a,0x00,0x00
2026-06-02T11:36:00Z,KZ-TR-001,43.259,76.943,65265,0x00,0x00,0x60,0x02
2026-06-02T11:36:00Z,KZ-TR-001,43.259,76.943,65266,0x00,0x5c,0x03,0x00
2026-06-02T11:36:00Z,KZ-TR-001,43.259,76.943,65280,0xf8,0x2a,0x00,0x00
2026-06-02T11:37:00Z,KZ-TR-001,43.258,76.946,65265,0x00,0x00,0x60,0x02
2026-06-02T11:37:00Z,KZ-TR-001,43.258,76.946,65266,0x00,0x5c,0x03,0x00
2026-06-02T11:37:00Z,KZ-TR-001,43.258,76.946,65280,0xf8,0x2a,0x00,0x00
2026-06-02T11:38:00Z,KZ-TR-001,43.257,76.947,65265,0x00,0x00,0x60,0x02
2026-06-02T11:38:00Z,KZ-TR-001,43.257,76.947,65266,0x00,0x5c,0x03,0x00
2026-06-02T11:38:00Z,KZ-TR-001,43.257,76.947,65280,0xf8,0x2a,0x00,0x00
2026-06-02T11:39:00Z,KZ-TR-001,43.259,76.948,65265,0x00,0x00,0x60,0x02
2026-06-02T11:39:00Z,KZ-TR-001,43.259,76.948,65266,0x00,0x5c,0x03,0x00
2026-06-02T11:39:00Z,KZ-TR-001,43.259,76.948,65280,0xf8,0x2a,0x00,0x00
2026-06-02T11:40:00Z,KZ-TR-001,43.261,76.940,65265,0x00,0x00,0x60,0x02
2026-06-02T11:40:00Z,KZ-TR-001,43.261,76.940,65266,0x00,0x5c,0x03,0x00
2026-06-02T11:40:00Z,KZ-TR-001,43.261,76.940,65280,0xf8,0x2a,0x00,0x00
2026-06-02T11:41:00Z,KZ-TR-001,43.255,76.947,65265,0x00,0x00,0x60,0x02
2026-06-02T11:41:00Z,KZ-TR-001,43.255,76.947,65266,0x00,0x5c,0x03,0x00
2026-06-02T11:41:00Z,KZ-TR-001,43.255,76.947,65280,0xf8,0x2a,0x00,0x00
2026-06-02T11:42:00Z,KZ-TR-001,43.264,76.943,65265,0x00,0x00,0x60,0x02
2026-06-02T11:42:00Z,KZ-TR-001,43.264,76.943,65266,0x00,0x5c,0x03,0x00
2026-06-02T11:42:00Z,KZ-TR-001,43.264,76.943,65280,0xf8,0x2a,0x00,0x00
2026-06-02T11:43:00Z,KZ-TR-001,43.256,76.941,65265,0x00,0x00,0x60,0x02
2026-06-02T11:43:00Z,KZ-TR-001,43.256,76.941,65266,0x00,0x5c,0x03,0x00
2026-06-02T11:43:00Z,KZ-TR-001,43.256,76.941,65280,0xf8,0x2a,0x00,0x00
2026-06-02T11:44:00Z,KZ-TR-001,43.260,76.942,65265,0x00,0x00,0x60,0x02
2026-06-02T11:44:00Z,KZ-TR-001,43.260,76.942,65266,0x00,0x5c,0x03,0x00
2026-06-02T11:44:00Z,KZ-TR-001,43.260,76.942,65280,0xf8,0x2a,0x00,0x00
2026-06-02T11:45:00Z,KZ-TR-001,43.262,76.945,65265,0x00,0x00,0x60,0x02
2026-06-02T11:45:00Z,KZ-TR-001,43.262,76.945,65266,0x00,0x5c,0x03,0x00
2026-06-02T11:45:00Z,KZ-TR-001,43.262,76.945,65280,0xf8,0x2a,0x00,0x00
2026-06-02T11:46:00Z,KZ-TR-001,43.263,76.947,65265,0x00,0x00,0x60,0x02
2026-06-02T11:46:00Z,KZ-TR-001,43.263,76.947,65266,0x00,0x5c,0x03,0x00
2026-06-02T11:46:00Z,KZ-TR-001,43.263,76.947,65280,0xf8,0x2a,0x00,0x00
2026-06-02T11:47:00Z,KZ-TR-001,43.263,76.943,65265,0x00,0x00,0x60,0x02
2026-06-02T11:47:00Z,KZ-TR-001,43.263,76.943,65266,0x00,0x5c,0x03,0x00
2026-06-02T11:47:00Z,KZ-TR-001,43.263,76.943,65280,0xf8,0x2a,0x00,0x00
2026-06-02T11:48:00Z,KZ-TR-001,43.260,76.949,65265,0x00,0x00,0x60,0x02
2026-06-02T11:48:00Z,KZ-TR-001,43.260,76.949,65266,0x00,0x5c,0x03,0x00
2026-06-02T11:48:00Z,KZ-TR-001,43.260,76.949,65280,0xf8,0x2a,0x00,0x00
2026-06-02T11:49:00Z,KZ-TR-001,43.262,76.948,65265,0x00,0x00,0x60,0x02
2026-06-02T11:49:00Z,KZ-TR-001,43.262,76.948,65266,0x00,0x5c,0x03,0x00
2026-06-02T11:49:00Z,KZ-TR-001,43.262,76.948,65280,0xf8,0x2a,0x00,0x00
2026-06-02T11:50:00Z,KZ-TR-001,43.265,76.946,65265,0x00,0x00,0x60,0x02
2026-06-02T11:50:00Z,KZ-TR-001,43.265,76.946,65266,0x00,0x5c,0x03,0x00
2026-06-02T11:50:00Z,KZ-TR-001,43.265,76.946,65280,0xf8,0x2a,0x00,0x00
2026-06-02T11:51:00Z,KZ-TR-001,43.258,76.940,65265,0x00,0x00,0x60,0x02
2026-06-02T11:51:00Z,KZ-TR-001,43.258,76.940,65266,0x00,0x5c,0x03,0x00
2026-06-02T11:51:00Z,KZ-TR-001,43.258,76.940,65280,0xf8,0x2a,0x00,0x00
2026-06-02T11:52:00Z,KZ-TR-001,43.255,76.948,65265,0x00,0x00,0x60,0x02
2026-06-02T11:52:00Z,KZ-TR-001,43.255,76.948,65266,0x00,0x5c,0x03,0x00
2026-06-02T11:52:00Z,KZ-TR-001,43.255,76.948,65280,0xf8,0x2a,0x00,0x00
2026-06-02T11:53:00Z,KZ-TR-001,43.263,76.944,65265,0x00,0x00,0x60,0x02
2026-06-02T11:53:00Z,KZ-TR-001,43.263,76.944,65266,0x00,0x5c,0x03,0x00
2026-06-02T11:53:00Z,KZ-TR-001,43.263,76.944,65280,0xf8,0x2a,0x00,0x00
2026-06-02T11:54:00Z,KZ-TR-001,43.264,76.943,65265,0x00,0x00,0x60,0x02
2026-06-02T11:54:00Z,KZ-TR-001,43.264,76.943,65266,0x00,0x5c,0x03,0x00
2026-06-02T11:54:00Z,KZ-TR-001,43.264,76.943,65280,0xf8,0x2a,0x00,0x00
2026-06-02T11:55:00Z,KZ-TR-001,43.262,76.948,65265,0x00,0x00,0x60,0x02
2026-06-02T11:55:00Z,KZ-TR-001,43.262,76.948,65266,0x00,0x5c,0x03,0x00
2026-06-02T11:55:00Z,KZ-TR-001,43.262,76.948,65280,0xf8,0x2a,0x00,0x00
2026-06-02T11:56:00Z,KZ-TR-001,43.256,76.946,65265,0x00,0x00,0x60,0x02
2026-06-02T11:56:00Z,KZ-TR-001,43.256,76.946,65266,0x00,0x5c,0x03,0x00
2026-06-02T11:56:00Z,KZ-TR-001,43.256,76.946,65280,0xf8,0x2a,0x00,0x00
2026-06-02T11:57:00Z,KZ-TR-001,43.259,76.942,65265,0x00,0x00,0x60,0x02
2026-06-02T11:57:00Z,KZ-TR-001,43.259,76.942,65266,0x00,0x5c,0x03,0x00
2026-06-02T11:57:00Z,KZ-TR-001,43.259,76.942,65280,0xf8,0x2a,0x00,0x00
2026-06-02T11:58:00Z,KZ-TR-001,43.257,76.943,65265,0x00,0x00,0x60,0x02
2026-06-02T11:58:00Z,KZ-TR-001,43.257,76.943,65266,0x00,0x5c,0x03,0x00
2026-06-02T11:58:00Z,KZ-TR-001,43.257,76.943,65280,0xf8,0x2a,0x00,0x00
2026-06-02T11:59:00Z,KZ-TR-001,43.258,76.940,65265,0x00,0x00,0x60,0x02
2026-06-02T11:59:00Z,KZ-TR-001,43.258,76.940,65266,0x00,0x5c,0x03,0x00
2026-06-02T11:59:00Z,KZ-TR-001,43.258,76.940,65280,0xf8,0x2a,0x00,0x00
2026-06-02T12:00:00Z,KZ-TR-001,43.258,76.942,65265,0x00,0x00,0x60,0x02
2026-06-02T12:00:00Z,KZ-TR-001,43.258,76.942,65266,0x00,0x5c,0x03,0x00
2026-06-02T12:00:00Z,KZ-TR-001,43.258,76.942,65280,0xf8,0x2a,0x00,0x00
2026-06-02T12:01:00Z,KZ-TR-001,43.256,76.943,65265,0x00,0x00,0x60,0x02
2026-06-02T12:01:00Z,KZ-TR-001,43.256,76.943,65266,0x00,0x5c,0x03,0x00
2026-06-02T12:01:00Z,KZ-TR-001,43.256,76.943,65280,0xf8,0x2a,0x00,0x00
2026-06-02T12:02:00Z,KZ-TR-001,43.259,76.945,65265,0x00,0x00,0x60,0x02
2026-06-02T12:02:00Z,KZ-TR-001,43.259,76.945,65266,0x00,0x5c,0x03,0x00
2026-06-02T12:02:00Z,KZ-TR-001,43.259,76.945,65280,0xf8,0x2a,0x00,0x00
2026-06-02T12:03:00Z,KZ-TR-001,43.258,76.943,65265,0x00,0x00,0x60,0x02
2026-06-02T12:03:00Z,KZ-TR-001,43.258,76.943,65266,0x00,0x5c,0x03,0x00
2026-06-02T12:03:00Z,KZ-TR-001,43.258,76.943,65280,0xf8,0x2a,0x00,0x00
2026-06-02T12:04:00Z,KZ-TR-001,43.261,76.943,65265,0x00,0x00,0x60,0x02
2026-06-02T12:04:00Z,KZ-TR-001,43.261,76.943,65266,0x00,0x5c,0x03,0x00
2026-06-02T12:04:00Z,KZ-TR-001,43.261,76.943,65280,0xf8,0x2a,0x00,0x00
2026-06-02T12:05:00Z,KZ-TR-001,43.257,76.940,65265,0x00,0x00,0x60,0x02
2026-06-02T12:05:00Z,KZ-TR-001,43.257,76.940,65266,0x00,0x5c,0x03,0x00
2026-06-02T12:05:00Z,KZ-TR-001,43.257,76.940,65280,0xf8,0x2a,0x00,0x00
2026-06-02T12:06:00Z,KZ-TR-001,43.264,76.942,65265,0x00,0x00,0x60,0x02
2026-06-02T12:06:00Z,KZ-TR-001,43.264,76.942,65266,0x00,0x5c,0x03,0x00
2026-06-02T12:06:00Z,KZ-TR-001,43.264,76.942,65280,0xf8,0x2a,0x00,0x00
2026-06-02T12:07:00Z,KZ-TR-001,43.263,76.946,65265,0x00,0x00,0x60,0x02
2026-06-02T12:07:00Z,KZ-TR-001,43.263,76.946,65266,0x00,0x5c,0x03,0x00
2026-06-02T12:07:00Z,KZ-TR-001,43.263,76.946,65280,0xf8,0x2a,0x00,0x00
2026-06-02T12:08:00Z,KZ-TR-001,43.264,76.946,65265,0x00,0x00,0x60,0x02
2026-06-02T12:08:00Z,KZ-TR-001,43.264,76.946,65266,0x00,0x5c,0x03,0x00
2026-06-02T12:08:00Z,KZ-TR-001,43.264,76.946,65280,0xf8,0x2a,0x00,0x00
2026-06-02T12:09:00Z,KZ-TR-001,43.260,76.950,65265,0x00,0x00,0x60,0x02
2026-06-02T12:09:00Z,KZ-TR-001,43.260,76.950,65266,0x00,0x5c,0x03,0x00
2026-06-02T12:09:00Z,KZ-TR-001,43.260,76.950,65280,0xf8,0x2a,0x00,0x00
2026-06-02T12:10:00Z,KZ-TR-001,43.258,76.940,65265,0x00,0x00,0x60,0x02
2026-06-02T12:10:00Z,KZ-TR-001,43.258,76.940,65266,0x00,0x5c,0x03,0x00
2026-06-02T12:10:00Z,KZ-TR-001,43.258,76.940,65280,0xf8,0x2a,0x00,0x00
2026-06-02T12:11:00Z,KZ-TR-001,43.255,76.942,65265,0x00,0x00,0x60,0x02
2026-06-02T12:11:00Z,KZ-TR-001,43.255,76.942,65266,0x00,0x5c,0x03,0x00
2026-06-02T12:11:00Z,KZ-TR-001,43.255,76.942,65280,0xf8,0x2a,0x00,0x00
2026-06-02T12:12:00Z,KZ-TR-001,43.260,76.940,65265,0x00,0x00,0x60,0x02
2026-06-02T12:12:00Z,KZ-TR-001,43.260,76.940,65266,0x00,0x5c,0x03,0x00
2026-06-02T12:12:00Z,KZ-TR-001,43.260,76.940,65280,0xf8,0x2a,0x00,0x00
2026-06-02T12:13:00Z,KZ-TR-001,43.263,76.950,65265,0x00,0x00,0x60,0x02
2026-06-02T12:13:00Z,KZ-TR-001,43.263,76.950,65266,0x00,0x5c,0x03,0x00
2026-06-02T12:13:00Z,KZ-TR-001,43.263,76.950,65280,0xf8,0x2a,0x00,0x00
2026-06-02T12:14:00Z,KZ-TR-001,43.259,76.942,65265,0x00,0x00,0x60,0x02
2026-06-02T12:14:00Z,KZ-TR-001,43.259,76.942,65266,0x00,0x5c,0x03,0x00
2026-06-02T12:14:00Z,KZ-TR-001,43.259,76.942,65280,0xf8,0x2a,0x00,0x00
2026-06-02T12:15:00Z,KZ-TR-001,43.263,76.946,65265,0x00,0x00,0x60,0x02
2026-06-02T12:15:00Z,KZ-TR-001,43.263,76.946,65266,0x00,0x5c,0x03,0x00
2026-06-02T12:15:00Z,KZ-TR-001,43.263,76.946,65280,0xf8,0x2a,0x00,0x00
2026-06-02T12:16:00Z,KZ-TR-001,43.256,76.948,65265,0x00,0x00,0x60,0x02
2026-06-02T12:16:00Z,KZ-TR-001,43.256,76.948,65266,0x00,0x5c,0x03,0x00
2026-06-02T12:16:00Z,KZ-TR-001,43.256,76.948,65280,0xf8,0x2a,0x00,0x00
2026-06-02T12:17:00Z,KZ-TR-001,43.261,76.944,65265,0x00,0x00,0x60,0x02
2026-06-02T12:17:00Z,KZ-TR-001,43.261,76.944,65266,0x00,0x5c,0x03,0x00
2026-06-02T12:17:00Z,KZ-TR-001,43.261,76.944,65280,0xf8,0x2a,0x00,0x00
2026-06-02T12:18:00Z,KZ-TR-001,43.257,76.947,65265,0x00,0x00,0x60,0x02
2026-06-02T12:18:00Z,KZ-TR-001,43.257,76.947,65266,0x00,0x5c,0x03,0x00
2026-06-02T12:18:00Z,KZ-TR-001,43.257,76.947,65280,0xf8,0x2a,0x00,0x00
2026-06-02T12:19:00Z,KZ-TR-001,43.264,76.949,65265,0x00,0x00,0x60,0x02
2026-06-02T12:19:00Z,KZ-TR-001,43.264,76.949,65266,0x00,0x5c,0x03,0x00
2026-06-02T12:19:00Z,KZ-TR-001,43.264,76.949,65280,0xf8,0x2a,0x00,0x00
2026-06-02T12:20:00Z,KZ-TR-001,43.260,76.944,65265,0x00,0x00,0x60,0x02
2026-06-02T12:20:00Z,KZ-TR-001,43.260,76.944,65266,0x00,0x5c,0x03,0x00
2026-06-02T12:20:00Z,KZ-TR-001,43.260,76.944,65280,0xf8,0x2a,0x00,0x00
2026-06-02T12:21:00Z,KZ-TR-001,43.262,76.944,65265,0x00,0x00,0x60,0x02
2026-06-02T12:21:00Z,KZ-TR-001,43.262,76.944,65266,0x00,0x5c,0x03,0x00
2026-06-02T12:21:00Z,KZ-TR-001,43.262,76.944,65280,0xf8,0x2a,0x00,0x00
2026-06-02T12:22:00Z,KZ-TR-001,43.255,76.947,65265,0x00,0x00,0x60,0x02
2026-06-02T12:22:00Z,KZ-TR-001,43.255,76.947,65266,0x00,0x5c,0x03,0x00
2026-06-02T12:22:00Z,KZ-TR-001,43.255,76.947,65280,0xf8,0x2a,0x00,0x00
2026-06-02T12:23:00Z,KZ-TR-001,43.264,76.943,65265,0x00,0x00,0x60,0x02
2026-06-02T12:23:00Z,KZ-TR-001,43.264,76.943,65266,0x00,0x5c,0x03,0x00
2026-06-02T12:23:00Z,KZ-TR-001,43.264,76.943,65280,0xf8,0x2a,0x00,0x00
2026-06-02T12:24:00Z,KZ-TR-001,43.259,76.945,65265,0x00,0x00,0x60,0x02
2026-06-02T12:24:00Z,KZ-TR-001,43.259,76.945,65266,0x00,0x5c,0x03,0x00
2026-06-02T12:24:00Z,KZ-TR-001,43.259,76.945,65280,0xf8,0x2a,0x00,0x00
2026-06-02T12:25:00Z,KZ-TR-001,43.260,76.948,65265,0x00,0x00,0x60,0x02
2026-06-02T12:25:00Z,KZ-TR-001,43.260,76.948,65266,0x00,0x5c,0x03,0x00
2026-06-02T12:25:00Z,KZ-TR-001,43.260,76.948,65280,0xf8,0x2a,0x00,0x00
2026-06-02T12:26:00Z,KZ-TR-001,43.258,76.944,65265,0x00,0x00,0x60,0x02
2026-06-02T12:26:00Z,KZ-TR-001,43.258,76.944,65266,0x00,0x5c,0x03,0x00
2026-06-02T12:26:00Z,KZ-TR-001,43.258,76.944,65280,0xf8,0x2a,0x00,0x00
2026-06-02T12:27:00Z,KZ-TR-001,43.261,76.950,65265,0x00,0x00,0x60,0x02
2026-06-02T12:27:00Z,KZ-TR-001,43.261,76.950,65266,0x00,0x5c,0x03,0x00
2026-06-02T12:27:00Z,KZ-TR-001,43.261,76.950,65280,0xf8,0x2a,0x00,0x00
2026-06-02T12:28:00Z,KZ-TR-001,43.264,76.943,65265,0x00,0x00,0x60,0x02
2026-06-02T12:28:00Z,KZ-TR-001,43.264,76.943,65266,0x00,0x5c,0x03,0x00
2026-06-02T12:28:00Z,KZ-TR-001,43.264,76.943,65280,0xf8,0x2a,0x00,0x00
2026-06-02T12:29:00Z,KZ-TR-001,43.257,76.943,65265,0x00,0x00,0x60,0x02
2026-06-02T12:29:00Z,KZ-TR-001,43.257,76.943,65266,0x00,0x5c,0x03,0x00
2026-06-02T12:29:00Z,KZ-TR-001,43.257,76.943,65280,0xf8,0x2a,0x00,0x00
2026-06-02T12:30:00Z,KZ-TR-001,43.260,76.947,65265,0x00,0x00,0x60,0x02
2026-06-02T12:30:00Z,KZ-TR-001,43.260,76.947,65266,0x00,0x5c,0x03,0x00
2026-06-02T12:30:00Z,KZ-TR-001,43.260,76.947,65280,0xf8,0x2a,0x00,0x00
2026-06-02T12:31:00Z,KZ-TR-001,43.260,76.949,65265,0x00,0x00,0x60,0x02
2026-06-02T12:31:00Z,KZ-TR-001,43.260,76.949,65266,0x00,0x5c,0x03,0x00
2026-06-02T12:31:00Z,KZ-TR-001,43.260,76.949,65280,0xf8,0x2a,0x00,0x00
2026-06-02T12:32:00Z,KZ-TR-001,43.263,76.946,65265,0x00,0x00,0x60,0x02
2026-06-02T12:32:00Z,KZ-TR-001,43.263,76.946,65266,0x00,0x5c,0x03,0x00
2026-06-02T12:32:00Z,KZ-TR-001,43.263,76.946,65280,0xf8,0x2a,0x00,0x00
2026-06-02T12:33:00Z,KZ-TR-001,43.258,76.941,65265,0x00,0x00,0x60,0x02
2026-06-02T12:33:00Z,KZ-TR-001,43.258,76.941,65266,0x00,0x5c,0x03,0x00
2026-06-02T12:33:00Z,KZ-TR-001,43.258,76.941,65280,0xf8,0x2a,0x00,0x00
2026-06-02T12:34:00Z,KZ-TR-001,43.263,76.945,65265,0x00,0x00,0x60,0x02
2026-06-02T12:34:00Z,KZ-TR-001,43.263,76.945,65266,0x00,0x5c,0x03,0x00
2026-06-02T12:34:00Z,KZ-TR-001,43.263,76.945,65280,0xf8,0x2a,0x00,0x00
2026-06-02T12:35:00Z,KZ-TR-001,43.257,76.940,65265,0x00,0x00,0x60,0x02
2026-06-02T12:35:00Z,KZ-TR-001,43.257,76.940,65266,0x00,0x5c,0x03,0x00
2026-06-02T12:35:00Z,KZ-TR-001,43.257,76.940,65280,0xf8,0x2a,0x00,0x00
2026-06-02T12:36:00Z,KZ-TR-001,43.259,76.944,65265,0x00,0x00,0x60,0x02
2026-06-02T12:36:00Z,KZ-TR-001,43.259,76.944,65266,0x00,0x5c,0x03,0x00
2026-06-02T12:36:00Z,KZ-TR-001,43.259,76.944,65280,0xf8,0x2a,0x00,0x00
2026-06-02T12:37:00Z,KZ-TR-001,43.262,76.948,65265,0x00,0x00,0x60,0x02
2026-06-02T12:37:00Z,KZ-TR-001,43.262,76.948,65266,0x00,0x5c,0x03,0x00
2026-06-02T12:37:00Z,KZ-TR-001,43.262,76.948,65280,0xf8,0x2a,0x00,0x00
2026-06-02T12:38:00Z,KZ-TR-001,43.261,76.945,65265,0x00,0x00,0x60,0x02
2026-06-02T12:38:00Z,KZ-TR-001,43.261,76.945,65266,0x00,0x5c,0x03,0x00
2026-06-02T12:38:00Z,KZ-TR-001,43.261,76.945,65280,0xf8,0x2a,0x00,0x00
2026-06-02T12:39:00Z,KZ-TR-001,43.258,76.943,65265,0x00,0x00,0x60,0x02
2026-06-02T12:39:00Z,KZ-TR-001,43.258,76.943,65266,0x00,0x5c,0x03,0x00
2026-06-02T12:39:00Z,KZ-TR-001,43.258,76.943,65280,0xf8,0x2a,0x00,0x00
2026-06-02T12:40:00Z,KZ-TR-001,43.257,76.942,65265,0x00,0x00,0x60,0x02
2026-06-02T12:40:00Z,KZ-TR-001,43.257,76.942,65266,0x00,0x5c,0x03,0x00
2026-06-02T12:40:00Z,KZ-TR-001,43.257,76.942,65280,0xf8,0x2a,0x00,0x00
2026-06-02T12:41:00Z,KZ-TR-001,43.262,76.942,65265,0x00,0x00,0x60,0x02
2026-06-02T12:41:00Z,KZ-TR-001,43.262,76.942,65266,0x00,0x5c,0x03,0x00
2026-06-02T12:41:00Z,KZ-TR-001,43.262,76.942,65280,0xf8,0x2a,0x00,0x00
2026-06-02T12:42:00Z,KZ-TR-001,43.258,76.946,65265,0x00,0x00,0x60,0x02
2026-06-02T12:42:00Z,KZ-TR-001,43.258,76.946,65266,0x00,0x5c,0x03,0x00
2026-06-02T12:42:00Z,KZ-TR-001,43.258,76.946,65280,0xf8,0x2a,0x00,0x00
2026-06-02T12:43:00Z,KZ-TR-001,43.257,76.941,65265,0x00,0x00,0x60,0x02
2026-06-02T12:43:00Z,KZ-TR-001,43.257,76.941,65266,0x00,0x5c,0x03,0x00
2026-06-02T12:43:00Z,KZ-TR-001,43.257,76.941,65280,0xf8,0x2a,0x00,0x00
2026-06-02T12:44:00Z,KZ-TR-001,43.258,76.949,65265,0x00,0x00,0x60,0x02
2026-06-02T12:44:00Z,KZ-TR-001,43.258,76.949,65266,0x00,0x5c,0x03,0x00
2026-06-02T12:44:00Z,KZ-TR-001,43.258,76.949,65280,0xf8,0x2a,0x00,0x00
2026-06-02T12:45:00Z,KZ-TR-001,43.263,76.948,65265,0x00,0x00,0x60,0x02
2026-06-02T12:45:00Z,KZ-TR-001,43.263,76.948,65266,0x00,0x5c,0x03,0x00
2026-06-02T12:45:00Z,KZ-TR-001,43.263,76.948,65280,0xf8,0x2a,0x00,0x00
2026-06-02T12:46:00Z,KZ-TR-001,43.262,76.941,65265,0x00,0x00,0x60,0x02
2026-06-02T12:46:00Z,KZ-TR-001,43.262,76.941,65266,0x00,0x5c,0x03,0x00
2026-06-02T12:46:00Z,KZ-TR-001,43.262,76.941,65280,0xf8,0x2a,0x00,0x00
2026-06-02T12:47:00Z,KZ-TR-001,43.262,76.948,65265,0x00,0x00,0x60,0x02
2026-06-02T12:47:00Z,KZ-TR-001,43.262,76.948,65266,0x00,0x5c,0x03,0x00
2026-06-02T12:47:00Z,KZ-TR-001,43.262,76.948,65280,0xf8,0x2a,0x00,0x00
2026-06-02T12:48:00Z,KZ-TR-001,43.262,76.942,65265,0x00,0x00,0x60,0x02
2026-06-02T12:48:00Z,KZ-TR-001,43.262,76.942,65266,0x00,0x5c,0x03,0x00
2026-06-02T12:48:00Z,KZ-TR-001,43.262,76.942,65280,0xf8,0x2a,0x00,0x00
2026-06-02T12:49:00Z,KZ-TR-001,43.261,76.945,65265,0x00,0x00,0x60,0x02
2026-06-02T12:49:00Z,KZ-TR-001,43.261,76.945,65266,0x00,0x5c,0x03,0x00
2026-06-02T12:49:00Z,KZ-TR-001,43.261,76.945,65280,0xf8,0x2a,0x00,0x00
2026-06-02T12:50:00Z,KZ-TR-001,43.265,76.940,65265,0x00,0x00,0x60,0x02
2026-06-02T12:50:00Z,KZ-TR-001,43.265,76.940,65266,0x00,0x5c,0x03,0x00
2026-06-02T12:50:00Z,KZ-TR-001,43.265,76.940,65280,0xf8,0x2a,0x00,0x00
2026-06-02T12:51:00Z,KZ-TR-001,43.255,76.949,65265,0x00,0x00,0x60,0x02
2026-06-02T12:51:00Z,KZ-TR-001,43.255,76.949,65266,0x00,0x5c,0x03,0x00
2026-06-02T12:51:00Z,KZ-TR-001,43.255,76.949,65280,0xf8,0x2a,0x00,0x00
2026-06-02T12:52:00Z,KZ-TR-001,43.264,76.950,65265,0x00,0x00,0x60,0x02
2026-06-02T12:52:00Z,KZ-TR-001,43.264,76.950,65266,0x00,0x5c,0x03,0x00
2026-06-02T12:52:00Z,KZ-TR-001,43.264,76.950,65280,0xf8,0x2a,0x00,0x00
2026-06-02T12:53:00Z,KZ-TR-001,43.262,76.941,65265,0x00,0x00,0x60,0x02
2026-06-02T12:53:00Z,KZ-TR-001,43.262,76.941,65266,0x00,0x5c,0x03,0x00
2026-06-02T12:53:00Z,KZ-TR-001,43.262,76.941,65280,0xf8,0x2a,0x00,0x00
2026-06-02T12:54:00Z,KZ-TR-001,43.263,76.942,65265,0x00,0x00,0x60,0x02
2026-06-02T12:54:00Z,KZ-TR-001,43.263,76.942,65266,0x00,0x5c,0x03,0x00
2026-06-02T12:54:00Z,KZ-TR-001,43.263,76.942,65280,0xf8,0x2a,0x00,0x00
2026-06-02T12:55:00Z,KZ-TR-001,43.256,76.949,65265,0x00,0x00,0x60,0x02
2026-06-02T12:55:00Z,KZ-TR-001,43.256,76.949,65266,0x00,0x5c,0x03,0x00
2026-06-02T12:55:00Z,KZ-TR-001,43.256,76.949,65280,0xf8,0x2a,0x00,0x00
2026-06-02T12:56:00Z,KZ-TR-001,43.257,76.942,65265,0x00,0x00,0x60,0x02
2026-06-02T12:56:00Z,KZ-TR-001,43.257,76.942,65266,0x00,0x5c,0x03,0x00
2026-06-02T12:56:00Z,KZ-TR-001,43.257,76.942,65280,0xf8,0x2a,0x00,0x00
2026-06-02T12:57:00Z,KZ-TR-001,43.260,76.945,65265,0x00,0x00,0x60,0x02
2026-06-02T12:57:00Z,KZ-TR-001,43.260,76.945,65266,0x00,0x5c,0x03,0x00
2026-06-02T12:57:00Z,KZ-TR-001,43.260,76.945,65280,0xf8,0x2a,0x00,0x00
2026-06-02T12:58:00Z,KZ-TR-001,43.265,76.950,65265,0x00,0x00,0x60,0x02
2026-06-02T12:58:00Z,KZ-TR-001,43.265,76.950,65266,0x00,0x5c,0x03,0x00
2026-06-02T12:58:00Z,KZ-TR-001,43.265,76.950,65280,0xf8,0x2a,0x00,0x00
2026-06-02T12:59:00Z,KZ-TR-001,43.260,76.947,65265,0x00,0x00,0x60,0x02
2026-06-02T12:59:00Z,KZ-TR-001,43.260,76.947,65266,0x00,0x5c,0x03,0x00
2026-06-02T12:59:00Z,KZ-TR-001,43.260,76.947,65280,0xf8,0x2a,0x00,0x00
2026-06-02T13:00:00Z,KZ-TR-001,43.263,76.946,65265,0x00,0x00,0x60,0x02
2026-06-02T13:00:00Z,KZ-TR-001,43.263,76.946,65266,0x00,0x5c,0x03,0x00
2026-06-02T13:00:00Z,KZ-TR-001,43.263,76.946,65280,0xf8,0x2a,0x00,0x00
2026-06-02T13:01:00Z,KZ-TR-001,43.257,76.945,65265,0x00,0x00,0x60,0x02
2026-06-02T13:01:00Z,KZ-TR-001,43.257,76.945,65266,0x00,0x5c,0x03,0x00
2026-06-02T13:01:00Z,KZ-TR-001,43.257,76.945,65280,0xf8,0x2a,0x00,0x00
2026-06-02T13:02:00Z,KZ-TR-001,43.258,76.950,65265,0x00,0x00,0x60,0x02
2026-06-02T13:02:00Z,KZ-TR-001,43.258,76.950,65266,0x00,0x5c,0x03,0x00
2026-06-02T13:02:00Z,KZ-TR-001,43.258,76.950,65280,0xf8,0x2a,0x00,0x00
2026-06-02T13:03:00Z,KZ-TR-001,43.259,76.943,65265,0x00,0x00,0x60,0x02
2026-06-02T13:03:00Z,KZ-TR-001,43.259,76.943,65266,0x00,0x5c,0x03,0x00
2026-06-02T13:03:00Z,KZ-TR-001,43.259,76.943,65280,0xf8,0x2a,0x00,0x00
2026-06-02T13:04:00Z,KZ-TR-001,43.263,76.941,65265,0x00,0x00,0x60,0x02
2026-06-02T13:04:00Z,KZ-TR-001,43.263,76.941,65266,0x00,0x5c,0x03,0x00
2026-06-02T13:04:00Z,KZ-TR-001,43.263,76.941,65280,0xf8,0x2a,0x00,0x00
2026-06-02T13:05:00Z,KZ-TR-001,43.259,76.942,65265,0x00,0x00,0x60,0x02
2026-06-02T13:05:00Z,KZ-TR-001,43.259,76.942,65266,0x00,0x5c,0x03,0x00
2026-06-02T13:05:00Z,KZ-TR-001,43.259,76.942,65280,0xf8,0x2a,0x00,0x00
2026-06-02T13:06:00Z,KZ-TR-001,43.263,76.945,65265,0x00,0x00,0x60,0x02
2026-06-02T13:06:00Z,KZ-TR-001,43.263,76.945,65266,0x00,0x5c,0x03,0x00
2026-06-02T13:06:00Z,KZ-TR-001,43.263,76.945,65280,0xf8,0x2a,0x00,0x00
2026-06-02T13:07:00Z,KZ-TR-001,43.260,76.948,65265,0x00,0x00,0x60,0x02
2026-06-02T13:07:00Z,KZ-TR-001,43.260,76.948,65266,0x00,0x5c,0x03,0x00
2026-06-02T13:07:00Z,KZ-TR-001,43.260,76.948,65280,0xf8,0x2a,0x00,0x00
2026-06-02T13:08:00Z,KZ-TR-001,43.262,76.948,65265,0x00,0x00,0x60,0x02
2026-06-02T13:08:00Z,KZ-TR-001,43.262,76.948,65266,0x00,0x5c,0x03,0x00
2026-06-02T13:08:00Z,KZ-TR-001,43.262,76.948,65280,0xf8,0x2a,0x00,0x00
2026-06-02T13:09:00Z,KZ-TR-001,43.259,76.947,65265,0x00,0x00,0x60,0x02
2026-06-02T13:09:00Z,KZ-TR-001,43.259,76.947,65266,0x00,0x5c,0x03,0x00
2026-06-02T13:09:00Z,KZ-TR-001,43.259,76.947,65280,0xf8,0x2a,0x00,0x00
2026-06-02T13:10:00Z,KZ-TR-001,43.263,76.944,65265,0x00,0x00,0x60,0x02
2026-06-02T13:10:00Z,KZ-TR-001,43.263,76.944,65266,0x00,0x5c,0x03,0x00
2026-06-02T13:10:00Z,KZ-TR-001,43.263,76.944,65280,0xf8,0x2a,0x00,0x00
2026-06-02T13:11:00Z,KZ-TR-001,43.262,76.946,65265,0x00,0x00,0x60,0x02
2026-06-02T13:11:00Z,KZ-TR-001,43.262,76.946,65266,0x00,0x5c,0x03,0x00
2026-06-02T13:11:00Z,KZ-TR-001,43.262,76.946,65280,0xf8,0x2a,0x00,0x00
2026-06-02T13:12:00Z,KZ-TR-001,43.260,76.944,65265,0x00,0x00,0x60,0x02
2026-06-02T13:12:00Z,KZ-TR-001,43.260,76.944,65266,0x00,0x5c,0x03,0x00
2026-06-02T13:12:00Z,KZ-TR-001,43.260,76.944,65280,0xf8,0x2a,0x00,0x00
2026-06-02T13:13:00Z,KZ-TR-001,43.255,76.948,65265,0x00,0x00,0x60,0x02
2026-06-02T13:13:00Z,KZ-TR-001,43.255,76.948,65266,0x00,0x5c,0x03,0x00
2026-06-02T13:13:00Z,KZ-TR-001,43.255,76.948,65280,0xf8,0x2a,0x00,0x00
2026-06-02T13:14:00Z,KZ-TR-001,43.262,76.949,65265,0x00,0x00,0x60,0x02
2026-06-02T13:14:00Z,KZ-TR-001,43.262,76.949,65266,0x00,0x5c,0x03,0x00
2026-06-02T13:14:00Z,KZ-TR-001,43.262,76.949,65280,0xf8,0x2a,0x00,0x00
2026-06-02T13:15:00Z,KZ-TR-001,43.258,76.948,65265,0x00,0x00,0x60,0x02
2026-06-02T13:15:00Z,KZ-TR-001,43.258,76.948,65266,0x00,0x5c,0x03,0x00
2026-06-02T13:15:00Z,KZ-TR-001,43.258,76.948,65280,0xf8,0x2a,0x00,0x00
2026-06-02T13:16:00Z,KZ-TR-001,43.264,76.942,65265,0x00,0x00,0x60,0x02
2026-06-02T13:16:00Z,KZ-TR-001,43.264,76.942,65266,0x00,0x5c,0x03,0x00
2026-06-02T13:16:00Z,KZ-TR-001,43.264,76.942,65280,0xf8,0x2a,0x00,0x00
2026-06-02T13:17:00Z,KZ-TR-001,43.257,76.944,65265,0x00,0x00,0x60,0x02
2026-06-02T13:17:00Z,KZ-TR-001,43.257,76.944,65266,0x00,0x5c,0x03,0x00
2026-06-02T13:17:00Z,KZ-TR-001,43.257,76.944,65280,0xf8,0x2a,0x00,0x00
2026-06-02T13:18:00Z,KZ-TR-001,43.261,76.941,65265,0x00,0x00,0x60,0x02
2026-06-02T13:18:00Z,KZ-TR-001,43.261,76.941,65266,0x00,0x5c,0x03,0x00
2026-06-02T13:18:00Z,KZ-TR-001,43.261,76.941,65280,0xf8,0x2a,0x00,0x00
2026-06-02T13:19:00Z,KZ-TR-001,43.261,76.948,65265,0x00,0x00,0x60,0x02
2026-06-02T13:19:00Z,KZ-TR-001,43.261,76.948,65266,0x00,0x5c,0x03,0x00
2026-06-02T13:19:00Z,KZ-TR-001,43.261,76.948,65280,0xf8,0x2a,0x00,0x00
2026-06-02T13:20:00Z,KZ-TR-001,43.264,76.948,65265,0x00,0x00,0x60,0x02
2026-06-02T13:20:00Z,KZ-TR-001,43.264,76.948,65266,0x00,0x5c,0x03,0x00
2026-06-02T13:20:00Z,KZ-TR-001,43.264,76.948,65280,0xf8,0x2a,0x00,0x00
2026-06-02T13:21:00Z,KZ-TR-001,43.257,76.948,65265,0x00,0x00,0x60,0x02
2026-06-02T13:21:00Z,KZ-TR-001,43.257,76.948,65266,0x00,0x5c,0x03,0x00
2026-06-02T13:21:00Z,KZ-TR-001,43.257,76.948,65280,0xf8,0x2a,0x00,0x00
2026-06-02T13:22:00Z,KZ-TR-001,43.262,76.946,65265,0x00,0x00,0x60,0x02
2026-06-02T13:22:00Z,KZ-TR-001,43.262,76.946,65266,0x00,0x5c,0x03,0x00
2026-06-02T13:22:00Z,KZ-TR-001,43.262,76.946,65280,0xf8,0x2a,0x00,0x00
2026-06-02T13:23:00Z,KZ-TR-001,43.257,76.946,65265,0x00,0x00,0x60,0x02
2026-06-02T13:23:00Z,KZ-TR-001,43.257,76.946,65266,0x00,0x5c,0x03,0x00
2026-06-02T13:23:00Z,KZ-TR-001,43.257,76.946,65280,0xf8,0x2a,0x00,0x00
2026-06-02T13:24:00Z,KZ-TR-001,43.265,76.941,65265,0x00,0x00,0x60,0x02
2026-06-02T13:24:00Z,KZ-TR-001,43.265,76.941,65266,0x00,0x5c,0x03,0x00
2026-06-02T13:24:00Z,KZ-TR-001,43.265,76.941,65280,0xf8,0x2a,0x00,0x00
2026-06-02T13:25:00Z,KZ-TR-001,43.263,76.941,65265,0x00,0x00,0x60,0x02
2026-06-02T13:25:00Z,KZ-TR-001,43.263,76.941,65266,0x00,0x5c,0x03,0x00
2026-06-02T13:25:00Z,KZ-TR-001,43.263,76.941,65280,0xf8,0x2a,0x00,0x00
2026-06-02T13:26:00Z,KZ-TR-001,43.262,76.945,65265,0x00,0x00,0x60,0x02
2026-06-02T13:26:00Z,KZ-TR-001,43.262,76.945,65266,0x00,0x5c,0x03,0x00
2026-06-02T13:26:00Z,KZ-TR-001,43.262,76.945,65280,0xf8,0x2a,0x00,0x00
2026-06-02T13:27:00Z,KZ-TR-001,43.258,76.944,65265,0x00,0x00,0x60,0x02
2026-06-02T13:27:00Z,KZ-TR-001,43.258,76.944,65266,0x00,0x5c,0x03,0x00
2026-06-02T13:27:00Z,KZ-TR-001,43.258,76.944,65280,0xf8,0x2a,0x00,0x00
2026-06-02T13:28:00Z,KZ-TR-001,43.262,76.946,65265,0x00,0x00,0x60,0x02
2026-06-02T13:28:00Z,KZ-TR-001,43.262,76.946,65266,0x00,0x5c,0x03,0x00
2026-06-02T13:28:00Z,KZ-TR-001,43.262,76.946,65280,0xf8,0x2a,0x00,0x00
2026-06-02T13:29:00Z,KZ-TR-001,43.260,76.945,65265,0x00,0x00,0x60,0x02
2026-06-02T13:29:00Z,KZ-TR-001,43.260,76.945,65266,0x00,0x5c,0x03,0x00
2026-06-02T13:29:00Z,KZ-TR-001,43.260,76.945,65280,0xf8,0x2a,0x00,0x00
2026-06-02T13:30:00Z,KZ-TR-001,43.264,76.942,65265,0x00,0x00,0x60,0x02
2026-06-02T13:30:00Z,KZ-TR-001,43.264,76.942,65266,0x00,0x5c,0x03,0x00
2026-06-02T13:30:00Z,KZ-TR-001,43.264,76.942,65280,0xf8,0x2a,0x00,0x00
2026-06-02T13:31:00Z,KZ-TR-001,43.261,76.947,65265,0x00,0x00,0x60,0x02
2026-06-02T13:31:00Z,KZ-TR-001,43.261,76.947,65266,0x00,0x5c,0x03,0x00
2026-06-02T13:31:00Z,KZ-TR-001,43.261,76.947,65280,0xf8,0x2a,0x00,0x00
2026-06-02T13:32:00Z,KZ-TR-001,43.260,76.940,65265,0x00,0x00,0x60,0x02
2026-06-02T13:32:00Z,KZ-TR-001,43.260,76.940,65266,0x00,0x5c,0x03,0x00
2026-06-02T13:32:00Z,KZ-TR-001,43.260,76.940,65280,0xf8,0x2a,0x00,0x00
2026-06-02T13:33:00Z,KZ-TR-001,43.262,76.943,65265,0x00,0x00,0x60,0x02
2026-06-02T13:33:00Z,KZ-TR-001,43.262,76.943,65266,0x00,0x5c,0x03,0x00
2026-06-02T13:33:00Z,KZ-TR-001,43.262,76.943,65280,0xf8,0x2a,0x00,0x00
2026-06-02T13:34:00Z,KZ-TR-001,43.262,76.943,65265,0x00,0x00,0x60,0x02
2026-06-02T13:34:00Z,KZ-TR-001,43.262,76.943,65266,0x00,0x5c,0x03,0x00
2026-06-02T13:34:00Z,KZ-TR-001,43.262,76.943,65280,0xf8,0x2a,0x00,0x00
2026-06-02T13:35:00Z,KZ-TR-001,43.255,76.944,65265,0x00,0x00,0x60,0x02
2026-06-02T13:35:00Z,KZ-TR-001,43.255,76.944,65266,0x00,0x5c,0x03,0x00
2026-06-02T13:35:00Z,KZ-TR-001,43.255,76.944,65280,0xf8,0x2a,0x00,0x00
2026-06-02T13:36:00Z,KZ-TR-001,43.258,76.942,65265,0x00,0x00,0x60,0x02
2026-06-02T13:36:00Z,KZ-TR-001,43.258,76.942,65266,0x00,0x5c,0x03,0x00
2026-06-02T13:36:00Z,KZ-TR-001,43.258,76.942,65280,0xf8,0x2a,0x00,0x00
2026-06-02T13:37:00Z,KZ-TR-001,43.259,76.943,65265,0x00,0x00,0x60,0x02
2026-06-02T13:37:00Z,KZ-TR-001,43.259,76.943,65266,0x00,0x5c,0x03,0x00
2026-06-02T13:37:00Z,KZ-TR-001,43.259,76.943,65280,0xf8,0x2a,0x00,0x00
2026-06-02T13:38:00Z,KZ-TR-001,43.257,76.950,65265,0x00,0x00,0x60,0x02
2026-06-02T13:38:00Z,KZ-TR-001,43.257,76.950,65266,0x00,0x5c,0x03,0x00
2026-06-02T13:38:00Z,KZ-TR-001,43.257,76.950,65280,0xf8,0x2a,0x00,0x00
2026-06-02T13:39:00Z,KZ-TR-001,43.263,76.943,65265,0x00,0x00,0x60,0x02
2026-06-02T13:39:00Z,KZ-TR-001,43.263,76.943,65266,0x00,0x5c,0x03,0x00
2026-06-02T13:39:00Z,KZ-TR-001,43.263,76.943,65280,0xf8,0x2a,0x00,0x00
2026-06-02T13:40:00Z,KZ-TR-001,43.256,76.947,65265,0x00,0x00,0x60,0x02
2026-06-02T13:40:00Z,KZ-TR-001,43.256,76.947,65266,0x00,0x5c,0x03,0x00
2026-06-02T13:40:00Z,KZ-TR-001,43.256,76.947,65280,0xf8,0x2a,0x00,0x00
2026-06-02T13:41:00Z,KZ-TR-001,43.260,76.945,65265,0x00,0x00,0x60,0x02
2026-06-02T13:41:00Z,KZ-TR-001,43.260,76.945,65266,0x00,0x5c,0x03,0x00
2026-06-02T13:41:00Z,KZ-TR-001,43.260,76.945,65280,0xf8,0x2a,0x00,0x00
2026-06-02T13:42:00Z,KZ-TR-001,43.257,76.946,65265,0x00,0x00,0x60,0x02
2026-06-02T13:42:00Z,KZ-TR-001,43.257,76.946,65266,0x00,0x5c,0x03,0x00
2026-06-02T13:42:00Z,KZ-TR-001,43.257,76.946,65280,0xf8,0x2a,0x00,0x00
2026-06-02T13:43:00Z,KZ-TR-001,43.258,76.948,65265,0x00,0x00,0x60,0x02
2026-06-02T13:43:00Z,KZ-TR-001,43.258,76.948,65266,0x00,0x5c,0x03,0x00
2026-06-02T13:43:00Z,KZ-TR-001,43.258,76.948,65280,0xf8,0x2a,0x00,0x00
2026-06-02T13:44:00Z,KZ-TR-001,43.259,76.943,65265,0x00,0x00,0x60,0x02
2026-06-02T13:44:00Z,KZ-TR-001,43.259,76.943,65266,0x00,0x5c,0x03,0x00
2026-06-02T13:44:00Z,KZ-TR-001,43.259,76.943,65280,0xf8,0x2a,0x00,0x00
2026-06-02T13:45:00Z,KZ-TR-001,43.255,76.950,65265,0x00,0x00,0x60,0x02
2026-06-02T13:45:00Z,KZ-TR-001,43.255,76.950,65266,0x00,0x5c,0x03,0x00
2026-06-02T13:45:00Z,KZ-TR-001,43.255,76.950,65280,0xf8,0x2a,0x00,0x00
2026-06-02T13:46:00Z,KZ-TR-001,43.262,76.950,65265,0x00,0x00,0x60,0x02
2026-06-02T13:46:00Z,KZ-TR-001,43.262,76.950,65266,0x00,0x5c,0x03,0x00
2026-06-02T13:46:00Z,KZ-TR-001,43.262,76.950,65280,0xf8,0x2a,0x00,0x00
2026-06-02T13:47:00Z,KZ-TR-001,43.262,76.943,65265,0x00,0x00,0x60,0x02
2026-06-02T13:47:00Z,KZ-TR-001,43.262,76.943,65266,0x00,0x5c,0x03,0x00
2026-06-02T13:47:00Z,KZ-TR-001,43.262,76.943,65280,0xf8,0x2a,0x00,0x00
2026-06-02T13:48:00Z,KZ-TR-001,43.259,76.943,65265,0x00,0x00,0x60,0x02
2026-06-02T13:48:00Z,KZ-TR-001,43.259,76.943,65266,0x00,0x5c,0x03,0x00
2026-06-02T13:48:00Z,KZ-TR-001,43.259,76.943,65280,0xf8,0x2a,0x00,0x00
2026-06-02T13:49:00Z,KZ-TR-001,43.264,76.943,65265,0x00,0x00,0x60,0x02
2026-06-02T13:49:00Z,KZ-TR-001,43.264,76.943,65266,0x00,0x5c,0x03,0x00
2026-06-02T13:49:00Z,KZ-TR-001,43.264,76.943,65280,0xf8,0x2a,0x00,0x00
2026-06-02T13:50:00Z,KZ-TR-001,43.256,76.941,65265,0x00,0x00,0x60,0x02
2026-06-02T13:50:00Z,KZ-TR-001,43.256,76.941,65266,0x00,0x5c,0x03,0x00
2026-06-02T13:50:00Z,KZ-TR-001,43.256,76.941,65280,0xf8,0x2a,0x00,0x00
2026-06-02T13:51:00Z,KZ-TR-001,43.259,76.949,65265,0x00,0x00,0x60,0x02
2026-06-02T13:51:00Z,KZ-TR-001,43.259,76.949,65266,0x00,0x5c,0x03,0x00
2026-06-02T13:51:00Z,KZ-TR-001,43.259,76.949,65280,0xf8,0x2a,0x00,0x00
2026-06-02T13:52:00Z,KZ-TR-001,43.260,76.941,65265,0x00,0x00,0x60,0x02
2026-06-02T13:52:00Z,KZ-TR-001,43.260,76.941,65266,0x00,0x5c,0x03,0x00
2026-06-02T13:52:00Z,KZ-TR-001,43.260,76.941,65280,0xf8,0x2a,0x00,0x00
2026-06-02T13:53:00Z,KZ-TR-001,43.261,76.943,65265,0x00,0x00,0x60,0x02
2026-06-02T13:53:00Z,KZ-TR-001,43.261,76.943,65266,0x00,0x5c,0x03,0x00
2026-06-02T13:53:00Z,KZ-TR-001,43.261,76.943,65280,0xf8,0x2a,0x00,0x00
2026-06-02T13:54:00Z,KZ-TR-001,43.260,76.942,65265,0x00,0x00,0x60,0x02
2026-06-02T13:54:00Z,KZ-TR-001,43.260,76.942,65266,0x00,0x5c,0x03,0x00
2026-06-02T13:54:00Z,KZ-TR-001,43.260,76.942,65280,0xf8,0x2a,0x00,0x00
2026-06-02T13:55:00Z,KZ-TR-001,43.260,76.947,65265,0x00,0x00,0x60,0x02
2026-06-02T13:55:00Z,KZ-TR-001,43.260,76.947,65266,0x00,0x5c,0x03,0x00
2026-06-02T13:55:00Z,KZ-TR-001,43.260,76.947,65280,0xf8,0x2a,0x00,0x00
2026-06-02T13:56:00Z,KZ-TR-001,43.260,76.944,65265,0x00,0x00,0x60,0x02
2026-06-02T13:56:00Z,KZ-TR-001,43.260,76.944,65266,0x00,0x5c,0x03,0x00
2026-06-02T13:56:00Z,KZ-TR-001,43.260,76.944,65280,0xf8,0x2a,0x00,0x00
2026-06-02T13:57:00Z,KZ-TR-001,43.264,76.941,65265,0x00,0x00,0x60,0x02
2026-06-02T13:57:00Z,KZ-TR-001,43.264,76.941,65266,0x00,0x5c,0x03,0x00
2026-06-02T13:57:00Z,KZ-TR-001,43.264,76.941,65280,0xf8,0x2a,0x00,0x00
2026-06-02T13:58:00Z,KZ-TR-001,43.258,76.942,65265,0x00,0x00,0x60,0x02
2026-06-02T13:58:00Z,KZ-TR-001,43.258,76.942,65266,0x00,0x5c,0x03,0x00
2026-06-02T13:58:00Z,KZ-TR-001,43.258,76.942,65280,0xf8,0x2a,0x00,0x00
2026-06-02T13:59:00Z,KZ-TR-001,43.263,76.946,65265,0x00,0x00,0x60,0x02
2026-06-02T13:59:00Z,KZ-TR-001,43.263,76.946,65266,0x00,0x5c,0x03,0x00
2026-06-02T13:59:00Z,KZ-TR-001,43.263,76.946,65280,0xf8,0x2a,0x00,0x00
2026-06-02T14:00:00Z,KZ-TR-001,43.262,76.942,65265,0x00,0x00,0x60,0x02
2026-06-02T14:00:00Z,KZ-TR-001,43.262,76.942,65266,0x00,0x5c,0x03,0x00
2026-06-02T14:00:00Z,KZ-TR-001,43.262,76.942,65280,0xf8,0x2a,0x00,0x00
2026-06-02T14:01:00Z,KZ-TR-001,43.258,76.947,65265,0x00,0x00,0x60,0x02
2026-06-02T14:01:00Z,KZ-TR-001,43.258,76.947,65266,0x00,0x5c,0x03,0x00
2026-06-02T14:01:00Z,KZ-TR-001,43.258,76.947,65280,0xf8,0x2a,0x00,0x00
2026-06-02T14:02:00Z,KZ-TR-001,43.265,76.946,65265,0x00,0x00,0x60,0x02
2026-06-02T14:02:00Z,KZ-TR-001,43.265,76.946,65266,0x00,0x5c,0x03,0x00
2026-06-02T14:02:00Z,KZ-TR-001,43.265,76.946,65280,0xf8,0x2a,0x00,0x00
2026-06-02T14:03:00Z,KZ-TR-001,43.262,76.943,65265,0x00,0x00,0x60,0x02
2026-06-02T14:03:00Z,KZ-TR-001,43.262,76.943,65266,0x00,0x5c,0x03,0x00
2026-06-02T14:03:00Z,KZ-TR-001,43.262,76.943,65280,0xf8,0x2a,0x00,0x00
2026-06-02T14:04:00Z,KZ-TR-001,43.262,76.948,65265,0x00,0x00,0x60,0x02
2026-06-02T14:04:00Z,KZ-TR-001,43.262,76.948,65266,0x00,0x5c,0x03,0x00
2026-06-02T14:04:00Z,KZ-TR-001,43.262,76.948,65280,0xf8,0x2a,0x00,0x00
2026-06-02T14:05:00Z,KZ-TR-001,43.264,76.948,65265,0x00,0x00,0x60,0x02
2026-06-02T14:05:00Z,KZ-TR-001,43.264,76.948,65266,0x00,0x5c,0x03,0x00
2026-06-02T14:05:00Z,KZ-TR-001,43.264,76.948,65280,0xf8,0x2a,0x00,0x00
2026-06-02T14:06:00Z,KZ-TR-001,43.257,76.947,65265,0x00,0x00,0x60,0x02
2026-06-02T14:06:00Z,KZ-TR-001,43.257,76.947,65266,0x00,0x5c,0x03,0x00
2026-06-02T14:06:00Z,KZ-TR-001,43.257,76.947,65280,0xf8,0x2a,0x00,0x00
2026-06-02T14:07:00Z,KZ-TR-001,43.261,76.947,65265,0x00,0x00,0x60,0x02
2026-06-02T14:07:00Z,KZ-TR-001,43.261,76.947,65266,0x00,0x5c,0x03,0x00
2026-06-02T14:07:00Z,KZ-TR-001,43.261,76.947,65280,0xf8,0x2a,0x00,0x00
2026-06-02T14:08:00Z,KZ-TR-001,43.257,76.949,65265,0x00,0x00,0x60,0x02
2026-06-02T14:08:00Z,KZ-TR-001,43.257,76.949,65266,0x00,0x5c,0x03,0x00
2026-06-02T14:08:00Z,KZ-TR-001,43.257,76.949,65280,0xf8,0x2a,0x00,0x00
2026-06-02T14:09:00Z,KZ-TR-001,43.258,76.947,65265,0x00,0x00,0x60,0x02
2026-06-02T14:09:00Z,KZ-TR-001,43.258,76.947,65266,0x00,0x5c,0x03,0x00
2026-06-02T14:09:00Z,KZ-TR-001,43.258,76.947,65280,0xf8,0x2a,0x00,0x00
2026-06-02T14:10:00Z,KZ-TR-001,43.258,76.947,65265,0x00,0x00,0x60,0x02
2026-06-02T14:10:00Z,KZ-TR-001,43.258,76.947,65266,0x00,0x5c,0x03,0x00
2026-06-02T14:10:00Z,KZ-TR-001,43.258,76.947,65280,0xf8,0x2a,0x00,0x00
2026-06-02T14:11:00Z,KZ-TR-001,43.262,76.942,65265,0x00,0x00,0x60,0x02
2026-06-02T14:11:00Z,KZ-TR-001,43.262,76.942,65266,0x00,0x5c,0x03,0x00
2026-06-02T14:11:00Z,KZ-TR-001,43.262,76.942,65280,0xf8,0x2a,0x00,0x00
2026-06-02T14:12:00Z,KZ-TR-001,43.255,76.949,65265,0x00,0x00,0x60,0x02
2026-06-02T14:12:00Z,KZ-TR-001,43.255,76.949,65266,0x00,0x5c,0x03,0x00
2026-06-02T14:12:00Z,KZ-TR-001,43.255,76.949,65280,0xf8,0x2a,0x00,0x00
2026-06-02T14:13:00Z,KZ-TR-001,43.256,76.950,65265,0x00,0x00,0x60,0x02
2026-06-02T14:13:00Z,KZ-TR-001,43.256,76.950,65266,0x00,0x5c,0x03,0x00
2026-06-02T14:13:00Z,KZ-TR-001,43.256,76.950,65280,0xf8,0x2a,0x00,0x00
2026-06-02T14:14:00Z,KZ-TR-001,43.257,76.946,65265,0x00,0x00,0x60,0x02
2026-06-02T14:14:00Z,KZ-TR-001,43.257,76.946,65266,0x00,0x5c,0x03,0x00
2026-06-02T14:14:00Z,KZ-TR-001,43.257,76.946,65280,0xf8,0x2a,0x00,0x00
2026-06-02T14:15:00Z,KZ-TR-001,43.263,76.943,65265,0x00,0x00,0x60,0x02
2026-06-02T14:15:00Z,KZ-TR-001,43.263,76.943,65266,0x00,0x5c,0x03,0x00
2026-06-02T14:15:00Z,KZ-TR-001,43.263,76.943,65280,0xf8,0x2a,0x00,0x00
2026-06-02T14:16:00Z,KZ-TR-001,43.258,76.945,65265,0x00,0x00,0x60,0x02
2026-06-02T14:16:00Z,KZ-TR-001,43.258,76.945,65266,0x00,0x5c,0x03,0x00
2026-06-02T14:16:00Z,KZ-TR-001,43.258,76.945,65280,0xf8,0x2a,0x00,0x00
2026-06-02T14:17:00Z,KZ-TR-001,43.262,76.940,65265,0x00,0x00,0x60,0x02
2026-06-02T14:17:00Z,KZ-TR-001,43.262,76.940,65266,0x00,0x5c,0x03,0x00
2026-06-02T14:17:00Z,KZ-TR-001,43.262,76.940,65280,0xf8,0x2a,0x00,0x00
2026-06-02T14:18:00Z,KZ-TR-001,43.259,76.941,65265,0x00,0x00,0x60,0x02
2026-06-02T14:18:00Z,KZ-TR-001,43.259,76.941,65266,0x00,0x5c,0x03,0x00
2026-06-02T14:18:00Z,KZ-TR-001,43.259,76.941,65280,0xf8,0x2a,0x00,0x00
2026-06-02T14:19:00Z,KZ-TR-001,43.261,76.943,65265,0x00,0x00,0x60,0x02
2026-06-02T14:19:00Z,KZ-TR-001,43.261,76.943,65266,0x00,0x5c,0x03,0x00
2026-06-02T14:19:00Z,KZ-TR-001,43.261,76.943,65280,0xf8,0x2a,0x00,0x00
2026-06-02T14:20:00Z,KZ-TR-001,43.259,76.945,65265,0x00,0x00,0x60,0x02
2026-06-02T14:20:00Z,KZ-TR-001,43.259,76.945,65266,0x00,0x5c,0x03,0x00
2026-06-02T14:20:00Z,KZ-TR-001,43.259,76.945,65280,0xf8,0x2a,0x00,0x00
2026-06-02T14:21:00Z,KZ-TR-001,43.262,76.949,65265,0x00,0x00,0x60,0x02
2026-06-02T14:21:00Z,KZ-TR-001,43.262,76.949,65266,0x00,0x5c,0x03,0x00
2026-06-02T14:21:00Z,KZ-TR-001,43.262,76.949,65280,0xf8,0x2a,0x00,0x00
2026-06-02T14:22:00Z,KZ-TR-001,43.259,76.944,65265,0x00,0x00,0x60,0x02
2026-06-02T14:22:00Z,KZ-TR-001,43.259,76.944,65266,0x00,0x5c,0x03,0x00
2026-06-02T14:22:00Z,KZ-TR-001,43.259,76.944,65280,0xf8,0x2a,0x00,0x00
2026-06-02T14:23:00Z,KZ-TR-001,43.262,76.945,65265,0x00,0x00,0x60,0x02
2026-06-02T14:23:00Z,KZ-TR-001,43.262,76.945,65266,0x00,0x5c,0x03,0x00
2026-06-02T14:23:00Z,KZ-TR-001,43.262,76.945,65280,0xf8,0x2a,0x00,0x00
2026-06-02T14:24:00Z,KZ-TR-001,43.257,76.944,65265,0x00,0x00,0x60,0x02
2026-06-02T14:24:00Z,KZ-TR-001,43.257,76.944,65266,0x00,0x5c,0x03,0x00
2026-06-02T14:24:00Z,KZ-TR-001,43.257,76.944,65280,0xf8,0x2a,0x00,0x00
2026-06-02T14:25:00Z,KZ-TR-001,43.261,76.950,65265,0x00,0x00,0x60,0x02
2026-06-02T14:25:00Z,KZ-TR-001,43.261,76.950,65266,0x00,0x5c,0x03,0x00
2026-06-02T14:25:00Z,KZ-TR-001,43.261,76.950,65280,0xf8,0x2a,0x00,0x00
2026-06-02T14:26:00Z,KZ-TR-001,43.265,76.941,65265,0x00,0x00,0x60,0x02
2026-06-02T14:26:00Z,KZ-TR-001,43.265,76.941,65266,0x00,0x5c,0x03,0x00
2026-06-02T14:26:00Z,KZ-TR-001,43.265,76.941,65280,0xf8,0x2a,0x00,0x00
2026-06-02T14:27:00Z,KZ-TR-001,43.262,76.947,65265,0x00,0x00,0x60,0x02
2026-06-02T14:27:00Z,KZ-TR-001,43.262,76.947,65266,0x00,0x5c,0x03,0x00
2026-06-02T14:27:00Z,KZ-TR-001,43.262,76.947,65280,0xf8,0x2a,0x00,0x00
2026-06-02T14:28:00Z,KZ-TR-001,43.263,76.947,65265,0x00,0x00,0x60,0x02
2026-06-02T14:28:00Z,KZ-TR-001,43.263,76.947,65266,0x00,0x5c,0x03,0x00
2026-06-02T14:28:00Z,KZ-TR-001,43.263,76.947,65280,0xf8,0x2a,0x00,0x00
2026-06-02T14:29:00Z,KZ-TR-001,43.263,76.942,65265,0x00,0x00,0x60,0x02
2026-06-02T14:29:00Z,KZ-TR-001,43.263,76.942,65266,0x00,0x5c,0x03,0x00
2026-06-02T14:29:00Z,KZ-TR-001,43.263,76.942,65280,0xf8,0x2a,0x00,0x00
2026-06-02T14:30:00Z,KZ-TR-001,43.262,76.946,65265,0x00,0x00,0x60,0x02
2026-06-02T14:30:00Z,KZ-TR-001,43.262,76.946,65266,0x00,0x5c,0x03,0x00
2026-06-02T14:30:00Z,KZ-TR-001,43.262,76.946,65280,0xf8,0x2a,0x00,0x00
2026-06-02T14:31:00Z,KZ-TR-001,43.262,76.943,65265,0x00,0x00,0x60,0x02
2026-06-02T14:31:00Z,KZ-TR-001,43.262,76.943,65266,0x00,0x5c,0x03,0x00
2026-06-02T14:31:00Z,KZ-TR-001,43.262,76.943,65280,0xf8,0x2a,0x00,0x00
2026-06-02T14:32:00Z,KZ-TR-001,43.257,76.940,65265,0x00,0x00,0x60,0x02
2026-06-02T14:32:00Z,KZ-TR-001,43.257,76.940,65266,0x00,0x5c,0x03,0x00
2026-06-02T14:32:00Z,KZ-TR-001,43.257,76.940,65280,0xf8,0x2a,0x00,0x00
2026-06-02T14:33:00Z,KZ-TR-001,43.260,76.945,65265,0x00,0x00,0x60,0x02
2026-06-02T14:33:00Z,KZ-TR-001,43.260,76.945,65266,0x00,0x5c,0x03,0x00
2026-06-02T14:33:00Z,KZ-TR-001,43.260,76.945,65280,0xf8,0x2a,0x00,0x00
2026-06-02T14:34:00Z,KZ-TR-001,43.258,76.941,65265,0x00,0x00,0x60,0x02
2026-06-02T14:34:00Z,KZ-TR-001,43.258,76.941,65266,0x00,0x5c,0x03,0x00
2026-06-02T14:34:00Z,KZ-TR-001,43.258,76.941,65280,0xf8,0x2a,0x00,0x00
2026-06-02T14:35:00Z,KZ-TR-001,43.255,76.944,65265,0x00,0x00,0x60,0x02
2026-06-02T14:35:00Z,KZ-TR-001,43.255,76.944,65266,0x00,0x5c,0x03,0x00
2026-06-02T14:35:00Z,KZ-TR-001,43.255,76.944,65280,0xf8,0x2a,0x00,0x00
2026-06-02T14:36:00Z,KZ-TR-001,43.255,76.944,65265,0x00,0x00,0x60,0x02
2026-06-02T14:36:00Z,KZ-TR-001,43.255,76.944,65266,0x00,0x5c,0x03,0x00
2026-06-02T14:36:00Z,KZ-TR-001,43.255,76.944,65280,0xf8,0x2a,0x00,0x00
2026-06-02T14:37:00Z,KZ-TR-001,43.260,76.944,65265,0x00,0x00,0x60,0x02
2026-06-02T14:37:00Z,KZ-TR-001,43.260,76.944,65266,0x00,0x5c,0x03,0x00
2026-06-02T14:37:00Z,KZ-TR-001,43.260,76.944,65280,0xf8,0x2a,0x00,0x00
2026-06-02T14:38:00Z,KZ-TR-001,43.255,76.944,65265,0x00,0x00,0x60,0x02
2026-06-02T14:38:00Z,KZ-TR-001,43.255,76.944,65266,0x00,0x5c,0x03,0x00
2026-06-02T14:38:00Z,KZ-TR-001,43.255,76.944,65280,0xf8,0x2a,0x00,0x00
2026-06-02T14:39:00Z,KZ-TR-001,43.260,76.947,65265,0x00,0x00,0x60,0x02
2026-06-02T14:39:00Z,KZ-TR-001,43.260,76.947,65266,0x00,0x5c,0x03,0x00
2026-06-02T14:39:00Z,KZ-TR-001,43.260,76.947,65280,0xf8,0x2a,0x00,0x00
2026-06-02T14:40:00Z,KZ-TR-001,43.256,76.943,65265,0x00,0x00,0x60,0x02
2026-06-02T14:40:00Z,KZ-TR-001,43.256,76.943,65266,0x00,0x5c,0x03,0x00
2026-06-02T14:40:00Z,KZ-TR-001,43.256,76.943,65280,0xf8,0x2a,0x00,0x00
2026-06-02T14:41:00Z,KZ-TR-001,43.263,76.946,65265,0x00,0x00,0x60,0x02
2026-06-02T14:41:00Z,KZ-TR-001,43.263,76.946,65266,0x00,0x5c,0x03,0x00
2026-06-02T14:41:00Z,KZ-TR-001,43.263,76.946,65280,0xf8,0x2a,0x00,0x00
2026-06-02T14:42:00Z,KZ-TR-001,43.256,76.946,65265,0x00,0x00,0x60,0x02
2026-06-02T14:42:00Z,KZ-TR-001,43.256,76.946,65266,0x00,0x5c,0x03,0x00
2026-06-02T14:42:00Z,KZ-TR-001,43.256,76.946,65280,0xf8,0x2a,0x00,0x00
2026-06-02T14:43:00Z,KZ-TR-001,43.259,76.941,65265,0x00,0x00,0x60,0x02
2026-06-02T14:43:00Z,KZ-TR-001,43.259,76.941,65266,0x00,0x5c,0x03,0x00
2026-06-02T14:43:00Z,KZ-TR-001,43.259,76.941,65280,0xf8,0x2a,0x00,0x00
2026-06-02T14:44:00Z,KZ-TR-001,43.263,76.942,65265,0x00,0x00,0x60,0x02
2026-06-02T14:44:00Z,KZ-TR-001,43.263,76.942,65266,0x00,0x5c,0x03,0x00
2026-06-02T14:44:00Z,KZ-TR-001,43.263,76.942,65280,0xf8,0x2a,0x00,0x00
2026-06-02T14:45:00Z,KZ-TR-001,43.263,76.941,65265,0x00,0x00,0x60,0x02
2026-06-02T14:45:00Z,KZ-TR-001,43.263,76.941,65266,0x00,0x5c,0x03,0x00
2026-06-02T14:45:00Z,KZ-TR-001,43.263,76.941,65280,0xf8,0x2a,0x00,0x00
2026-06-02T14:46:00Z,KZ-TR-001,43.264,76.941,65265,0x00,0x00,0x60,0x02
2026-06-02T14:46:00Z,KZ-TR-001,43.264,76.941,65266,0x00,0x5c,0x03,0x00
2026-06-02T14:46:00Z,KZ-TR-001,43.264,76.941,65280,0xf8,0x2a,0x00,0x00
2026-06-02T14:47:00Z,KZ-TR-001,43.263,76.947,65265,0x00,0x00,0x60,0x02
2026-06-02T14:47:00Z,KZ-TR-001,43.263,76.947,65266,0x00,0x5c,0x03,0x00
2026-06-02T14:47:00Z,KZ-TR-001,43.263,76.947,65280,0xf8,0x2a,0x00,0x00
2026-06-02T14:48:00Z,KZ-TR-001,43.262,76.942,65265,0x00,0x00,0x60,0x02
2026-06-02T14:48:00Z,KZ-TR-001,43.262,76.942,65266,0x00,0x5c,0x03,0x00
2026-06-02T14:48:00Z,KZ-TR-001,43.262,76.942,65280,0xf8,0x2a,0x00,0x00
2026-06-02T14:49:00Z,KZ-TR-001,43.260,76.941,65265,0x00,0x00,0x60,0x02
2026-06-02T14:49:00Z,KZ-TR-001,43.260,76.941,65266,0x00,0x5c,0x03,0x00
2026-06-02T14:49:00Z,KZ-TR-001,43.260,76.941,65280,0xf8,0x2a,0x00,0x00
2026-06-02T14:50:00Z,KZ-TR-001,43.265,76.941,65265,0x00,0x00,0x60,0x02
2026-06-02T14:50:00Z,KZ-TR-001,43.265,76.941,65266,0x00,0x5c,0x03,0x00
2026-06-02T14:50:00Z,KZ-TR-001,43.265,76.941,65280,0xf8,0x2a,0x00,0x00
2026-06-02T14:51:00Z,KZ-TR-001,43.260,76.947,65265,0x00,0x00,0x60,0x02
2026-06-02T14:51:00Z,KZ-TR-001,43.260,76.947,65266,0x00,0x5c,0x03,0x00
2026-06-02T14:51:00Z,KZ-TR-001,43.260,76.947,65280,0xf8,0x2a,0x00,0x00
2026-06-02T14:52:00Z,KZ-TR-001,43.262,76.945,65265,0x00,0x00,0x60,0x02
2026-06-02T14:52:00Z,KZ-TR-001,43.262,76.945,65266,0x00,0x5c,0x03,0x00
2026-06-02T14:52:00Z,KZ-TR-001,43.262,76.945,65280,0xf8,0x2a,0x00,0x00
2026-06-02T14:53:00Z,KZ-TR-001,43.265,76.943,65265,0x00,0x00,0x60,0x02
2026-06-02T14:53:00Z,KZ-TR-001,43.265,76.943,65266,0x00,0x5c,0x03,0x00
2026-06-02T14:53:00Z,KZ-TR-001,43.265,76.943,65280,0xf8,0x2a,0x00,0x00
2026-06-02T14:54:00Z,KZ-TR-001,43.260,76.946,65265,0x00,0x00,0x60,0x02
2026-06-02T14:54:00Z,KZ-TR-001,43.260,76.946,65266,0x00,0x5c,0x03,0x00
2026-06-02T14:54:00Z,KZ-TR-001,43.260,76.946,65280,0xf8,0x2a,0x00,0x00
2026-06-02T14:55:00Z,KZ-TR-001,43.262,76.946,65265,0x00,0x00,0x60,0x02
2026-06-02T14:55:00Z,KZ-TR-001,43.262,76.946,65266,0x00,0x5c,0x03,0x00
2026-06-02T14:55:00Z,KZ-TR-001,43.262,76.946,65280,0xf8,0x2a,0x00,0x00
2026-06-02T14:56:00Z,KZ-TR-001,43.256,76.941,65265,0x00,0x00,0x60,0x02
2026-06-02T14:56:00Z,KZ-TR-001,43.256,76.941,65266,0x00,0x5c,0x03,0x00
2026-06-02T14:56:00Z,KZ-TR-001,43.256,76.941,65280,0xf8,0x2a,0x00,0x00
2026-06-02T14:57:00Z,KZ-TR-001,43.255,76.947,65265,0x00,0x00,0x60,0x02
2026-06-02T14:57:00Z,KZ-TR-001,43.255,76.947,65266,0x00,0x5c,0x03,0x00
2026-06-02T14:57:00Z,KZ-TR-001,43.255,76.947,65280,0xf8,0x2a,0x00,0x00
2026-06-02T14:58:00Z,KZ-TR-001,43.260,76.947,65265,0x00,0x00,0x60,0x02
2026-06-02T14:58:00Z,KZ-TR-001,43.260,76.947,65266,0x00,0x5c,0x03,0x00
2026-06-02T14:58:00Z,KZ-TR-001,43.260,76.947,65280,0xf8,0x2a,0x00,0x00
2026-06-02T14:59:00Z,KZ-TR-001,43.259,76.948,65265,0x00,0x00,0x60,0x02
2026-06-02T14:59:00Z,KZ-TR-001,43.259,76.948,65266,0x00,0x5c,0x03,0x00
2026-06-02T14:59:00Z,KZ-TR-001,43.259,76.948,65280,0xf8,0x2a,0x00,0x00
2026-06-02T15:00:00Z,KZ-TR-001,43.263,76.945,65265,0x00,0x00,0x60,0x02
2026-06-02T15:00:00Z,KZ-TR-001,43.263,76.945,65266,0x00,0x5c,0x03,0x00
2026-06-02T15:00:00Z,KZ-TR-001,43.263,76.945,65280,0xf8,0x2a,0x00,0x00
2026-06-02T15:01:00Z,KZ-TR-001,43.257,76.949,65265,0x00,0x00,0x60,0x02
2026-06-02T15:01:00Z,KZ-TR-001,43.257,76.949,65266,0x00,0x5c,0x03,0x00
2026-06-02T15:01:00Z,KZ-TR-001,43.257,76.949,65280,0xf8,0x2a,0x00,0x00
2026-06-02T15:02:00Z,KZ-TR-001,43.257,76.949,65265,0x00,0x00,0x60,0x02
2026-06-02T15:02:00Z,KZ-TR-001,43.257,76.949,65266,0x00,0x5c,0x03,0x00
2026-06-02T15:02:00Z,KZ-TR-001,43.257,76.949,65280,0xf8,0x2a,0x00,0x00
2026-06-02T15:03:00Z,KZ-TR-001,43.258,76.948,65265,0x00,0x00,0x60,0x02
2026-06-02T15:03:00Z,KZ-TR-001,43.258,76.948,65266,0x00,0x5c,0x03,0x00
2026-06-02T15:03:00Z,KZ-TR-001,43.258,76.948,65280,0xf8,0x2a,0x00,0x00
2026-06-02T15:04:00Z,KZ-TR-001,43.256,76.948,65265,0x00,0x00,0x60,0x02
2026-06-02T15:04:00Z,KZ-TR-001,43.256,76.948,65266,0x00,0x5c,0x03,0x00
2026-06-02T15:04:00Z,KZ-TR-001,43.256,76.948,65280,0xf8,0x2a,0x00,0x00
2026-06-02T15:05:00Z,KZ-TR-001,43.261,76.944,65265,0x00,0x00,0x60,0x02
2026-06-02T15:05:00Z,KZ-TR-001,43.261,76.944,65266,0x00,0x5c,0x03,0x00
2026-06-02T15:05:00Z,KZ-TR-001,43.261,76.944,65280,0xf8,0x2a,0x00,0x00
2026-06-02T15:06:00Z,KZ-TR-001,43.260,76.949,65265,0x00,0x00,0x60,0x02
2026-06-02T15:06:00Z,KZ-TR-001,43.260,76.949,65266,0x00,0x5c,0x03,0x00
2026-06-02T15:06:00Z,KZ-TR-001,43.260,76.949,65280,0xf8,0x2a,0x00,0x00
2026-06-02T15:07:00Z,KZ-TR-001,43.255,76.948,65265,0x00,0x00,0x60,0x02
2026-06-02T15:07:00Z,KZ-TR-001,43.255,76.948,65266,0x00,0x5c,0x03,0x00
2026-06-02T15:07:00Z,KZ-TR-001,43.255,76.948,65280,0xf8,0x2a,0x00,0x00
2026-06-02T15:08:00Z,KZ-TR-001,43.262,76.948,65265,0x00,0x00,0x60,0x02
2026-06-02T15:08:00Z,KZ-TR-001,43.262,76.948,65266,0x00,0x5c,0x03,0x00
2026-06-02T15:08:00Z,KZ-TR-001,43.262,76.948,65280,0xf8,0x2a,0x00,0x00
2026-06-02T15:09:00Z,KZ-TR-001,43.263,76.942,65265,0x00,0x00,0x60,0x02
2026-06-02T15:09:00Z,KZ-TR-001,43.263,76.942,65266,0x00,0x5c,0x03,0x00
2026-06-02T15:09:00Z,KZ-TR-001,43.263,76.942,65280,0xf8,0x2a,0x00,0x00
2026-06-02T15:10:00Z,KZ-TR-001,43.257,76.949,65265,0x00,0x00,0x60,0x02
2026-06-02T15:10:00Z,KZ-TR-001,43.257,76.949,65266,0x00,0x5c,0x03,0x00
2026-06-02T15:10:00Z,KZ-TR-001,43.257,76.949,65280,0xf8,0x2a,0x00,0x00
2026-06-02T15:11:00Z,KZ-TR-001,43.264,76.948,65265,0x00,0x00,0x60,0x02
2026-06-02T15:11:00Z,KZ-TR-001,43.264,76.948,65266,0x00,0x5c,0x03,0x00
2026-06-02T15:11:00Z,KZ-TR-001,43.264,76.948,65280,0xf8,0x2a,0x00,0x00
2026-06-02T15:12:00Z,KZ-TR-001,43.265,76.950,65265,0x00,0x00,0x60,0x02
2026-06-02T15:12:00Z,KZ-TR-001,43.265,76.950,65266,0x00,0x5c,0x03,0x00
2026-06-02T15:12:00Z,KZ-TR-001,43.265,76.950,65280,0xf8,0x2a,0x00,0x00
2026-06-02T15:13:00Z,KZ-TR-001,43.258,76.948,65265,0x00,0x00,0x60,0x02
2026-06-02T15:13:00Z,KZ-TR-001,43.258,76.948,65266,0x00,0x5c,0x03,0x00
2026-06-02T15:13:00Z,KZ-TR-001,43.258,76.948,65280,0xf8,0x2a,0x00,0x00
2026-06-02T15:14:00Z,KZ-TR-001,43.261,76.949,65265,0x00,0x00,0x60,0x02
2026-06-02T15:14:00Z,KZ-TR-001,43.261,76.949,65266,0x00,0x5c,0x03,0x00
2026-06-02T15:14:00Z,KZ-TR-001,43.261,76.949,65280,0xf8,0x2a,0x00,0x00
2026-06-02T15:15:00Z,KZ-TR-001,43.257,76.948,65265,0x00,0x00,0x60,0x02
2026-06-02T15:15:00Z,KZ-TR-001,43.257,76.948,65266,0x00,0x5c,0x03,0x00
2026-06-02T15:15:00Z,KZ-TR-001,43.257,76.948,65280,0xf8,0x2a,0x00,0x00
2026-06-02T15:16:00Z,KZ-TR-001,43.256,76.946,65265,0x00,0x00,0x60,0x02
2026-06-02T15:16:00Z,KZ-TR-001,43.256,76.946,65266,0x00,0x5c,0x03,0x00
2026-06-02T15:16:00Z,KZ-TR-001,43.256,76.946,65280,0xf8,0x2a,0x00,0x00
2026-06-02T15:17:00Z,KZ-TR-001,43.265,76.943,65265,0x00,0x00,0x60,0x02
2026-06-02T15:17:00Z,KZ-TR-001,43.265,76.943,65266,0x00,0x5c,0x03,0x00
2026-06-02T15:17:00Z,KZ-TR-001,43.265,76.943,65280,0xf8,0x2a,0x00,0x00
2026-06-02T15:18:00Z,KZ-TR-001,43.263,76.941,65265,0x00,0x00,0x60,0x02
2026-06-02T15:18:00Z,KZ-TR-001,43.263,76.941,65266,0x00,0x5c,0x03,0x00
2026-06-02T15:18:00Z,KZ-TR-001,43.263,76.941,65280,0xf8,0x2a,0x00,0x00
2026-06-02T15:19:00Z,KZ-TR-001,43.263,76.941,65265,0x00,0x00,0x60,0x02
2026-06-02T15:19:00Z,KZ-TR-001,43.263,76.941,65266,0x00,0x5c,0x03,0x00
2026-06-02T15:19:00Z,KZ-TR-001,43.263,76.941,65280,0xf8,0x2a,0x00,0x00
2026-06-02T15:20:00Z,KZ-TR-001,43.261,76.947,65265,0x00,0x00,0x60,0x02
2026-06-02T15:20:00Z,KZ-TR-001,43.261,76.947,65266,0x00,0x5c,0x03,0x00
2026-06-02T15:20:00Z,KZ-TR-001,43.261,76.947,65280,0xf8,0x2a,0x00,0x00
2026-06-02T15:21:00Z,KZ-TR-001,43.260,76.947,65265,0x00,0x00,0x60,0x02
2026-06-02T15:21:00Z,KZ-TR-001,43.260,76.947,65266,0x00,0x5c,0x03,0x00
2026-06-02T15:21:00Z,KZ-TR-001,43.260,76.947,65280,0xf8,0x2a,0x00,0x00
2026-06-02T15:22:00Z,KZ-TR-001,43.257,76.941,65265,0x00,0x00,0x60,0x02
2026-06-02T15:22:00Z,KZ-TR-001,43.257,76.941,65266,0x00,0x5c,0x03,0x00
2026-06-02T15:22:00Z,KZ-TR-001,43.257,76.941,65280,0xf8,0x2a,0x00,0x00
2026-06-02T15:23:00Z,KZ-TR-001,43.259,76.943,65265,0x00,0x00,0x60,0x02
2026-06-02T15:23:00Z,KZ-TR-001,43.259,76.943,65266,0x00,0x5c,0x03,0x00
2026-06-02T15:23:00Z,KZ-TR-001,43.259,76.943,65280,0xf8,0x2a,0x00,0x00
2026-06-02T15:24:00Z,KZ-TR-001,43.261,76.943,65265,0x00,0x00,0x60,0x02
2026-06-02T15:24:00Z,KZ-TR-001,43.261,76.943,65266,0x00,0x5c,0x03,0x00
2026-06-02T15:24:00Z,KZ-TR-001,43.261,76.943,65280,0xf8,0x2a,0x00,0x00
2026-06-02T15:25:00Z,KZ-TR-001,43.261,76.950,65265,0x00,0x00,0x60,0x02
2026-06-02T15:25:00Z,KZ-TR-001,43.261,76.950,65266,0x00,0x5c,0x03,0x00
2026-06-02T15:25:00Z,KZ-TR-001,43.261,76.950,65280,0xf8,0x2a,0x00,0x00
2026-06-02T15:26:00Z,KZ-TR-001,43.265,76.942,65265,0x00,0x00,0x60,0x02
2026-06-02T15:26:00Z,KZ-TR-001,43.265,76.942,65266,0x00,0x5c,0x03,0x00
2026-06-02T15:26:00Z,KZ-TR-001,43.265,76.942,65280,0xf8,0x2a,0x00,0x00
2026-06-02T15:27:00Z,KZ-TR-001,43.262,76.944,65265,0x00,0x00,0x60,0x02
2026-06-02T15:27:00Z,KZ-TR-001,43.262,76.944,65266,0x00,0x5c,0x03,0x00
2026-06-02T15:27:00Z,KZ-TR-001,43.262,76.944,65280,0xf8,0x2a,0x00,0x00
2026-06-02T15:28:00Z,KZ-TR-001,43.262,76.948,65265,0x00,0x00,0x60,0x02
2026-06-02T15:28:00Z,KZ-TR-001,43.262,76.948,65266,0x00,0x5c,0x03,0x00
2026-06-02T15:28:00Z,KZ-TR-001,43.262,76.948,65280,0xf8,0x2a,0x00,0x00
2026-06-02T15:29:00Z,KZ-TR-001,43.263,76.946,65265,0x00,0x00,0x60,0x02
2026-06-02T15:29:00Z,KZ-TR-001,43.263,76.946,65266,0x00,0x5c,0x03,0x00
2026-06-02T15:29:00Z,KZ-TR-001,43.263,76.946,65280,0xf8,0x2a,0x00,0x00
2026-06-02T15:30:00Z,KZ-TR-001,43.260,76.950,65265,0x00,0x00,0x60,0x02
2026-06-02T15:30:00Z,KZ-TR-001,43.260,76.950,65266,0x00,0x5c,0x03,0x00
2026-06-02T15:30:00Z,KZ-TR-001,43.260,76.950,65280,0xf8,0x2a,0x00,0x00
2026-06-02T15:31:00Z,KZ-TR-001,43.261,76.946,65265,0x00,0x00,0x60,0x02
2026-06-02T15:31:00Z,KZ-TR-001,43.261,76.946,65266,0x00,0x5c,0x03,0x00
2026-06-02T15:31:00Z,KZ-TR-001,43.261,76.946,65280,0xf8,0x2a,0x00,0x00
2026-06-02T15:32:00Z,KZ-TR-001,43.261,76.946,65265,0x00,0x00,0x60,0x02
2026-06-02T15:32:00Z,KZ-TR-001,43.261,76.946,65266,0x00,0x5c,0x03,0x00
2026-06-02T15:32:00Z,KZ-TR-001,43.261,76.946,65280,0xf8,0x2a,0x00,0x00
2026-06-02T15:33:00Z,KZ-TR-001,43.261,76.946,65265,0x00,0x00,0x60,0x02
2026-06-02T15:33:00Z,KZ-TR-001,43.261,76.946,65266,0x00,0x5c,0x03,0x00
2026-06-02T15:33:00Z,KZ-TR-001,43.261,76.946,65280,0xf8,0x2a,0x00,0x00
2026-06-02T15:34:00Z,KZ-TR-001,43.263,76.942,65265,0x00,0x00,0x60,0x02
2026-06-02T15:34:00Z,KZ-TR-001,43.263,76.942,65266,0x00,0x5c,0x03,0x00
2026-06-02T15:34:00Z,KZ-TR-001,43.263,76.942,65280,0xf8,0x2a,0x00,0x00
2026-06-02T15:35:00Z,KZ-TR-001,43.261,76.949,65265,0x00,0x00,0x60,0x02
2026-06-02T15:35:00Z,KZ-TR-001,43.261,76.949,65266,0x00,0x5c,0x03,0x00
2026-06-02T15:35:00Z,KZ-TR-001,43.261,76.949,65280,0xf8,0x2a,0x00,0x00
2026-06-02T15:36:00Z,KZ-TR-001,43.258,76.943,65265,0x00,0x00,0x60,0x02
2026-06-02T15:36:00Z,KZ-TR-001,43.258,76.943,65266,0x00,0x5c,0x03,0x00
2026-06-02T15:36:00Z,KZ-TR-001,43.258,76.943,65280,0xf8,0x2a,0x00,0x00
2026-06-02T15:37:00Z,KZ-TR-001,43.261,76.942,65265,0x00,0x00,0x60,0x02
2026-06-02T15:37:00Z,KZ-TR-001,43.261,76.942,65266,0x00,0x5c,0x03,0x00
2026-06-02T15:37:00Z,KZ-TR-001,43.261,76.942,65280,0xf8,0x2a,0x00,0x00
2026-06-02T15:38:00Z,KZ-TR-001,43.261,76.945,65265,0x00,0x00,0x60,0x02
2026-06-02T15:38:00Z,KZ-TR-001,43.261,76.945,65266,0x00,0x5c,0x03,0x00
2026-06-02T15:38:00Z,KZ-TR-001,43.261,76.945,65280,0xf8,0x2a,0x00,0x00
2026-06-02T15:39:00Z,KZ-TR-001,43.256,76.948,65265,0x00,0x00,0x60,0x02
2026-06-02T15:39:00Z,KZ-TR-001,43.256,76.948,65266,0x00,0x5c,0x03,0x00
2026-06-02T15:39:00Z,KZ-TR-001,43.256,76.948,65280,0xf8,0x2a,0x00,0x00
2026-06-02T15:40:00Z,KZ-TR-001,43.264,76.943,65265,0x00,0x00,0x60,0x02
2026-06-02T15:40:00Z,KZ-TR-001,43.264,76.943,65266,0x00,0x5c,0x03,0x00
2026-06-02T15:40:00Z,KZ-TR-001,43.264,76.943,65280,0xf8,0x2a,0x00,0x00
2026-06-02T15:41:00Z,KZ-TR-001,43.261,76.945,65265,0x00,0x00,0x60,0x02
2026-06-02T15:41:00Z,KZ-TR-001,43.261,76.945,65266,0x00,0x5c,0x03,0x00
2026-06-02T15:41:00Z,KZ-TR-001,43.261,76.945,65280,0xf8,0x2a,0x00,0x00
2026-06-02T15:42:00Z,KZ-TR-001,43.256,76.949,65265,0x00,0x00,0x60,0x02
2026-06-02T15:42:00Z,KZ-TR-001,43.256,76.949,65266,0x00,0x5c,0x03,0x00
2026-06-02T15:42:00Z,KZ-TR-001,43.256,76.949,65280,0xf8,0x2a,0x00,0x00
2026-06-02T15:43:00Z,KZ-TR-001,43.257,76.943,65265,0x00,0x00,0x60,0x02
2026-06-02T15:43:00Z,KZ-TR-001,43.257,76.943,65266,0x00,0x5c,0x03,0x00
2026-06-02T15:43:00Z,KZ-TR-001,43.257,76.943,65280,0xf8,0x2a,0x00,0x00
2026-06-02T15:44:00Z,KZ-TR-001,43.257,76.950,65265,0x00,0x00,0x60,0x02
2026-06-02T15:44:00Z,KZ-TR-001,43.257,76.950,65266,0x00,0x5c,0x03,0x00
2026-06-02T15:44:00Z,KZ-TR-001,43.257,76.950,65280,0xf8,0x2a,0x00,0x00
2026-06-02T15:45:00Z,KZ-TR-001,43.257,76.945,65265,0x00,0x00,0x60,0x02
2026-06-02T15:45:00Z,KZ-TR-001,43.257,76.945,65266,0x00,0x5c,0x03,0x00
2026-06-02T15:45:00Z,KZ-TR-001,43.257,76.945,65280,0xf8,0x2a,0x00,0x00
2026-06-02T15:46:00Z,KZ-TR-001,43.264,76.943,65265,0x00,0x00,0x60,0x02
2026-06-02T15:46:00Z,KZ-TR-001,43.264,76.943,65266,0x00,0x5c,0x03,0x00
2026-06-02T15:46:00Z,KZ-TR-001,43.264,76.943,65280,0xf8,0x2a,0x00,0x00
2026-06-02T15:47:00Z,KZ-TR-001,43.264,76.947,65265,0x00,0x00,0x60,0x02
2026-06-02T15:47:00Z,KZ-TR-001,43.264,76.947,65266,0x00,0x5c,0x03,0x00
2026-06-02T15:47:00Z,KZ-TR-001,43.264,76.947,65280,0xf8,0x2a,0x00,0x00
2026-06-02T15:48:00Z,KZ-TR-001,43.261,76.942,65265,0x00,0x00,0x60,0x02
2026-06-02T15:48:00Z,KZ-TR-001,43.261,76.942,65266,0x00,0x5c,0x03,0x00
2026-06-02T15:48:00Z,KZ-TR-001,43.261,76.942,65280,0xf8,0x2a,0x00,0x00
2026-06-02T15:49:00Z,KZ-TR-001,43.265,76.941,65265,0x00,0x00,0x60,0x02
2026-06-02T15:49:00Z,KZ-TR-001,43.265,76.941,65266,0x00,0x5c,0x03,0x00
2026-06-02T15:49:00Z,KZ-TR-001,43.265,76.941,65280,0xf8,0x2a,0x00,0x00
2026-06-02T15:50:00Z,KZ-TR-001,43.264,76.947,65265,0x00,0x00,0x60,0x02
2026-06-02T15:50:00Z,KZ-TR-001,43.264,76.947,65266,0x00,0x5c,0x03,0x00
2026-06-02T15:50:00Z,KZ-TR-001,43.264,76.947,65280,0xf8,0x2a,0x00,0x00
2026-06-02T15:51:00Z,KZ-TR-001,43.260,76.950,65265,0x00,0x00,0x60,0x02
2026-06-02T15:51:00Z,KZ-TR-001,43.260,76.950,65266,0x00,0x5c,0x03,0x00
2026-06-02T15:51:00Z,KZ-TR-001,43.260,76.950,65280,0xf8,0x2a,0x00,0x00
2026-06-02T15:52:00Z,KZ-TR-001,43.262,76.943,65265,0x00,0x00,0x60,0x02
2026-06-02T15:52:00Z,KZ-TR-001,43.262,76.943,65266,0x00,0x5c,0x03,0x00
2026-06-02T15:52:00Z,KZ-TR-001,43.262,76.943,65280,0xf8,0x2a,0x00,0x00
2026-06-02T15:53:00Z,KZ-TR-001,43.257,76.945,65265,0x00,0x00,0x60,0x02
2026-06-02T15:53:00Z,KZ-TR-001,43.257,76.945,65266,0x00,0x5c,0x03,0x00
2026-06-02T15:53:00Z,KZ-TR-001,43.257,76.945,65280,0xf8,0x2a,0x00,0x00
2026-06-02T15:54:00Z,KZ-TR-001,43.256,76.940,65265,0x00,0x00,0x60,0x02
2026-06-02T15:54:00Z,KZ-TR-001,43.256,76.940,65266,0x00,0x5c,0x03,0x00
2026-06-02T15:54:00Z,KZ-TR-001,43.256,76.940,65280,0xf8,0x2a,0x00,0x00
2026-06-02T15:55:00Z,KZ-TR-001,43.256,76.948,65265,0x00,0x00,0x60,0x02
2026-06-02T15:55:00Z,KZ-TR-001,43.256,76.948,65266,0x00,0x5c,0x03,0x00
2026-06-02T15:55:00Z,KZ-TR-001,43.256,76.948,65280,0xf8,0x2a,0x00,0x00
2026-06-02T15:56:00Z,KZ-TR-001,43.256,76.947,65265,0x00,0x00,0x60,0x02
2026-06-02T15:56:00Z,KZ-TR-001,43.256,76.947,65266,0x00,0x5c,0x03,0x00
2026-06-02T15:56:00Z,KZ-TR-001,43.256,76.947,65280,0xf8,0x2a,0x00,0x00
2026-06-02T15:57:00Z,KZ-TR-001,43.256,76.941,65265,0x00,0x00,0x60,0x02
2026-06-02T15:57:00Z,KZ-TR-001,43.256,76.941,65266,0x00,0x5c,0x03,0x00
2026-06-02T15:57:00Z,KZ-TR-001,43.256,76.941,65280,0xf8,0x2a,0x00,0x00
2026-06-02T15:58:00Z,KZ-TR-001,43.260,76.949,65265,0x00,0x00,0x60,0x02
2026-06-02T15:58:00Z,KZ-TR-001,43.260,76.949,65266,0x00,0x5c,0x03,0x00
2026-06-02T15:58:00Z,KZ-TR-001,43.260,76.949,65280,0xf8,0x2a,0x00,0x00
2026-06-02T15:59:00Z,KZ-TR-001,43.261,76.942,65265,0x00,0x00,0x60,0x02
2026-06-02T15:59:00Z,KZ-TR-001,43.261,76.942,65266,0x00,0x5c,0x03,0x00
2026-06-02T15:59:00Z,KZ-TR-001,43.261,76.942,65280,0xf8,0x2a,0x00,0x00
2026-06-02T16:00:00Z,KZ-TR-001,43.259,76.948,65265,0x00,0x00,0x60,0x02
2026-06-02T16:00:00Z,KZ-TR-001,43.259,76.948,65266,0x00,0x5c,0x03,0x00
2026-06-02T16:00:00Z,KZ-TR-001,43.259,76.948,65280,0xf8,0x2a,0x00,0x00
2026-06-02T16:01:00Z,KZ-TR-001,43.257,76.940,65265,0x00,0x00,0x60,0x02
2026-06-02T16:01:00Z,KZ-TR-001,43.257,76.940,65266,0x00,0x5c,0x03,0x00
2026-06-02T16:01:00Z,KZ-TR-001,43.257,76.940,65280,0xf8,0x2a,0x00,0x00
2026-06-02T16:02:00Z,KZ-TR-001,43.262,76.941,65265,0x00,0x00,0x60,0x02
2026-06-02T16:02:00Z,KZ-TR-001,43.262,76.941,65266,0x00,0x5c,0x03,0x00
2026-06-02T16:02:00Z,KZ-TR-001,43.262,76.941,65280,0xf8,0x2a,0x00,0x00
2026-06-02T16:03:00Z,KZ-TR-001,43.263,76.950,65265,0x00,0x00,0x60,0x02
2026-06-02T16:03:00Z,KZ-TR-001,43.263,76.950,65266,0x00,0x5c,0x03,0x00
2026-06-02T16:03:00Z,KZ-TR-001,43.263,76.950,65280,0xf8,0x2a,0x00,0x00
2026-06-02T16:04:00Z,KZ-TR-001,43.258,76.949,65265,0x00,0x00,0x60,0x02
2026-06-02T16:04:00Z,KZ-TR-001,43.258,76.949,65266,0x00,0x5c,0x03,0x00
2026-06-02T16:04:00Z,KZ-TR-001,43.258,76.949,65280,0xf8,0x2a,0x00,0x00
2026-06-02T16:05:00Z,KZ-TR-001,43.263,76.947,65265,0x00,0x00,0x60,0x02
2026-06-02T16:05:00Z,KZ-TR-001,43.263,76.947,65266,0x00,0x5c,0x03,0x00
2026-06-02T16:05:00Z,KZ-TR-001,43.263,76.947,65280,0xf8,0x2a,0x00,0x00
2026-06-02T16:06:00Z,KZ-TR-001,43.264,76.944,65265,0x00,0x00,0x60,0x02
2026-06-02T16:06:00Z,KZ-TR-001,43.264,76.944,65266,0x00,0x5c,0x03,0x00
2026-06-02T16:06:00Z,KZ-TR-001,43.264,76.944,65280,0xf8,0x2a,0x00,0x00
2026-06-02T16:07:00Z,KZ-TR-001,43.262,76.949,65265,0x00,0x00,0x60,0x02
2026-06-02T16:07:00Z,KZ-TR-001,43.262,76.949,65266,0x00,0x5c,0x03,0x00
2026-06-02T16:07:00Z,KZ-TR-001,43.262,76.949,65280,0xf8,0x2a,0x00,0x00
2026-06-02T16:08:00Z,KZ-TR-001,43.259,76.949,65265,0x00,0x00,0x60,0x02
2026-06-02T16:08:00Z,KZ-TR-001,43.259,76.949,65266,0x00,0x5c,0x03,0x00
2026-06-02T16:08:00Z,KZ-TR-001,43.259,76.949,65280,0xf8,0x2a,0x00,0x00
2026-06-02T16:09:00Z,KZ-TR-001,43.257,76.947,65265,0x00,0x00,0x60,0x02
2026-06-02T16:09:00Z,KZ-TR-001,43.257,76.947,65266,0x00,0x5c,0x03,0x00
2026-06-02T16:09:00Z,KZ-TR-001,43.257,76.947,65280,0xf8,0x2a,0x00,0x00
2026-06-02T16:10:00Z,KZ-TR-001,43.262,76.945,65265,0x00,0x00,0x60,0x02
2026-06-02T16:10:00Z,KZ-TR-001,43.262,76.945,65266,0x00,0x5c,0x03,0x00
2026-06-02T16:10:00Z,KZ-TR-001,43.262,76.945,65280,0xf8,0x2a,0x00,0x00
2026-06-02T16:11:00Z,KZ-TR-001,43.259,76.949,65265,0x00,0x00,0x60,0x02
2026-06-02T16:11:00Z,KZ-TR-001,43.259,76.949,65266,0x00,0x5c,0x03,0x00
2026-06-02T16:11:00Z,KZ-TR-001,43.259,76.949,65280,0xf8,0x2a,0x00,0x00
2026-06-02T16:12:00Z,KZ-TR-001,43.258,76.942,65265,0x00,0x00,0x60,0x02
2026-06-02T16:12:00Z,KZ-TR-001,43.258,76.942,65266,0x00,0x5c,0x03,0x00
2026-06-02T16:12:00Z,KZ-TR-001,43.258,76.942,65280,0xf8,0x2a,0x00,0x00
2026-06-02T16:13:00Z,KZ-TR-001,43.256,76.948,65265,0x00,0x00,0x60,0x02
2026-06-02T16:13:00Z,KZ-TR-001,43.256,76.948,65266,0x00,0x5c,0x03,0x00
2026-06-02T16:13:00Z,KZ-TR-001,43.256,76.948,65280,0xf8,0x2a,0x00,0x00
2026-06-02T16:14:00Z,KZ-TR-001,43.263,76.940,65265,0x00,0x00,0x60,0x02
2026-06-02T16:14:00Z,KZ-TR-001,43.263,76.940,65266,0x00,0x5c,0x03,0x00
2026-06-02T16:14:00Z,KZ-TR-001,43.263,76.940,65280,0xf8,0x2a,0x00,0x00
2026-06-02T16:15:00Z,KZ-TR-001,43.264,76.948,65265,0x00,0x00,0x60,0x02
2026-06-02T16:15:00Z,KZ-TR-001,43.264,76.948,65266,0x00,0x5c,0x03,0x00
2026-06-02T16:15:00Z,KZ-TR-001,43.264,76.948,65280,0xf8,0x2a,0x00,0x00
2026-06-02T16:16:00Z,KZ-TR-001,43.256,76.940,65265,0x00,0x00,0x60,0x02
2026-06-02T16:16:00Z,KZ-TR-001,43.256,76.940,65266,0x00,0x5c,0x03,0x00
2026-06-02T16:16:00Z,KZ-TR-001,43.256,76.940,65280,0xf8,0x2a,0x00,0x00
2026-06-02T16:17:00Z,KZ-TR-001,43.257,76.943,65265,0x00,0x00,0x60,0x02
2026-06-02T16:17:00Z,KZ-TR-001,43.257,76.943,65266,0x00,0x5c,0x03,0x00
2026-06-02T16:17:00Z,KZ-TR-001,43.257,76.943,65280,0xf8,0x2a,0x00,0x00
2026-06-02T16:18:00Z,KZ-TR-001,43.261,76.945,65265,0x00,0x00,0x60,0x02
2026-06-02T16:18:00Z,KZ-TR-001,43.261,76.945,65266,0x00,0x5c,0x03,0x00
2026-06-02T16:18:00Z,KZ-TR-001,43.261,76.945,65280,0xf8,0x2a,0x00,0x00
2026-06-02T16:19:00Z,KZ-TR-001,43.256,76.943,65265,0x00,0x00,0x60,0x02
2026-06-02T16:19:00Z,KZ-TR-001,43.256,76.943,65266,0x00,0x5c,0x03,0x00
2026-06-02T16:19:00Z,KZ-TR-001,43.256,76.943,65280,0xf8,0x2a,0x00,0x00
2026-06-02T16:20:00Z,KZ-TR-001,43.262,76.943,65265,0x00,0x00,0x60,0x02
2026-06-02T16:20:00Z,KZ-TR-001,43.262,76.943,65266,0x00,0x5c,0x03,0x00
2026-06-02T16:20:00Z,KZ-TR-001,43.262,76.943,65280,0xf8,0x2a,0x00,0x00
2026-06-02T16:21:00Z,KZ-TR-001,43.259,76.949,65265,0x00,0x00,0x60,0x02
2026-06-02T16:21:00Z,KZ-TR-001,43.259,76.949,65266,0x00,0x5c,0x03,0x00
2026-06-02T16:21:00Z,KZ-TR-001,43.259,76.949,65280,0xf8,0x2a,0x00,0x00
2026-06-02T16:22:00Z,KZ-TR-001,43.264,76.946,65265,0x00,0x00,0x60,0x02
2026-06-02T16:22:00Z,KZ-TR-001,43.264,76.946,65266,0x00,0x5c,0x03,0x00
2026-06-02T16:22:00Z,KZ-TR-001,43.264,76.946,65280,0xf8,0x2a,0x00,0x00
2026-06-02T16:23:00Z,KZ-TR-001,43.258,76.947,65265,0x00,0x00,0x60,0x02
2026-06-02T16:23:00Z,KZ-TR-001,43.258,76.947,65266,0x00,0x5c,0x03,0x00
2026-06-02T16:23:00Z,KZ-TR-001,43.258,76.947,65280,0xf8,0x2a,0x00,0x00
2026-06-02T16:24:00Z,KZ-TR-001,43.261,76.947,65265,0x00,0x00,0x60,0x02
2026-06-02T16:24:00Z,KZ-TR-001,43.261,76.947,65266,0x00,0x5c,0x03,0x00
2026-06-02T16:24:00Z,KZ-TR-001,43.261,76.947,65280,0xf8,0x2a,0x00,0x00
2026-06-02T16:25:00Z,KZ-TR-001,43.258,76.948,65265,0x00,0x00,0x60,0x02
2026-06-02T16:25:00Z,KZ-TR-001,43.258,76.948,65266,0x00,0x5c,0x03,0x00
2026-06-02T16:25:00Z,KZ-TR-001,43.258,76.948,65280,0xf8,0x2a,0x00,0x00
2026-06-02T16:26:00Z,KZ-TR-001,43.258,76.942,65265,0x00,0x00,0x60,0x02
2026-06-02T16:26:00Z,KZ-TR-001,43.258,76.942,65266,0x00,0x5c,0x03,0x00
2026-06-02T16:26:00Z,KZ-TR-001,43.258,76.942,65280,0xf8,0x2a,0x00,0x00
2026-06-02T16:27:00Z,KZ-TR-001,43.260,76.942,65265,0x00,0x00,0x60,0x02
2026-06-02T16:27:00Z,KZ-TR-001,43.260,76.942,65266,0x00,0x5c,0x03,0x00
2026-06-02T16:27:00Z,KZ-TR-001,43.260,76.942,65280,0xf8,0x2a,0x00,0x00
2026-06-02T16:28:00Z,KZ-TR-001,43.261,76.948,65265,0x00,0x00,0x60,0x02
2026-06-02T16:28:00Z,KZ-TR-001,43.261,76.948,65266,0x00,0x5c,0x03,0x00
2026-06-02T16:28:00Z,KZ-TR-001,43.261,76.948,65280,0xf8,0x2a,0x00,0x00
2026-06-02T16:29:00Z,KZ-TR-001,43.257,76.943,65265,0x00,0x00,0x60,0x02
2026-06-02T16:29:00Z,KZ-TR-001,43.257,76.943,65266,0x00,0x5c,0x03,0x00
2026-06-02T16:29:00Z,KZ-TR-001,43.257,76.943,65280,0xf8,0x2a,0x00,0x00
2026-06-02T16:30:00Z,KZ-TR-001,43.257,76.944,65265,0x00,0x00,0x60,0x02
2026-06-02T16:30:00Z,KZ-TR-001,43.257,76.944,65266,0x00,0x5c,0x03,0x00
2026-06-02T16:30:00Z,KZ-TR-001,43.257,76.944,65280,0xf8,0x2a,0x00,0x00
2026-06-02T16:31:00Z,KZ-TR-001,43.259,76.941,65265,0x00,0x00,0x60,0x02
2026-06-02T16:31:00Z,KZ-TR-001,43.259,76.941,65266,0x00,0x5c,0x03,0x00
2026-06-02T16:31:00Z,KZ-TR-001,43.259,76.941,65280,0xf8,0x2a,0x00,0x00
2026-06-02T16:32:00Z,KZ-TR-001,43.263,76.942,65265,0x00,0x00,0x60,0x02
2026-06-02T16:32:00Z,KZ-TR-001,43.263,76.942,65266,0x00,0x5c,0x03,0x00
2026-06-02T16:32:00Z,KZ-TR-001,43.263,76.942,65280,0xf8,0x2a,0x00,0x00
2026-06-02T16:33:00Z,KZ-TR-001,43.264,76.940,65265,0x00,0x00,0x60,0x02
2026-06-02T16:33:00Z,KZ-TR-001,43.264,76.940,65266,0x00,0x5c,0x03,0x00
2026-06-02T16:33:00Z,KZ-TR-001,43.264,76.940,65280,0xf8,0x2a,0x00,0x00
2026-06-02T16:34:00Z,KZ-TR-001,43.257,76.944,65265,0x00,0x00,0x60,0x02
2026-06-02T16:34:00Z,KZ-TR-001,43.257,76.944,65266,0x00,0x5c,0x03,0x00
2026-06-02T16:34:00Z,KZ-TR-001,43.257,76.944,65280,0xf8,0x2a,0x00,0x00
2026-06-02T16:35:00Z,KZ-TR-001,43.257,76.941,65265,0x00,0x00,0x60,0x02
2026-06-02T16:35:00Z,KZ-TR-001,43.257,76.941,65266,0x00,0x5c,0x03,0x00
2026-06-02T16:35:00Z,KZ-TR-001,43.257,76.941,65280,0xf8,0x2a,0x00,0x00
2026-06-02T16:36:00Z,KZ-TR-001,43.262,76.943,65265,0x00,0x00,0x60,0x02
2026-06-02T16:36:00Z,KZ-TR-001,43.262,76.943,65266,0x00,0x5c,0x03,0x00
2026-06-02T16:36:00Z,KZ-TR-001,43.262,76.943,65280,0xf8,0x2a,0x00,0x00
2026-06-02T16:37:00Z,KZ-TR-001,43.258,76.944,65265,0x00,0x00,0x60,0x02
2026-06-02T16:37:00Z,KZ-TR-001,43.258,76.944,65266,0x00,0x5c,0x03,0x00
2026-06-02T16:37:00Z,KZ-TR-001,43.258,76.944,65280,0xf8,0x2a,0x00,0x00
2026-06-02T16:38:00Z,KZ-TR-001,43.264,76.948,65265,0x00,0x00,0x60,0x02
2026-06-02T16:38:00Z,KZ-TR-001,43.264,76.948,65266,0x00,0x5c,0x03,0x00
2026-06-02T16:38:00Z,KZ-TR-001,43.264,76.948,65280,0xf8,0x2a,0x00,0x00
2026-06-02T16:39:00Z,KZ-TR-001,43.262,76.943,65265,0x00,0x00,0x60,0x02
2026-06-02T16:39:00Z,KZ-TR-001,43.262,76.943,65266,0x00,0x5c,0x03,0x00
2026-06-02T16:39:00Z,KZ-TR-001,43.262,76.943,65280,0xf8,0x2a,0x00,0x00
2026-06-02T16:40:00Z,KZ-TR-001,43.263,76.943,65265,0x00,0x00,0x60,0x02
2026-06-02T16:40:00Z,KZ-TR-001,43.263,76.943,65266,0x00,0x5c,0x03,0x00
2026-06-02T16:40:00Z,KZ-TR-001,43.263,76.943,65280,0xf8,0x2a,0x00,0x00
2026-06-02T16:41:00Z,KZ-TR-001,43.256,76.942,65265,0x00,0x00,0x60,0x02
2026-06-02T16:41:00Z,KZ-TR-001,43.256,76.942,65266,0x00,0x5c,0x03,0x00
2026-06-02T16:41:00Z,KZ-TR-001,43.256,76.942,65280,0xf8,0x2a,0x00,0x00
2026-06-02T16:42:00Z,KZ-TR-001,43.260,76.943,65265,0x00,0x00,0x60,0x02
2026-06-02T16:42:00Z,KZ-TR-001,43.260,76.943,65266,0x00,0x5c,0x03,0x00
2026-06-02T16:42:00Z,KZ-TR-001,43.260,76.943,65280,0xf8,0x2a,0x00,0x00
2026-06-02T16:43:00Z,KZ-TR-001,43.264,76.941,65265,0x00,0x00,0x60,0x02
2026-06-02T16:43:00Z,KZ-TR-001,43.264,76.941,65266,0x00,0x5c,0x03,0x00
2026-06-02T16:43:00Z,KZ-TR-001,43.264,76.941,65280,0xf8,0x2a,0x00,0x00
2026-06-02T16:44:00Z,KZ-TR-001,43.257,76.944,65265,0x00,0x00,0x60,0x02
2026-06-02T16:44:00Z,KZ-TR-001,43.257,76.944,65266,0x00,0x5c,0x03,0x00
2026-06-02T16:44:00Z,KZ-TR-001,43.257,76.944,65280,0xf8,0x2a,0x00,0x00
2026-06-02T16:45:00Z,KZ-TR-001,43.255,76.948,65265,0x00,0x00,0x60,0x02
2026-06-02T16:45:00Z,KZ-TR-001,43.255,76.948,65266,0x00,0x5c,0x03,0x00
2026-06-02T16:45:00Z,KZ-TR-001,43.255,76.948,65280,0xf8,0x2a,0x00,0x00
2026-06-02T16:46:00Z,KZ-TR-001,43.264,76.945,65265,0x00,0x00,0x60,0x02
2026-06-02T16:46:00Z,KZ-TR-001,43.264,76.945,65266,0x00,0x5c,0x03,0x00
2026-06-02T16:46:00Z,KZ-TR-001,43.264,76.945,65280,0xf8,0x2a,0x00,0x00
2026-06-02T16:47:00Z,KZ-TR-001,43.263,76.948,65265,0x00,0x00,0x60,0x02
2026-06-02T16:47:00Z,KZ-TR-001,43.263,76.948,65266,0x00,0x5c,0x03,0x00
2026-06-02T16:47:00Z,KZ-TR-001,43.263,76.948,65280,0xf8,0x2a,0x00,0x00
2026-06-02T16:48:00Z,KZ-TR-001,43.260,76.948,65265,0x00,0x00,0x60,0x02
2026-06-02T16:48:00Z,KZ-TR-001,43.260,76.948,65266,0x00,0x5c,0x03,0x00
2026-06-02T16:48:00Z,KZ-TR-001,43.260,76.948,65280,0xf8,0x2a,0x00,0x00
2026-06-02T16:49:00Z,KZ-TR-001,43.263,76.942,65265,0x00,0x00,0x60,0x02
2026-06-02T16:49:00Z,KZ-TR-001,43.263,76.942,65266,0x00,0x5c,0x03,0x00
2026-06-02T16:49:00Z,KZ-TR-001,43.263,76.942,65280,0xf8,0x2a,0x00,0x00
2026-06-02T16:50:00Z,KZ-TR-001,43.258,76.945,65265,0x00,0x00,0x60,0x02
2026-06-02T16:50:00Z,KZ-TR-001,43.258,76.945,65266,0x00,0x5c,0x03,0x00
2026-06-02T16:50:00Z,KZ-TR-001,43.258,76.945,65280,0xf8,0x2a,0x00,0x00
2026-06-02T16:51:00Z,KZ-TR-001,43.260,76.947,65265,0x00,0x00,0x60,0x02
2026-06-02T16:51:00Z,KZ-TR-001,43.260,76.947,65266,0x00,0x5c,0x03,0x00
2026-06-02T16:51:00Z,KZ-TR-001,43.260,76.947,65280,0xf8,0x2a,0x00,0x00
2026-06-02T16:52:00Z,KZ-TR-001,43.256,76.945,65265,0x00,0x00,0x60,0x02
2026-06-02T16:52:00Z,KZ-TR-001,43.256,76.945,65266,0x00,0x5c,0x03,0x00
2026-06-02T16:52:00Z,KZ-TR-001,43.256,76.945,65280,0xf8,0x2a,0x00,0x00
2026-06-02T16:53:00Z,KZ-TR-001,43.263,76.946,65265,0x00,0x00,0x60,0x02
2026-06-02T16:53:00Z,KZ-TR-001,43.263,76.946,65266,0x00,0x5c,0x03,0x00
2026-06-02T16:53:00Z,KZ-TR-001,43.263,76.946,65280,0xf8,0x2a,0x00,0x00
2026-06-02T16:54:00Z,KZ-TR-001,43.256,76.942,65265,0x00,0x00,0x60,0x02
2026-06-02T16:54:00Z,KZ-TR-001,43.256,76.942,65266,0x00,0x5c,0x03,0x00
2026-06-02T16:54:00Z,KZ-TR-001,43.256,76.942,65280,0xf8,0x2a,0x00,0x00
2026-06-02T16:55:00Z,KZ-TR-001,43.260,76.948,65265,0x00,0x00,0x60,0x02
2026-06-02T16:55:00Z,KZ-TR-001,43.260,76.948,65266,0x00,0x5c,0x03,0x00
2026-06-02T16:55:00Z,KZ-TR-001,43.260,76.948,65280,0xf8,0x2a,0x00,0x00
2026-06-02T16:56:00Z,KZ-TR-001,43.261,76.941,65265,0x00,0x00,0x60,0x02
2026-06-02T16:56:00Z,KZ-TR-001,43.261,76.941,65266,0x00,0x5c,0x03,0x00
2026-06-02T16:56:00Z,KZ-TR-001,43.261,76.941,65280,0xf8,0x2a,0x00,0x00
2026-06-02T16:57:00Z,KZ-TR-001,43.261,76.940,65265,0x00,0x00,0x60,0x02
2026-06-02T16:57:00Z,KZ-TR-001,43.261,76.940,65266,0x00,0x5c,0x03,0x00
2026-06-02T16:57:00Z,KZ-TR-001,43.261,76.940,65280,0xf8,0x2a,0x00,0x00
2026-06-02T16:58:00Z,KZ-TR-001,43.255,76.946,65265,0x00,0x00,0x60,0x02
2026-06-02T16:58:00Z,KZ-TR-001,43.255,76.946,65266,0x00,0x5c,0x03,0x00
2026-06-02T16:58:00Z,KZ-TR-001,43.255,76.946,65280,0xf8,0x2a,0x00,0x00
2026-06-02T16:59:00Z,KZ-TR-001,43.256,76.947,65265,0x00,0x00,0x60,0x02
2026-06-02T16:59:00Z,KZ-TR-001,43.256,76.947,65266,0x00,0x5c,0x03,0x00
2026-06-02T16:59:00Z,KZ-TR-001,43.256,76.947,65280,0xf8,0x2a,0x00,0x00
2026-06-02T17:00:00Z,KZ-TR-001,43.260,76.944,65265,0x00,0x00,0x60,0x02
2026-06-02T17:00:00Z,KZ-TR-001,43.260,76.944,65266,0x00,0x5c,0x03,0x00
2026-06-02T17:00:00Z,KZ-TR-001,43.260,76.944,65280,0xf8,0x2a,0x00,0x00
2026-06-02T17:01:00Z,KZ-TR-001,43.262,76.942,65265,0x00,0x00,0x60,0x02
2026-06-02T17:01:00Z,KZ-TR-001,43.262,76.942,65266,0x00,0x5c,0x03,0x00
2026-06-02T17:01:00Z,KZ-TR-001,43.262,76.942,65280,0xf8,0x2a,0x00,0x00
2026-06-02T17:02:00Z,KZ-TR-001,43.255,76.941,65265,0x00,0x00,0x60,0x02
2026-06-02T17:02:00Z,KZ-TR-001,43.255,76.941,65266,0x00,0x5c,0x03,0x00
2026-06-02T17:02:00Z,KZ-TR-001,43.255,76.941,65280,0xf8,0x2a,0x00,0x00
2026-06-02T17:03:00Z,KZ-TR-001,43.265,76.945,65265,0x00,0x00,0x60,0x02
2026-06-02T17:03:00Z,KZ-TR-001,43.265,76.945,65266,0x00,0x5c,0x03,0x00
2026-06-02T17:03:00Z,KZ-TR-001,43.265,76.945,65280,0xf8,0x2a,0x00,0x00
2026-06-02T17:04:00Z,KZ-TR-001,43.264,76.944,65265,0x00,0x00,0x60,0x02
2026-06-02T17:04:00Z,KZ-TR-001,43.264,76.944,65266,0x00,0x5c,0x03,0x00
2026-06-02T17:04:00Z,KZ-TR-001,43.264,76.944,65280,0xf8,0x2a,0x00,0x00
2026-06-02T17:05:00Z,KZ-TR-001,43.259,76.946,65265,0x00,0x00,0x60,0x02
2026-06-02T17:05:00Z,KZ-TR-001,43.259,76.946,65266,0x00,0x5c,0x03,0x00
2026-06-02T17:05:00Z,KZ-TR-001,43.259,76.946,65280,0xf8,0x2a,0x00,0x00
2026-06-02T17:06:00Z,KZ-TR-001,43.262,76.945,65265,0x00,0x00,0x60,0x02
2026-06-02T17:06:00Z,KZ-TR-001,43.262,76.945,65266,0x00,0x5c,0x03,0x00
2026-06-02T17:06:00Z,KZ-TR-001,43.262,76.945,65280,0xf8,0x2a,0x00,0x00
2026-06-02T17:07:00Z,KZ-TR-001,43.262,76.941,65265,0x00,0x00,0x60,0x02
2026-06-02T17:07:00Z,KZ-TR-001,43.262,76.941,65266,0x00,0x5c,0x03,0x00
2026-06-02T17:07:00Z,KZ-TR-001,43.262,76.941,65280,0xf8,0x2a,0x00,0x00
2026-06-02T17:08:00Z,KZ-TR-001,43.258,76.944,65265,0x00,0x00,0x60,0x02
2026-06-02T17:08:00Z,KZ-TR-001,43.258,76.944,65266,0x00,0x5c,0x03,0x00
2026-06-02T17:08:00Z,KZ-TR-001,43.258,76.944,65280,0xf8,0x2a,0x00,0x00
2026-06-02T17:09:00Z,KZ-TR-001,43.264,76.946,65265,0x00,0x00,0x60,0x02
2026-06-02T17:09:00Z,KZ-TR-001,43.264,76.946,65266,0x00,0x5c,0x03,0x00
2026-06-02T17:09:00Z,KZ-TR-001,43.264,76.946,65280,0xf8,0x2a,0x00,0x00
2026-06-02T17:10:00Z,KZ-TR-001,43.258,76.944,65265,0x00,0x00,0x60,0x02
2026-06-02T17:10:00Z,KZ-TR-001,43.258,76.944,65266,0x00,0x5c,0x03,0x00
2026-06-02T17:10:00Z,KZ-TR-001,43.258,76.944,65280,0xf8,0x2a,0x00,0x00
2026-06-02T17:11:00Z,KZ-TR-001,43.256,76.943,65265,0x00,0x00,0x60,0x02
2026-06-02T17:11:00Z,KZ-TR-001,43.256,76.943,65266,0x00,0x5c,0x03,0x00
2026-06-02T17:11:00Z,KZ-TR-001,43.256,76.943,65280,0xf8,0x2a,0x00,0x00
2026-06-02T17:12:00Z,KZ-TR-001,43.262,76.942,65265,0x00,0x00,0x60,0x02
2026-06-02T17:12:00Z,KZ-TR-001,43.262,76.942,65266,0x00,0x5c,0x03,0x00
2026-06-02T17:12:00Z,KZ-TR-001,43.262,76.942,65280,0xf8,0x2a,0x00,0x00
2026-06-02T17:13:00Z,KZ-TR-001,43.257,76.942,65265,0x00,0x00,0x60,0x02
2026-06-02T17:13:00Z,KZ-TR-001,43.257,76.942,65266,0x00,0x5c,0x03,0x00
2026-06-02T17:13:00Z,KZ-TR-001,43.257,76.942,65280,0xf8,0x2a,0x00,0x00
2026-06-02T17:14:00Z,KZ-TR-001,43.265,76.944,65265,0x00,0x00,0x60,0x02
2026-06-02T17:14:00Z,KZ-TR-001,43.265,76.944,65266,0x00,0x5c,0x03,0x00
2026-06-02T17:14:00Z,KZ-TR-001,43.265,76.944,65280,0xf8,0x2a,0x00,0x00
2026-06-02T17:15:00Z,KZ-TR-001,43.257,76.944,65265,0x00,0x00,0x60,0x02
2026-06-02T17:15:00Z,KZ-TR-001,43.257,76.944,65266,0x00,0x5c,0x03,0x00
2026-06-02T17:15:00Z,KZ-TR-001,43.257,76.944,65280,0xf8,0x2a,0x00,0x00
2026-06-02T17:16:00Z,KZ-TR-001,43.257,76.949,65265,0x00,0x00,0x60,0x02
2026-06-02T17:16:00Z,KZ-TR-001,43.257,76.949,65266,0x00,0x5c,0x03,0x00
2026-06-02T17:16:00Z,KZ-TR-001,43.257,76.949,65280,0xf8,0x2a,0x00,0x00
2026-06-02T17:17:00Z,KZ-TR-001,43.265,76.941,65265,0x00,0x00,0x60,0x02
2026-06-02T17:17:00Z,KZ-TR-001,43.265,76.941,65266,0x00,0x5c,0x03,0x00
2026-06-02T17:17:00Z,KZ-TR-001,43.265,76.941,65280,0xf8,0x2a,0x00,0x00
2026-06-02T17:18:00Z,KZ-TR-001,43.258,76.946,65265,0x00,0x00,0x60,0x02
2026-06-02T17:18:00Z,KZ-TR-001,43.258,76.946,65266,0x00,0x5c,0x03,0x00
2026-06-02T17:18:00Z,KZ-TR-001,43.258,76.946,65280,0xf8,0x2a,0x00,0x00
2026-06-02T17:19:00Z,KZ-TR-001,43.260,76.947,65265,0x00,0x00,0x60,0x02
2026-06-02T17:19:00Z,KZ-TR-001,43.260,76.947,65266,0x00,0x5c,0x03,0x00
2026-06-02T17:19:00Z,KZ-TR-001,43.260,76.947,65280,0xf8,0x2a,0x00,0x00
2026-06-02T17:20:00Z,KZ-TR-001,43.257,76.946,65265,0x00,0x00,0x60,0x02
2026-06-02T17:20:00Z,KZ-TR-001,43.257,76.946,65266,0x00,0x5c,0x03,0x00
2026-06-02T17:20:00Z,KZ-TR-001,43.257,76.946,65280,0xf8,0x2a,0x00,0x00
2026-06-02T17:21:00Z,KZ-TR-001,43.260,76.945,65265,0x00,0x00,0x60,0x02
2026-06-02T17:21:00Z,KZ-TR-001,43.260,76.945,65266,0x00,0x5c,0x03,0x00
2026-06-02T17:21:00Z,KZ-TR-001,43.260,76.945,65280,0xf8,0x2a,0x00,0x00
2026-06-02T17:22:00Z,KZ-TR-001,43.258,76.940,65265,0x00,0x00,0x60,0x02
2026-06-02T17:22:00Z,KZ-TR-001,43.258,76.940,65266,0x00,0x5c,0x03,0x00
2026-06-02T17:22:00Z,KZ-TR-001,43.258,76.940,65280,0xf8,0x2a,0x00,0x00
2026-06-02T17:23:00Z,KZ-TR-001,43.257,76.943,65265,0x00,0x00,0x60,0x02
2026-06-02T17:23:00Z,KZ-TR-001,43.257,76.943,65266,0x00,0x5c,0x03,0x00
2026-06-02T17:23:00Z,KZ-TR-001,43.257,76.943,65280,0xf8,0x2a,0x00,0x00
2026-06-02T17:24:00Z,KZ-TR-001,43.264,76.949,65265,0x00,0x00,0x60,0x02
2026-06-02T17:24:00Z,KZ-TR-001,43.264,76.949,65266,0x00,0x5c,0x03,0x00
2026-06-02T17:24:00Z,KZ-TR-001,43.264,76.949,65280,0xf8,0x2a,0x00,0x00
2026-06-02T17:25:00Z,KZ-TR-001,43.256,76.949,65265,0x00,0x00,0x60,0x02
2026-06-02T17:25:00Z,KZ-TR-001,43.256,76.949,65266,0x00,0x5c,0x03,0x00
2026-06-02T17:25:00Z,KZ-TR-001,43.256,76.949,65280,0xf8,0x2a,0x00,0x00
2026-06-02T17:26:00Z,KZ-TR-001,43.263,76.949,65265,0x00,0x00,0x60,0x02
2026-06-02T17:26:00Z,KZ-TR-001,43.263,76.949,65266,0x00,0x5c,0x03,0x00
2026-06-02T17:26:00Z,KZ-TR-001,43.263,76.949,65280,0xf8,0x2a,0x00,0x00
2026-06-02T17:27:00Z,KZ-TR-001,43.262,76.943,65265,0x00,0x00,0x60,0x02
2026-06-02T17:27:00Z,KZ-TR-001,43.262,76.943,65266,0x00,0x5c,0x03,0x00
2026-06-02T17:27:00Z,KZ-TR-001,43.262,76.943,65280,0xf8,0x2a,0x00,0x00
2026-06-02T17:28:00Z,KZ-TR-001,43.263,76.945,65265,0x00,0x00,0x60,0x02
2026-06-02T17:28:00Z,KZ-TR-001,43.263,76.945,65266,0x00,0x5c,0x03,0x00
2026-06-02T17:28:00Z,KZ-TR-001,43.263,76.945,65280,0xf8,0x2a,0x00,0x00
2026-06-02T17:29:00Z,KZ-TR-001,43.261,76.944,65265,0x00,0x00,0x60,0x02
2026-06-02T17:29:00Z,KZ-TR-001,43.261,76.944,65266,0x00,0x5c,0x03,0x00
2026-06-02T17:29:00Z,KZ-TR-001,43.261,76.944,65280,0xf8,0x2a,0x00,0x00
2026-06-02T17:30:00Z,KZ-TR-001,43.264,76.945,65265,0x00,0x00,0x60,0x02
2026-06-02T17:30:00Z,KZ-TR-001,43.264,76.945,65266,0x00,0x5c,0x03,0x00
2026-06-02T17:30:00Z,KZ-TR-001,43.264,76.945,65280,0xf8,0x2a,0x00,0x00
2026-06-02T17:31:00Z,KZ-TR-001,43.260,76.943,65265,0x00,0x00,0x60,0x02
2026-06-02T17:31:00Z,KZ-TR-001,43.260,76.943,65266,0x00,0x5c,0x03,0x00
2026-06-02T17:31:00Z,KZ-TR-001,43.260,76.943,65280,0xf8,0x2a,0x00,0x00
2026-06-02T17:32:00Z,KZ-TR-001,43.263,76.944,65265,0x00,0x00,0x60,0x02
2026-06-02T17:32:00Z,KZ-TR-001,43.263,76.944,65266,0x00,0x5c,0x03,0x00
2026-06-02T17:32:00Z,KZ-TR-001,43.263,76.944,65280,0xf8,0x2a,0x00,0x00
2026-06-02T17:33:00Z,KZ-TR-001,43.259,76.948,65265,0x00,0x00,0x60,0x02
2026-06-02T17:33:00Z,KZ-TR-001,43.259,76.948,65266,0x00,0x5c,0x03,0x00
2026-06-02T17:33:00Z,KZ-TR-001,43.259,76.948,65280,0xf8,0x2a,0x00,0x00
2026-06-02T17:34:00Z,KZ-TR-001,43.258,76.943,65265,0x00,0x00,0x60,0x02
2026-06-02T17:34:00Z,KZ-TR-001,43.258,76.943,65266,0x00,0x5c,0x03,0x00
2026-06-02T17:34:00Z,KZ-TR-001,43.258,76.943,65280,0xf8,0x2a,0x00,0x00
2026-06-02T17:35:00Z,KZ-TR-001,43.258,76.947,65265,0x00,0x00,0x60,0x02
2026-06-02T17:35:00Z,KZ-TR-001,43.258,76.947,65266,0x00,0x5c,0x03,0x00
2026-06-02T17:35:00Z,KZ-TR-001,43.258,76.947,65280,0xf8,0x2a,0x00,0x00
2026-06-02T17:36:00Z,KZ-TR-001,43.259,76.945,65265,0x00,0x00,0x60,0x02
2026-06-02T17:36:00Z,KZ-TR-001,43.259,76.945,65266,0x00,0x5c,0x03,0x00
2026-06-02T17:36:00Z,KZ-TR-001,43.259,76.945,65280,0xf8,0x2a,0x00,0x00
2026-06-02T17:37:00Z,KZ-TR-001,43.258,76.949,65265,0x00,0x00,0x60,0x02
2026-06-02T17:37:00Z,KZ-TR-001,43.258,76.949,65266,0x00,0x5c,0x03,0x00
2026-06-02T17:37:00Z,KZ-TR-001,43.258,76.949,65280,0xf8,0x2a,0x00,0x00
2026-06-02T17:38:00Z,KZ-TR-001,43.258,76.950,65265,0x00,0x00,0x60,0x02
2026-06-02T17:38:00Z,KZ-TR-001,43.258,76.950,65266,0x00,0x5c,0x03,0x00
2026-06-02T17:38:00Z,KZ-TR-001,43.258,76.950,65280,0xf8,0x2a,0x00,0x00
2026-06-02T17:39:00Z,KZ-TR-001,43.255,76.940,65265,0x00,0x00,0x60,0x02
2026-06-02T17:39:00Z,KZ-TR-001,43.255,76.940,65266,0x00,0x5c,0x03,0x00
2026-06-02T17:39:00Z,KZ-TR-001,43.255,76.940,65280,0xf8,0x2a,0x00,0x00
2026-06-02T17:40:00Z,KZ-TR-001,43.259,76.943,65265,0x00,0x00,0x60,0x02
2026-06-02T17:40:00Z,KZ-TR-001,43.259,76.943,65266,0x00,0x5c,0x03,0x00
2026-06-02T17:40:00Z,KZ-TR-001,43.259,76.943,65280,0xf8,0x2a,0x00,0x00
2026-06-02T17:41:00Z,KZ-TR-001,43.262,76.946,65265,0x00,0x00,0x60,0x02
2026-06-02T17:41:00Z,KZ-TR-001,43.262,76.946,65266,0x00,0x5c,0x03,0x00
2026-06-02T17:41:00Z,KZ-TR-001,43.262,76.946,65280,0xf8,0x2a,0x00,0x00
2026-06-02T17:42:00Z,KZ-TR-001,43.264,76.946,65265,0x00,0x00,0x60,0x02
2026-06-02T17:42:00Z,KZ-TR-001,43.264,76.946,65266,0x00,0x5c,0x03,0x00
2026-06-02T17:42:00Z,KZ-TR-001,43.264,76.946,65280,0xf8,0x2a,0x00,0x00
2026-06-02T17:43:00Z,KZ-TR-001,43.264,76.942,65265,0x00,0x00,0x60,0x02
2026-06-02T17:43:00Z,KZ-TR-001,43.264,76.942,65266,0x00,0x5c,0x03,0x00
2026-06-02T17:43:00Z,KZ-TR-001,43.264,76.942,65280,0xf8,0x2a,0x00,0x00
2026-06-02T17:44:00Z,KZ-TR-001,43.259,76.940,65265,0x00,0x00,0x60,0x02
2026-06-02T17:44:00Z,KZ-TR-001,43.259,76.940,65266,0x00,0x5c,0x03,0x00
2026-06-02T17:44:00Z,KZ-TR-001,43.259,76.940,65280,0xf8,0x2a,0x00,0x00
2026-06-02T17:45:00Z,KZ-TR-001,43.259,76.944,65265,0x00,0x00,0x60,0x02
2026-06-02T17:45:00Z,KZ-TR-001,43.259,76.944,65266,0x00,0x5c,0x03,0x00
2026-06-02T17:45:00Z,KZ-TR-001,43.259,76.944,65280,0xf8,0x2a,0x00,0x00
2026-06-02T17:46:00Z,KZ-TR-001,43.260,76.942,65265,0x00,0x00,0x60,0x02
2026-06-02T17:46:00Z,KZ-TR-001,43.260,76.942,65266,0x00,0x5c,0x03,0x00
2026-06-02T17:46:00Z,KZ-TR-001,43.260,76.942,65280,0xf8,0x2a,0x00,0x00
2026-06-02T17:47:00Z,KZ-TR-001,43.258,76.948,65265,0x00,0x00,0x60,0x02
2026-06-02T17:47:00Z,KZ-TR-001,43.258,76.948,65266,0x00,0x5c,0x03,0x00
2026-06-02T17:47:00Z,KZ-TR-001,43.258,76.948,65280,0xf8,0x2a,0x00,0x00
2026-06-02T17:48:00Z,KZ-TR-001,43.263,76.943,65265,0x00,0x00,0x60,0x02
2026-06-02T17:48:00Z,KZ-TR-001,43.263,76.943,65266,0x00,0x5c,0x03,0x00
2026-06-02T17:48:00Z,KZ-TR-001,43.263,76.943,65280,0xf8,0x2a,0x00,0x00
2026-06-02T17:49:00Z,KZ-TR-001,43.263,76.944,65265,0x00,0x00,0x60,0x02
2026-06-02T17:49:00Z,KZ-TR-001,43.263,76.944,65266,0x00,0x5c,0x03,0x00
2026-06-02T17:49:00Z,KZ-TR-001,43.263,76.944,65280,0xf8,0x2a,0x00,0x00
2026-06-02T17:50:00Z,KZ-TR-001,43.255,76.946,65265,0x00,0x00,0x60,0x02
2026-06-02T17:50:00Z,KZ-TR-001,43.255,76.946,65266,0x00,0x5c,0x03,0x00
2026-06-02T17:50:00Z,KZ-TR-001,43.255,76.946,65280,0xf8,0x2a,0x00,0x00
2026-06-02T17:51:00Z,KZ-TR-001,43.264,76.945,65265,0x00,0x00,0x60,0x02
2026-06-02T17:51:00Z,KZ-TR-001,43.264,76.945,65266,0x00,0x5c,0x03,0x00
2026-06-02T17:51:00Z,KZ-TR-001,43.264,76.945,65280,0xf8,0x2a,0x00,0x00
2026-06-02T17:52:00Z,KZ-TR-001,43.259,76.944,65265,0x00,0x00,0x60,0x02
2026-06-02T17:52:00Z,KZ-TR-001,43.259,76.944,65266,0x00,0x5c,0x03,0x00
2026-06-02T17:52:00Z,KZ-TR-001,43.259,76.944,65280,0xf8,0x2a,0x00,0x00
2026-06-02T17:53:00Z,KZ-TR-001,43.257,76.943,65265,0x00,0x00,0x60,0x02
2026-06-02T17:53:00Z,KZ-TR-001,43.257,76.943,65266,0x00,0x5c,0x03,0x00
2026-06-02T17:53:00Z,KZ-TR-001,43.257,76.943,65280,0xf8,0x2a,0x00,0x00
2026-06-02T17:54:00Z,KZ-TR-001,43.263,76.949,65265,0x00,0x00,0x60,0x02
2026-06-02T17:54:00Z,KZ-TR-001,43.263,76.949,65266,0x00,0x5c,0x03,0x00
2026-06-02T17:54:00Z,KZ-TR-001,43.263,76.949,65280,0xf8,0x2a,0x00,0x00
2026-06-02T17:55:00Z,KZ-TR-001,43.258,76.942,65265,0x00,0x00,0x60,0x02
2026-06-02T17:55:00Z,KZ-TR-001,43.258,76.942,65266,0x00,0x5c,0x03,0x00
2026-06-02T17:55:00Z,KZ-TR-001,43.258,76.942,65280,0xf8,0x2a,0x00,0x00
2026-06-02T17:56:00Z,KZ-TR-001,43.257,76.943,65265,0x00,0x00,0x60,0x02
2026-06-02T17:56:00Z,KZ-TR-001,43.257,76.943,65266,0x00,0x5c,0x03,0x00
2026-06-02T17:56:00Z,KZ-TR-001,43.257,76.943,65280,0xf8,0x2a,0x00,0x00
2026-06-02T17:57:00Z,KZ-TR-001,43.259,76.948,65265,0x00,0x00,0x60,0x02
2026-06-02T17:57:00Z,KZ-TR-001,43.259,76.948,65266,0x00,0x5c,0x03,0x00
2026-06-02T17:57:00Z,KZ-TR-001,43.259,76.948,65280,0xf8,0x2a,0x00,0x00
2026-06-02T17:58:00Z,KZ-TR-001,43.259,76.940,65265,0x00,0x00,0x60,0x02
2026-06-02T17:58:00Z,KZ-TR-001,43.259,76.940,65266,0x00,0x5c,0x03,0x00
2026-06-02T17:58:00Z,KZ-TR-001,43.259,76.940,65280,0xf8,0x2a,0x00,0x00
2026-06-02T17:59:00Z,KZ-TR-001,43.265,76.949,65265,0x00,0x00,0x60,0x02
2026-06-02T17:59:00Z,KZ-TR-001,43.265,76.949,65266,0x00,0x5c,0x03,0x00
2026-06-02T17:59:00Z,KZ-TR-001,43.265,76.949,65280,0xf8,0x2a,0x00,0x00
2026-06-03T08:00:00Z,KZ-TR-001,43.260,76.940,65265,0x00,0x00,0x80,0x02
2026-06-03T08:00:00Z,KZ-TR-001,43.260,76.940,65266,0x00,0x98,0x03,0x00
2026-06-03T08:00:00Z,KZ-TR-001,43.260,76.940,65280,0xe0,0x2e,0x00,0x00
2026-06-03T08:01:00Z,KZ-TR-001,43.261,76.948,65265,0x00,0x00,0x80,0x02
2026-06-03T08:01:00Z,KZ-TR-001,43.261,76.948,65266,0x00,0x98,0x03,0x00
2026-06-03T08:01:00Z,KZ-TR-001,43.261,76.948,65280,0xe0,0x2e,0x00,0x00
2026-06-03T08:02:00Z,KZ-TR-001,43.259,76.950,65265,0x00,0x00,0x80,0x02
2026-06-03T08:02:00Z,KZ-TR-001,43.259,76.950,65266,0x00,0x98,0x03,0x00
2026-06-03T08:02:00Z,KZ-TR-001,43.259,76.950,65280,0xe0,0x2e,0x00,0x00
2026-06-03T08:03:00Z,KZ-TR-001,43.263,76.947,65265,0x00,0x00,0x80,0x02
2026-06-03T08:03:00Z,KZ-TR-001,43.263,76.947,65266,0x00,0x98,0x03,0x00
2026-06-03T08:03:00Z,KZ-TR-001,43.263,76.947,65280,0xe0,0x2e,0x00,0x00
2026-06-03T08:04:00Z,KZ-TR-001,43.259,76.941,65265,0x00,0x00,0x80,0x02
2026-06-03T08:04:00Z,KZ-TR-001,43.259,76.941,65266,0x00,0x98,0x03,0x00
2026-06-03T08:04:00Z,KZ-TR-001,43.259,76.941,65280,0xe0,0x2e,0x00,0x00
2026-06-03T08:05:00Z,KZ-TR-001,43.264,76.948,65265,0x00,0x00,0x80,0x02
2026-06-03T08:05:00Z,KZ-TR-001,43.264,76.948,65266,0x00,0x98,0x03,0x00
2026-06-03T08:05:00Z,KZ-TR-001,43.264,76.948,65280,0xe0,0x2e,0x00,0x00
2026-06-03T08:06:00Z,KZ-TR-001,43.260,76.945,65265,0x00,0x00,0x80,0x02
2026-06-03T08:06:00Z,KZ-TR-001,43.260,76.945,65266,0x00,0x98,0x03,0x00
2026-06-03T08:06:00Z,KZ-TR-001,43.260,76.945,65280,0xe0,0x2e,0x00,0x00
2026-06-03T08:07:00Z,KZ-TR-001,43.261,76.948,65265,0x00,0x00,0x80,0x02
2026-06-03T08:07:00Z,KZ-TR-001,43.261,76.948,65266,0x00,0x98,0x03,0x00
2026-06-03T08:07:00Z,KZ-TR-001,43.261,76.948,65280,0xe0,0x2e,0x00,0x00
2026-06-03T08:08:00Z,KZ-TR-001,43.255,76.945,65265,0x00,0x00,0x80,0x02
2026-06-03T08:08:00Z,KZ-TR-001,43.255,76.945,65266,0x00,0x98,0x03,0x00
2026-06-03T08:08:00Z,KZ-TR-001,43.255,76.945,65280,0xe0,0x2e,0x00,0x00
2026-06-03T08:09:00Z,KZ-TR-001,43.258,76.942,65265,0x00,0x00,0x80,0x02
2026-06-03T08:09:00Z,KZ-TR-001,43.258,76.942,65266,0x00,0x98,0x03,0x00
2026-06-03T08:09:00Z,KZ-TR-001,43.258,76.942,65280,0xe0,0x2e,0x00,0x00
2026-06-03T08:10:00Z,KZ-TR-001,43.262,76.945,65265,0x00,0x00,0x80,0x02
2026-06-03T08:10:00Z,KZ-TR-001,43.262,76.945,65266,0x00,0x98,0x03,0x00
2026-06-03T08:10:00Z,KZ-TR-001,43.262,76.945,65280,0xe0,0x2e,0x00,0x00
2026-06-03T08:11:00Z,KZ-TR-001,43.258,76.943,65265,0x00,0x00,0x80,0x02
2026-06-03T08:11:00Z,KZ-TR-001,43.258,76.943,65266,0x00,0x98,0x03,0x00
2026-06-03T08:11:00Z,KZ-TR-001,43.258,76.943,65280,0xe0,0x2e,0x00,0x00
2026-06-03T08:12:00Z,KZ-TR-001,43.263,76.944,65265,0x00,0x00,0x80,0x02
2026-06-03T08:12:00Z,KZ-TR-001,43.263,76.944,65266,0x00,0x98,0x03,0x00
2026-06-03T08:12:00Z,KZ-TR-001,43.263,76.944,65280,0xe0,0x2e,0x00,0x00
2026-06-03T08:13:00Z,KZ-TR-001,43.259,76.947,65265,0x00,0x00,0x80,0x02
2026-06-03T08:13:00Z,KZ-TR-001,43.259,76.947,65266,0x00,0x98,0x03,0x00
2026-06-03T08:13:00Z,KZ-TR-001,43.259,76.947,65280,0xe0,0x2e,0x00,0x00
2026-06-03T08:14:00Z,KZ-TR-001,43.257,76.946,65265,0x00,0x00,0x80,0x02
2026-06-03T08:14:00Z,KZ-TR-001,43.257,76.946,65266,0x00,0x98,0x03,0x00
2026-06-03T08:14:00Z,KZ-TR-001,43.257,76.946,65280,0xe0,0x2e,0x00,0x00
2026-06-03T08:15:00Z,KZ-TR-001,43.258,76.947,65265,0x00,0x00,0x80,0x02
2026-06-03T08:15:00Z,KZ-TR-001,43.258,76.947,65266,0x00,0x98,0x03,0x00
2026-06-03T08:15:00Z,KZ-TR-001,43.258,76.947,65280,0xe0,0x2e,0x00,0x00
2026-06-03T08:16:00Z,KZ-TR-001,43.259,76.945,65265,0x00,0x00,0x80,0x02
2026-06-03T08:16:00Z,KZ-TR-001,43.259,76.945,65266,0x00,0x98,0x03,0x00
2026-06-03T08:16:00Z,KZ-TR-001,43.259,76.945,65280,0xe0,0x2e,0x00,0x00
2026-06-03T08:17:00Z,KZ-TR-001,43.257,76.948,65265,0x00,0x00,0x80,0x02
2026-06-03T08:17:00Z,KZ-TR-001,43.257,76.948,65266,0x00,0x98,0x03,0x00
2026-06-03T08:17:00Z,KZ-TR-001,43.257,76.948,65280,0xe0,0x2e,0x00,0x00
2026-06-03T08:18:00Z,KZ-TR-001,43.257,76.945,65265,0x00,0x00,0x80,0x02
2026-06-03T08:18:00Z,KZ-TR-001,43.257,76.945,65266,0x00,0x98,0x03,0x00
2026-06-03T08:18:00Z,KZ-TR-001,43.257,76.945,65280,0xe0,0x2e,0x00,0x00
2026-06-03T08:19:00Z,KZ-TR-001,43.260,76.947,65265,0x00,0x00,0x80,0x02
2026-06-03T08:19:00Z,KZ-TR-001,43.260,76.947,65266,0x00,0x98,0x03,0x00
2026-06-03T08:19:00Z,KZ-TR-001,43.260,76.947,65280,0xe0,0x2e,0x00,0x00
2026-06-03T08:20:00Z,KZ-TR-001,43.258,76.950,65265,0x00,0x00,0x80,0x02
2026-06-03T08:20:00Z,KZ-TR-001,43.258,76.950,65266,0x00,0x98,0x03,0x00
2026-06-03T08:20:00Z,KZ-TR-001,43.258,76.950,65280,0xe0,0x2e,0x00,0x00
2026-06-03T08:21:00Z,KZ-TR-001,43.258,76.942,65265,0x00,0x00,0x80,0x02
2026-06-03T08:21:00Z,KZ-TR-001,43.258,76.942,65266,0x00,0x98,0x03,0x00
2026-06-03T08:21:00Z,KZ-TR-001,43.258,76.942,65280,0xe0,0x2e,0x00,0x00
2026-06-03T08:22:00Z,KZ-TR-001,43.260,76.943,65265,0x00,0x00,0x80,0x02
2026-06-03T08:22:00Z,KZ-TR-001,43.260,76.943,65266,0x00,0x98,0x03,0x00
2026-06-03T08:22:00Z,KZ-TR-001,43.260,76.943,65280,0xe0,0x2e,0x00,0x00
2026-06-03T08:23:00Z,KZ-TR-001,43.264,76.945,65265,0x00,0x00,0x80,0x02
2026-06-03T08:23:00Z,KZ-TR-001,43.264,76.945,65266,0x00,0x98,0x03,0x00
2026-06-03T08:23:00Z,KZ-TR-001,43.264,76.945,65280,0xe0,0x2e,0x00,0x00
2026-06-03T08:24:00Z,KZ-TR-001,43.265,76.940,65265,0x00,0x00,0x80,0x02
2026-06-03T08:24:00Z,KZ-TR-001,43.265,76.940,65266,0x00,0x98,0x03,0x00
2026-06-03T08:24:00Z,KZ-TR-001,43.265,76.940,65280,0xe0,0x2e,0x00,0x00
2026-06-03T08:25:00Z,KZ-TR-001,43.264,76.949,65265,0x00,0x00,0x80,0x02
2026-06-03T08:25:00Z,KZ-TR-001,43.264,76.949,65266,0x00,0x98,0x03,0x00
2026-06-03T08:25:00Z,KZ-TR-001,43.264,76.949,65280,0xe0,0x2e,0x00,0x00
2026-06-03T08:26:00Z,KZ-TR-001,43.257,76.940,65265,0x00,0x00,0x80,0x02
2026-06-03T08:26:00Z,KZ-TR-001,43.257,76.940,65266,0x00,0x98,0x03,0x00
2026-06-03T08:26:00Z,KZ-TR-001,43.257,76.940,65280,0xe0,0x2e,0x00,0x00
2026-06-03T08:27:00Z,KZ-TR-001,43.263,76.941,65265,0x00,0x00,0x80,0x02
2026-06-03T08:27:00Z,KZ-TR-001,43.263,76.941,65266,0x00,0x98,0x03,0x00
2026-06-03T08:27:00Z,KZ-TR-001,43.263,76.941,65280,0xe0,0x2e,0x00,0x00
2026-06-03T08:28:00Z,KZ-TR-001,43.256,76.944,65265,0x00,0x00,0x80,0x02
2026-06-03T08:28:00Z,KZ-TR-001,43.256,76.944,65266,0x00,0x98,0x03,0x00
2026-06-03T08:28:00Z,KZ-TR-001,43.256,76.944,65280,0xe0,0x2e,0x00,0x00
2026-06-03T08:29:00Z,KZ-TR-001,43.262,76.944,65265,0x00,0x00,0x80,0x02
2026-06-03T08:29:00Z,KZ-TR-001,43.262,76.944,65266,0x00,0x98,0x03,0x00
2026-06-03T08:29:00Z,KZ-TR-001,43.262,76.944,65280,0xe0,0x2e,0x00,0x00
2026-06-03T08:30:00Z,KZ-TR-001,43.259,76.941,65265,0x00,0x00,0x80,0x02
2026-06-03T08:30:00Z,KZ-TR-001,43.259,76.941,65266,0x00,0x98,0x03,0x00
2026-06-03T08:30:00Z,KZ-TR-001,43.259,76.941,65280,0xe0,0x2e,0x00,0x00
2026-06-03T08:31:00Z,KZ-TR-001,43.263,76.949,65265,0x00,0x00,0x80,0x02
2026-06-03T08:31:00Z,KZ-TR-001,43.263,76.949,65266,0x00,0x98,0x03,0x00
2026-06-03T08:31:00Z,KZ-TR-001,43.263,76.949,65280,0xe0,0x2e,0x00,0x00
2026-06-03T08:32:00Z,KZ-TR-001,43.257,76.949,65265,0x00,0x00,0x80,0x02
2026-06-03T08:32:00Z,KZ-TR-001,43.257,76.949,65266,0x00,0x98,0x03,0x00
2026-06-03T08:32:00Z,KZ-TR-001,43.257,76.949,65280,0xe0,0x2e,0x00,0x00
2026-06-03T08:33:00Z,KZ-TR-001,43.261,76.948,65265,0x00,0x00,0x80,0x02
2026-06-03T08:33:00Z,KZ-TR-001,43.261,76.948,65266,0x00,0x98,0x03,0x00
2026-06-03T08:33:00Z,KZ-TR-001,43.261,76.948,65280,0xe0,0x2e,0x00,0x00
2026-06-03T08:34:00Z,KZ-TR-001,43.263,76.945,65265,0x00,0x00,0x80,0x02
2026-06-03T08:34:00Z,KZ-TR-001,43.263,76.945,65266,0x00,0x98,0x03,0x00
2026-06-03T08:34:00Z,KZ-TR-001,43.263,76.945,65280,0xe0,0x2e,0x00,0x00
2026-06-03T08:35:00Z,KZ-TR-001,43.259,76.949,65265,0x00,0x00,0x80,0x02
2026-06-03T08:35:00Z,KZ-TR-001,43.259,76.949,65266,0x00,0x98,0x03,0x00
2026-06-03T08:35:00Z,KZ-TR-001,43.259,76.949,65280,0xe0,0x2e,0x00,0x00
2026-06-03T08:36:00Z,KZ-TR-001,43.260,76.941,65265,0x00,0x00,0x80,0x02
2026-06-03T08:36:00Z,KZ-TR-001,43.260,76.941,65266,0x00,0x98,0x03,0x00
2026-06-03T08:36:00Z,KZ-TR-001,43.260,76.941,65280,0xe0,0x2e,0x00,0x00
2026-06-03T08:37:00Z,KZ-TR-001,43.259,76.944,65265,0x00,0x00,0x80,0x02
2026-06-03T08:37:00Z,KZ-TR-001,43.259,76.944,65266,0x00,0x98,0x03,0x00
2026-06-03T08:37:00Z,KZ-TR-001,43.259,76.944,65280,0xe0,0x2e,0x00,0x00
2026-06-03T08:38:00Z,KZ-TR-001,43.262,76.942,65265,0x00,0x00,0x80,0x02
2026-06-03T08:38:00Z,KZ-TR-001,43.262,76.942,65266,0x00,0x98,0x03,0x00
2026-06-03T08:38:00Z,KZ-TR-001,43.262,76.942,65280,0xe0,0x2e,0x00,0x00
2026-06-03T08:39:00Z,KZ-TR-001,43.257,76.945,65265,0x00,0x00,0x80,0x02
2026-06-03T08:39:00Z,KZ-TR-001,43.257,76.945,65266,0x00,0x98,0x03,0x00
2026-06-03T08:39:00Z,KZ-TR-001,43.257,76.945,65280,0xe0,0x2e,0x00,0x00
2026-06-03T08:40:00Z,KZ-TR-001,43.258,76.948,65265,0x00,0x00,0x80,0x02
2026-06-03T08:40:00Z,KZ-TR-001,43.258,76.948,65266,0x00,0x98,0x03,0x00
2026-06-03T08:40:00Z,KZ-TR-001,43.258,76.948,65280,0xe0,0x2e,0x00,0x00
2026-06-03T08:41:00Z,KZ-TR-001,43.256,76.947,65265,0x00,0x00,0x80,0x02
2026-06-03T08:41:00Z,KZ-TR-001,43.256,76.947,65266,0x00,0x98,0x03,0x00
2026-06-03T08:41:00Z,KZ-TR-001,43.256,76.947,65280,0xe0,0x2e,0x00,0x00
2026-06-03T08:42:00Z,KZ-TR-001,43.256,76.941,65265,0x00,0x00,0x80,0x02
2026-06-03T08:42:00Z,KZ-TR-001,43.256,76.941,65266,0x00,0x98,0x03,0x00
2026-06-03T08:42:00Z,KZ-TR-001,43.256,76.941,65280,0xe0,0x2e,0x00,0x00
2026-06-03T08:43:00Z,KZ-TR-001,43.256,76.941,65265,0x00,0x00,0x80,0x02
2026-06-03T08:43:00Z,KZ-TR-001,43.256,76.941,65266,0x00,0x98,0x03,0x00
2026-06-03T08:43:00Z,KZ-TR-001,43.256,76.941,65280,0xe0,0x2e,0x00,0x00
2026-06-03T08:44:00Z,KZ-TR-001,43.261,76.943,65265,0x00,0x00,0x80,0x02
2026-06-03T08:44:00Z,KZ-TR-001,43.261,76.943,65266,0x00,0x98,0x03,0x00
2026-06-03T08:44:00Z,KZ-TR-001,43.261,76.943,65280,0xe0,0x2e,0x00,0x00
2026-06-03T08:45:00Z,KZ-TR-001,43.258,76.942,65265,0x00,0x00,0x80,0x02
2026-06-03T08:45:00Z,KZ-TR-001,43.258,76.942,65266,0x00,0x98,0x03,0x00
2026-06-03T08:45:00Z,KZ-TR-001,43.258,76.942,65280,0xe0,0x2e,0x00,0x00
2026-06-03T08:46:00Z,KZ-TR-001,43.260,76.946,65265,0x00,0x00,0x80,0x02
2026-06-03T08:46:00Z,KZ-TR-001,43.260,76.946,65266,0x00,0x98,0x03,0x00
2026-06-03T08:46:00Z,KZ-TR-001,43.260,76.946,65280,0xe0,0x2e,0x00,0x00
2026-06-03T08:47:00Z,KZ-TR-001,43.260,76.945,65265,0x00,0x00,0x80,0x02
2026-06-03T08:47:00Z,KZ-TR-001,43.260,76.945,65266,0x00,0x98,0x03,0x00
2026-06-03T08:47:00Z,KZ-TR-001,43.260,76.945,65280,0xe0,0x2e,0x00,0x00
2026-06-03T08:48:00Z,KZ-TR-001,43.263,76.940,65265,0x00,0x00,0x80,0x02
2026-06-03T08:48:00Z,KZ-TR-001,43.263,76.940,65266,0x00,0x98,0x03,0x00
2026-06-03T08:48:00Z,KZ-TR-001,43.263,76.940,65280,0xe0,0x2e,0x00,0x00
2026-06-03T08:49:00Z,KZ-TR-001,43.262,76.947,65265,0x00,0x00,0x80,0x02
2026-06-03T08:49:00Z,KZ-TR-001,43.262,76.947,65266,0x00,0x98,0x03,0x00
2026-06-03T08:49:00Z,KZ-TR-001,43.262,76.947,65280,0xe0,0x2e,0x00,0x00
2026-06-03T08:50:00Z,KZ-TR-001,43.257,76.946,65265,0x00,0x00,0x80,0x02
2026-06-03T08:50:00Z,KZ-TR-001,43.257,76.946,65266,0x00,0x98,0x03,0x00
2026-06-03T08:50:00Z,KZ-TR-001,43.257,76.946,65280,0xe0,0x2e,0x00,0x00
2026-06-03T08:51:00Z,KZ-TR-001,43.263,76.946,65265,0x00,0x00,0x80,0x02
2026-06-03T08:51:00Z,KZ-TR-001,43.263,76.946,65266,0x00,0x98,0x03,0x00
2026-06-03T08:51:00Z,KZ-TR-001,43.263,76.946,65280,0xe0,0x2e,0x00,0x00
2026-06-03T08:52:00Z,KZ-TR-001,43.257,76.948,65265,0x00,0x00,0x80,0x02
2026-06-03T08:52:00Z,KZ-TR-001,43.257,76.948,65266,0x00,0x98,0x03,0x00
2026-06-03T08:52:00Z,KZ-TR-001,43.257,76.948,65280,0xe0,0x2e,0x00,0x00
2026-06-03T08:53:00Z,KZ-TR-001,43.262,76.940,65265,0x00,0x00,0x80,0x02
2026-06-03T08:53:00Z,KZ-TR-001,43.262,76.940,65266,0x00,0x98,0x03,0x00
2026-06-03T08:53:00Z,KZ-TR-001,43.262,76.940,65280,0xe0,0x2e,0x00,0x00
2026-06-03T08:54:00Z,KZ-TR-001,43.257,76.947,65265,0x00,0x00,0x80,0x02
2026-06-03T08:54:00Z,KZ-TR-001,43.257,76.947,65266,0x00,0x98,0x03,0x00
2026-06-03T08:54:00Z,KZ-TR-001,43.257,76.947,65280,0xe0,0x2e,0x00,0x00
2026-06-03T08:55:00Z,KZ-TR-001,43.260,76.940,65265,0x00,0x00,0x80,0x02
2026-06-03T08:55:00Z,KZ-TR-001,43.260,76.940,65266,0x00,0x98,0x03,0x00
2026-06-03T08:55:00Z,KZ-TR-001,43.260,76.940,65280,0xe0,0x2e,0x00,0x00
2026-06-03T08:56:00Z,KZ-TR-001,43.262,76.943,65265,0x00,0x00,0x80,0x02
2026-06-03T08:56:00Z,KZ-TR-001,43.262,76.943,65266,0x00,0x98,0x03,0x00
2026-06-03T08:56:00Z,KZ-TR-001,43.262,76.943,65280,0xe0,0x2e,0x00,0x00
2026-06-03T08:57:00Z,KZ-TR-001,43.264,76.946,65265,0x00,0x00,0x80,0x02
2026-06-03T08:57:00Z,KZ-TR-001,43.264,76.946,65266,0x00,0x98,0x03,0x00
2026-06-03T08:57:00Z,KZ-TR-001,43.264,76.946,65280,0xe0,0x2e,0x00,0x00
2026-06-03T08:58:00Z,KZ-TR-001,43.261,76.945,65265,0x00,0x00,0x80,0x02
2026-06-03T08:58:00Z,KZ-TR-001,43.261,76.945,65266,0x00,0x98,0x03,0x00
2026-06-03T08:58:00Z,KZ-TR-001,43.261,76.945,65280,0xe0,0x2e,0x00,0x00
2026-06-03T08:59:00Z,KZ-TR-001,43.258,76.945,65265,0x00,0x00,0x80,0x02
2026-06-03T08:59:00Z,KZ-TR-001,43.258,76.945,65266,0x00,0x98,0x03,0x00
2026-06-03T08:59:00Z,KZ-TR-001,43.258,76.945,65280,0xe0,0x2e,0x00,0x00
2026-06-03T09:00:00Z,KZ-TR-001,43.263,76.941,65265,0x00,0x00,0x80,0x02
2026-06-03T09:00:00Z,KZ-TR-001,43.263,76.941,65266,0x00,0x98,0x03,0x00
2026-06-03T09:00:00Z,KZ-TR-001,43.263,76.941,65280,0xe0,0x2e,0x00,0x00
2026-06-03T09:01:00Z,KZ-TR-001,43.261,76.947,65265,0x00,0x00,0x80,0x02
2026-06-03T09:01:00Z,KZ-TR-001,43.261,76.947,65266,0x00,0x98,0x03,0x00
2026-06-03T09:01:00Z,KZ-TR-001,43.261,76.947,65280,0xe0,0x2e,0x00,0x00
2026-06-03T09:02:00Z,KZ-TR-001,43.264,76.947,65265,0x00,0x00,0x80,0x02
2026-06-03T09:02:00Z,KZ-TR-001,43.264,76.947,65266,0x00,0x98,0x03,0x00
2026-06-03T09:02:00Z,KZ-TR-001,43.264,76.947,65280,0xe0,0x2e,0x00,0x00
2026-06-03T09:03:00Z,KZ-TR-001,43.256,76.940,65265,0x00,0x00,0x80,0x02
2026-06-03T09:03:00Z,KZ-TR-001,43.256,76.940,65266,0x00,0x98,0x03,0x00
2026-06-03T09:03:00Z,KZ-TR-001,43.256,76.940,65280,0xe0,0x2e,0x00,0x00
2026-06-03T09:04:00Z,KZ-TR-001,43.257,76.941,65265,0x00,0x00,0x80,0x02
2026-06-03T09:04:00Z,KZ-TR-001,43.257,76.941,65266,0x00,0x98,0x03,0x00
2026-06-03T09:04:00Z,KZ-TR-001,43.257,76.941,65280,0xe0,0x2e,0x00,0x00
2026-06-03T09:05:00Z,KZ-TR-001,43.261,76.946,65265,0x00,0x00,0x80,0x02
2026-06-03T09:05:00Z,KZ-TR-001,43.261,76.946,65266,0x00,0x98,0x03,0x00
2026-06-03T09:05:00Z,KZ-TR-001,43.261,76.946,65280,0xe0,0x2e,0x00,0x00
2026-06-03T09:06:00Z,KZ-TR-001,43.257,76.940,65265,0x00,0x00,0x80,0x02
2026-06-03T09:06:00Z,KZ-TR-001,43.257,76.940,65266,0x00,0x98,0x03,0x00
2026-06-03T09:06:00Z,KZ-TR-001,43.257,76.940,65280,0xe0,0x2e,0x00,0x00
2026-06-03T09:07:00Z,KZ-TR-001,43.260,76.946,65265,0x00,0x00,0x80,0x02
2026-06-03T09:07:00Z,KZ-TR-001,43.260,76.946,65266,0x00,0x98,0x03,0x00
2026-06-03T09:07:00Z,KZ-TR-001,43.260,76.946,65280,0xe0,0x2e,0x00,0x00
2026-06-03T09:08:00Z,KZ-TR-001,43.265,76.945,65265,0x00,0x00,0x80,0x02
2026-06-03T09:08:00Z,KZ-TR-001,43.265,76.945,65266,0x00,0x98,0x03,0x00
2026-06-03T09:08:00Z,KZ-TR-001,43.265,76.945,65280,0xe0,0x2e,0x00,0x00
2026-06-03T09:09:00Z,KZ-TR-001,43.263,76.948,65265,0x00,0x00,0x80,0x02
2026-06-03T09:09:00Z,KZ-TR-001,43.263,76.948,65266,0x00,0x98,0x03,0x00
2026-06-03T09:09:00Z,KZ-TR-001,43.263,76.948,65280,0xe0,0x2e,0x00,0x00
2026-06-03T09:10:00Z,KZ-TR-001,43.256,76.941,65265,0x00,0x00,0x80,0x02
2026-06-03T09:10:00Z,KZ-TR-001,43.256,76.941,65266,0x00,0x98,0x03,0x00
2026-06-03T09:10:00Z,KZ-TR-001,43.256,76.941,65280,0xe0,0x2e,0x00,0x00
2026-06-03T09:11:00Z,KZ-TR-001,43.265,76.945,65265,0x00,0x00,0x80,0x02
2026-06-03T09:11:00Z,KZ-TR-001,43.265,76.945,65266,0x00,0x98,0x03,0x00
2026-06-03T09:11:00Z,KZ-TR-001,43.265,76.945,65280,0xe0,0x2e,0x00,0x00
2026-06-03T09:12:00Z,KZ-TR-001,43.262,76.945,65265,0x00,0x00,0x80,0x02
2026-06-03T09:12:00Z,KZ-TR-001,43.262,76.945,65266,0x00,0x98,0x03,0x00
2026-06-03T09:12:00Z,KZ-TR-001,43.262,76.945,65280,0xe0,0x2e,0x00,0x00
2026-06-03T09:13:00Z,KZ-TR-001,43.262,76.950,65265,0x00,0x00,0x80,0x02
2026-06-03T09:13:00Z,KZ-TR-001,43.262,76.950,65266,0x00,0x98,0x03,0x00
2026-06-03T09:13:00Z,KZ-TR-001,43.262,76.950,65280,0xe0,0x2e,0x00,0x00
2026-06-03T09:14:00Z,KZ-TR-001,43.255,76.947,65265,0x00,0x00,0x80,0x02
2026-06-03T09:14:00Z,KZ-TR-001,43.255,76.947,65266,0x00,0x98,0x03,0x00
2026-06-03T09:14:00Z,KZ-TR-001,43.255,76.947,65280,0xe0,0x2e,0x00,0x00
2026-06-03T09:15:00Z,KZ-TR-001,43.259,76.949,65265,0x00,0x00,0x80,0x02
2026-06-03T09:15:00Z,KZ-TR-001,43.259,76.949,65266,0x00,0x98,0x03,0x00
2026-06-03T09:15:00Z,KZ-TR-001,43.259,76.949,65280,0xe0,0x2e,0x00,0x00
2026-06-03T09:16:00Z,KZ-TR-001,43.263,76.944,65265,0x00,0x00,0x80,0x02
2026-06-03T09:16:00Z,KZ-TR-001,43.263,76.944,65266,0x00,0x98,0x03,0x00
2026-06-03T09:16:00Z,KZ-TR-001,43.263,76.944,65280,0xe0,0x2e,0x00,0x00
2026-06-03T09:17:00Z,KZ-TR-001,43.261,76.942,65265,0x00,0x00,0x80,0x02
2026-06-03T09:17:00Z,KZ-TR-001,43.261,76.942,65266,0x00,0x98,0x03,0x00
2026-06-03T09:17:00Z,KZ-TR-001,43.261,76.942,65280,0xe0,0x2e,0x00,0x00
2026-06-03T09:18:00Z,KZ-TR-001,43.261,76.947,65265,0x00,0x00,0x80,0x02
2026-06-03T09:18:00Z,KZ-TR-001,43.261,76.947,65266,0x00,0x98,0x03,0x00
2026-06-03T09:18:00Z,KZ-TR-001,43.261,76.947,65280,0xe0,0x2e,0x00,0x00
2026-06-03T09:19:00Z,KZ-TR-001,43.256,76.941,65265,0x00,0x00,0x80,0x02
2026-06-03T09:19:00Z,KZ-TR-001,43.256,76.941,65266,0x00,0x98,0x03,0x00
2026-06-03T09:19:00Z,KZ-TR-001,43.256,76.941,65280,0xe0,0x2e,0x00,0x00
2026-06-03T09:20:00Z,KZ-TR-001,43.263,76.944,65265,0x00,0x00,0x80,0x02
2026-06-03T09:20:00Z,KZ-TR-001,43.263,76.944,65266,0x00,0x98,0x03,0x00
2026-06-03T09:20:00Z,KZ-TR-001,43.263,76.944,65280,0xe0,0x2e,0x00,0x00
2026-06-03T09:21:00Z,KZ-TR-001,43.260,76.945,65265,0x00,0x00,0x80,0x02
2026-06-03T09:21:00Z,KZ-TR-001,43.260,76.945,65266,0x00,0x98,0x03,0x00
2026-06-03T09:21:00Z,KZ-TR-001,43.260,76.945,65280,0xe0,0x2e,0x00,0x00
2026-06-03T09:22:00Z,KZ-TR-001,43.258,76.941,65265,0x00,0x00,0x80,0x02
2026-06-03T09:22:00Z,KZ-TR-001,43.258,76.941,65266,0x00,0x98,0x03,0x00
2026-06-03T09:22:00Z,KZ-TR-001,43.258,76.941,65280,0xe0,0x2e,0x00,0x00
2026-06-03T09:23:00Z,KZ-TR-001,43.262,76.947,65265,0x00,0x00,0x80,0x02
2026-06-03T09:23:00Z,KZ-TR-001,43.262,76.947,65266,0x00,0x98,0x03,0x00
2026-06-03T09:23:00Z,KZ-TR-001,43.262,76.947,65280,0xe0,0x2e,0x00,0x00
2026-06-03T09:24:00Z,KZ-TR-001,43.265,76.943,65265,0x00,0x00,0x80,0x02
2026-06-03T09:24:00Z,KZ-TR-001,43.265,76.943,65266,0x00,0x98,0x03,0x00
2026-06-03T09:24:00Z,KZ-TR-001,43.265,76.943,65280,0xe0,0x2e,0x00,0x00
2026-06-03T09:25:00Z,KZ-TR-001,43.258,76.940,65265,0x00,0x00,0x80,0x02
2026-06-03T09:25:00Z,KZ-TR-001,43.258,76.940,65266,0x00,0x98,0x03,0x00
2026-06-03T09:25:00Z,KZ-TR-001,43.258,76.940,65280,0xe0,0x2e,0x00,0x00
2026-06-03T09:26:00Z,KZ-TR-001,43.258,76.940,65265,0x00,0x00,0x80,0x02
2026-06-03T09:26:00Z,KZ-TR-001,43.258,76.940,65266,0x00,0x98,0x03,0x00
2026-06-03T09:26:00Z,KZ-TR-001,43.258,76.940,65280,0xe0,0x2e,0x00,0x00
2026-06-03T09:27:00Z,KZ-TR-001,43.260,76.943,65265,0x00,0x00,0x80,0x02
2026-06-03T09:27:00Z,KZ-TR-001,43.260,76.943,65266,0x00,0x98,0x03,0x00
2026-06-03T09:27:00Z,KZ-TR-001,43.260,76.943,65280,0xe0,0x2e,0x00,0x00
2026-06-03T09:28:00Z,KZ-TR-001,43.264,76.946,65265,0x00,0x00,0x80,0x02
2026-06-03T09:28:00Z,KZ-TR-001,43.264,76.946,65266,0x00,0x98,0x03,0x00
2026-06-03T09:28:00Z,KZ-TR-001,43.264,76.946,65280,0xe0,0x2e,0x00,0x00
2026-06-03T09:29:00Z,KZ-TR-001,43.255,76.940,65265,0x00,0x00,0x80,0x02
2026-06-03T09:29:00Z,KZ-TR-001,43.255,76.940,65266,0x00,0x98,0x03,0x00
2026-06-03T09:29:00Z,KZ-TR-001,43.255,76.940,65280,0xe0,0x2e,0x00,0x00
2026-06-03T09:30:00Z,KZ-TR-001,43.263,76.948,65265,0x00,0x00,0x80,0x02
2026-06-03T09:30:00Z,KZ-TR-001,43.263,76.948,65266,0x00,0x98,0x03,0x00
2026-06-03T09:30:00Z,KZ-TR-001,43.263,76.948,65280,0xe0,0x2e,0x00,0x00
2026-06-03T09:31:00Z,KZ-TR-001,43.256,76.942,65265,0x00,0x00,0x80,0x02
2026-06-03T09:31:00Z,KZ-TR-001,43.256,76.942,65266,0x00,0x98,0x03,0x00
2026-06-03T09:31:00Z,KZ-TR-001,43.256,76.942,65280,0xe0,0x2e,0x00,0x00
2026-06-03T09:32:00Z,KZ-TR-001,43.264,76.943,65265,0x00,0x00,0x80,0x02
2026-06-03T09:32:00Z,KZ-TR-001,43.264,76.943,65266,0x00,0x98,0x03,0x00
2026-06-03T09:32:00Z,KZ-TR-001,43.264,76.943,65280,0xe0,0x2e,0x00,0x00
2026-06-03T09:33:00Z,KZ-TR-001,43.256,76.942,65265,0x00,0x00,0x80,0x02
2026-06-03T09:33:00Z,KZ-TR-001,43.256,76.942,65266,0x00,0x98,0x03,0x00
2026-06-03T09:33:00Z,KZ-TR-001,43.256,76.942,65280,0xe0,0x2e,0x00,0x00
2026-06-03T09:34:00Z,KZ-TR-001,43.257,76.949,65265,0x00,0x00,0x80,0x02
2026-06-03T09:34:00Z,KZ-TR-001,43.257,76.949,65266,0x00,0x98,0x03,0x00
2026-06-03T09:34:00Z,KZ-TR-001,43.257,76.949,65280,0xe0,0x2e,0x00,0x00
2026-06-03T09:35:00Z,KZ-TR-001,43.259,76.944,65265,0x00,0x00,0x80,0x02
2026-06-03T09:35:00Z,KZ-TR-001,43.259,76.944,65266,0x00,0x98,0x03,0x00
2026-06-03T09:35:00Z,KZ-TR-001,43.259,76.944,65280,0xe0,0x2e,0x00,0x00
2026-06-03T09:36:00Z,KZ-TR-001,43.257,76.943,65265,0x00,0x00,0x80,0x02
2026-06-03T09:36:00Z,KZ-TR-001,43.257,76.943,65266,0x00,0x98,0x03,0x00
2026-06-03T09:36:00Z,KZ-TR-001,43.257,76.943,65280,0xe0,0x2e,0x00,0x00
2026-06-03T09:37:00Z,KZ-TR-001,43.265,76.945,65265,0x00,0x00,0x80,0x02
2026-06-03T09:37:00Z,KZ-TR-001,43.265,76.945,65266,0x00,0x98,0x03,0x00
2026-06-03T09:37:00Z,KZ-TR-001,43.265,76.945,65280,0xe0,0x2e,0x00,0x00
2026-06-03T09:38:00Z,KZ-TR-001,43.257,76.945,65265,0x00,0x00,0x80,0x02
2026-06-03T09:38:00Z,KZ-TR-001,43.257,76.945,65266,0x00,0x98,0x03,0x00
2026-06-03T09:38:00Z,KZ-TR-001,43.257,76.945,65280,0xe0,0x2e,0x00,0x00
2026-06-03T09:39:00Z,KZ-TR-001,43.263,76.948,65265,0x00,0x00,0x80,0x02
2026-06-03T09:39:00Z,KZ-TR-001,43.263,76.948,65266,0x00,0x98,0x03,0x00
2026-06-03T09:39:00Z,KZ-TR-001,43.263,76.948,65280,0xe0,0x2e,0x00,0x00
2026-06-03T09:40:00Z,KZ-TR-001,43.260,76.946,65265,0x00,0x00,0x80,0x02
2026-06-03T09:40:00Z,KZ-TR-001,43.260,76.946,65266,0x00,0x98,0x03,0x00
2026-06-03T09:40:00Z,KZ-TR-001,43.260,76.946,65280,0xe0,0x2e,0x00,0x00
2026-06-03T09:41:00Z,KZ-TR-001,43.259,76.949,65265,0x00,0x00,0x80,0x02
2026-06-03T09:41:00Z,KZ-TR-001,43.259,76.949,65266,0x00,0x98,0x03,0x00
2026-06-03T09:41:00Z,KZ-TR-001,43.259,76.949,65280,0xe0,0x2e,0x00,0x00
2026-06-03T09:42:00Z,KZ-TR-001,43.259,76.944,65265,0x00,0x00,0x80,0x02
2026-06-03T09:42:00Z,KZ-TR-001,43.259,76.944,65266,0x00,0x98,0x03,0x00
2026-06-03T09:42:00Z,KZ-TR-001,43.259,76.944,65280,0xe0,0x2e,0x00,0x00
2026-06-03T09:43:00Z,KZ-TR-001,43.255,76.945,65265,0x00,0x00,0x80,0x02
2026-06-03T09:43:00Z,KZ-TR-001,43.255,76.945,65266,0x00,0x98,0x03,0x00
2026-06-03T09:43:00Z,KZ-TR-001,43.255,76.945,65280,0xe0,0x2e,0x00,0x00
2026-06-03T09:44:00Z,KZ-TR-001,43.256,76.949,65265,0x00,0x00,0x80,0x02
2026-06-03T09:44:00Z,KZ-TR-001,43.256,76.949,65266,0x00,0x98,0x03,0x00
2026-06-03T09:44:00Z,KZ-TR-001,43.256,76.949,65280,0xe0,0x2e,0x00,0x00
2026-06-03T09:45:00Z,KZ-TR-001,43.256,76.947,65265,0x00,0x00,0x80,0x02
2026-06-03T09:45:00Z,KZ-TR-001,43.256,76.947,65266,0x00,0x98,0x03,0x00
2026-06-03T09:45:00Z,KZ-TR-001,43.256,76.947,65280,0xe0,0x2e,0x00,0x00
2026-06-03T09:46:00Z,KZ-TR-001,43.262,76.946,65265,0x00,0x00,0x80,0x02
2026-06-03T09:46:00Z,KZ-TR-001,43.262,76.946,65266,0x00,0x98,0x03,0x00
2026-06-03T09:46:00Z,KZ-TR-001,43.262,76.946,65280,0xe0,0x2e,0x00,0x00
2026-06-03T09:47:00Z,KZ-TR-001,43.256,76.949,65265,0x00,0x00,0x80,0x02
2026-06-03T09:47:00Z,KZ-TR-001,43.256,76.949,65266,0x00,0x98,0x03,0x00
2026-06-03T09:47:00Z,KZ-TR-001,43.256,76.949,65280,0xe0,0x2e,0x00,0x00
2026-06-03T09:48:00Z,KZ-TR-001,43.264,76.948,65265,0x00,0x00,0x80,0x02
2026-06-03T09:48:00Z,KZ-TR-001,43.264,76.948,65266,0x00,0x98,0x03,0x00
2026-06-03T09:48:00Z,KZ-TR-001,43.264,76.948,65280,0xe0,0x2e,0x00,0x00
2026-06-03T09:49:00Z,KZ-TR-001,43.263,76.948,65265,0x00,0x00,0x80,0x02
2026-06-03T09:49:00Z,KZ-TR-001,43.263,76.948,65266,0x00,0x98,0x03,0x00
2026-06-03T09:49:00Z,KZ-TR-001,43.263,76.948,65280,0xe0,0x2e,0x00,0x00
2026-06-03T09:50:00Z,KZ-TR-001,43.259,76.949,65265,0x00,0x00,0x80,0x02
2026-06-03T09:50:00Z,KZ-TR-001,43.259,76.949,65266,0x00,0x98,0x03,0x00
2026-06-03T09:50:00Z,KZ-TR-001,43.259,76.949,65280,0xe0,0x2e,0x00,0x00
2026-06-03T09:51:00Z,KZ-TR-001,43.258,76.949,65265,0x00,0x00,0x80,0x02
2026-06-03T09:51:00Z,KZ-TR-001,43.258,76.949,65266,0x00,0x98,0x03,0x00
2026-06-03T09:51:00Z,KZ-TR-001,43.258,76.949,65280,0xe0,0x2e,0x00,0x00
2026-06-03T09:52:00Z,KZ-TR-001,43.263,76.946,65265,0x00,0x00,0x80,0x02
2026-06-03T09:52:00Z,KZ-TR-001,43.263,76.946,65266,0x00,0x98,0x03,0x00
2026-06-03T09:52:00Z,KZ-TR-001,43.263,76.946,65280,0xe0,0x2e,0x00,0x00
2026-06-03T09:53:00Z,KZ-TR-001,43.260,76.940,65265,0x00,0x00,0x80,0x02
2026-06-03T09:53:00Z,KZ-TR-001,43.260,76.940,65266,0x00,0x98,0x03,0x00
2026-06-03T09:53:00Z,KZ-TR-001,43.260,76.940,65280,0xe0,0x2e,0x00,0x00
2026-06-03T09:54:00Z,KZ-TR-001,43.255,76.946,65265,0x00,0x00,0x80,0x02
2026-06-03T09:54:00Z,KZ-TR-001,43.255,76.946,65266,0x00,0x98,0x03,0x00
2026-06-03T09:54:00Z,KZ-TR-001,43.255,76.946,65280,0xe0,0x2e,0x00,0x00
2026-06-03T09:55:00Z,KZ-TR-001,43.264,76.947,65265,0x00,0x00,0x80,0x02
2026-06-03T09:55:00Z,KZ-TR-001,43.264,76.947,65266,0x00,0x98,0x03,0x00
2026-06-03T09:55:00Z,KZ-TR-001,43.264,76.947,65280,0xe0,0x2e,0x00,0x00
2026-06-03T09:56:00Z,KZ-TR-001,43.256,76.946,65265,0x00,0x00,0x80,0x02
2026-06-03T09:56:00Z,KZ-TR-001,43.256,76.946,65266,0x00,0x98,0x03,0x00
2026-06-03T09:56:00Z,KZ-TR-001,43.256,76.946,65280,0xe0,0x2e,0x00,0x00
2026-06-03T09:57:00Z,KZ-TR-001,43.259,76.947,65265,0x00,0x00,0x80,0x02
2026-06-03T09:57:00Z,KZ-TR-001,43.259,76.947,65266,0x00,0x98,0x03,0x00
2026-06-03T09:57:00Z,KZ-TR-001,43.259,76.947,65280,0xe0,0x2e,0x00,0x00
2026-06-03T09:58:00Z,KZ-TR-001,43.261,76.942,65265,0x00,0x00,0x80,0x02
2026-06-03T09:58:00Z,KZ-TR-001,43.261,76.942,65266,0x00,0x98,0x03,0x00
2026-06-03T09:58:00Z,KZ-TR-001,43.261,76.942,65280,0xe0,0x2e,0x00,0x00
2026-06-03T09:59:00Z,KZ-TR-001,43.258,76.944,65265,0x00,0x00,0x80,0x02
2026-06-03T09:59:00Z,KZ-TR-001,43.258,76.944,65266,0x00,0x98,0x03,0x00
2026-06-03T09:59:00Z,KZ-TR-001,43.258,76.944,65280,0xe0,0x2e,0x00,0x00
2026-06-03T10:00:00Z,KZ-TR-001,43.256,76.941,65265,0x00,0x00,0x80,0x02
2026-06-03T10:00:00Z,KZ-TR-001,43.256,76.941,65266,0x00,0x98,0x03,0x00
2026-06-03T10:00:00Z,KZ-TR-001,43.256,76.941,65280,0xe0,0x2e,0x00,0x00
2026-06-03T10:01:00Z,KZ-TR-001,43.260,76.944,65265,0x00,0x00,0x80,0x02
2026-06-03T10:01:00Z,KZ-TR-001,43.260,76.944,65266,0x00,0x98,0x03,0x00
2026-06-03T10:01:00Z,KZ-TR-001,43.260,76.944,65280,0xe0,0x2e,0x00,0x00
2026-06-03T10:02:00Z,KZ-TR-001,43.257,76.944,65265,0x00,0x00,0x80,0x02
2026-06-03T10:02:00Z,KZ-TR-001,43.257,76.944,65266,0x00,0x98,0x03,0x00
2026-06-03T10:02:00Z,KZ-TR-001,43.257,76.944,65280,0xe0,0x2e,0x00,0x00
2026-06-03T10:03:00Z,KZ-TR-001,43.263,76.946,65265,0x00,0x00,0x80,0x02
2026-06-03T10:03:00Z,KZ-TR-001,43.263,76.946,65266,0x00,0x98,0x03,0x00
2026-06-03T10:03:00Z,KZ-TR-001,43.263,76.946,65280,0xe0,0x2e,0x00,0x00
2026-06-03T10:04:00Z,KZ-TR-001,43.261,76.944,65265,0x00,0x00,0x80,0x02
2026-06-03T10:04:00Z,KZ-TR-001,43.261,76.944,65266,0x00,0x98,0x03,0x00
2026-06-03T10:04:00Z,KZ-TR-001,43.261,76.944,65280,0xe0,0x2e,0x00,0x00
2026-06-03T10:05:00Z,KZ-TR-001,43.261,76.943,65265,0x00,0x00,0x80,0x02
2026-06-03T10:05:00Z,KZ-TR-001,43.261,76.943,65266,0x00,0x98,0x03,0x00
2026-06-03T10:05:00Z,KZ-TR-001,43.261,76.943,65280,0xe0,0x2e,0x00,0x00
2026-06-03T10:06:00Z,KZ-TR-001,43.263,76.946,65265,0x00,0x00,0x80,0x02
2026-06-03T10:06:00Z,KZ-TR-001,43.263,76.946,65266,0x00,0x98,0x03,0x00
2026-06-03T10:06:00Z,KZ-TR-001,43.263,76.946,65280,0xe0,0x2e,0x00,0x00
2026-06-03T10:07:00Z,KZ-TR-001,43.261,76.947,65265,0x00,0x00,0x80,0x02
2026-06-03T10:07:00Z,KZ-TR-001,43.261,76.947,65266,0x00,0x98,0x03,0x00
2026-06-03T10:07:00Z,KZ-TR-001,43.261,76.947,65280,0xe0,0x2e,0x00,0x00
2026-06-03T10:08:00Z,KZ-TR-001,43.257,76.949,65265,0x00,0x00,0x80,0x02
2026-06-03T10:08:00Z,KZ-TR-001,43.257,76.949,65266,0x00,0x98,0x03,0x00
2026-06-03T10:08:00Z,KZ-TR-001,43.257,76.949,65280,0xe0,0x2e,0x00,0x00
2026-06-03T10:09:00Z,KZ-TR-001,43.262,76.949,65265,0x00,0x00,0x80,0x02
2026-06-03T10:09:00Z,KZ-TR-001,43.262,76.949,65266,0x00,0x98,0x03,0x00
2026-06-03T10:09:00Z,KZ-TR-001,43.262,76.949,65280,0xe0,0x2e,0x00,0x00
2026-06-03T10:10:00Z,KZ-TR-001,43.262,76.942,65265,0x00,0x00,0x80,0x02
2026-06-03T10:10:00Z,KZ-TR-001,43.262,76.942,65266,0x00,0x98,0x03,0x00
2026-06-03T10:10:00Z,KZ-TR-001,43.262,76.942,65280,0xe0,0x2e,0x00,0x00
2026-06-03T10:11:00Z,KZ-TR-001,43.258,76.949,65265,0x00,0x00,0x80,0x02
2026-06-03T10:11:00Z,KZ-TR-001,43.258,76.949,65266,0x00,0x98,0x03,0x00
2026-06-03T10:11:00Z,KZ-TR-001,43.258,76.949,65280,0xe0,0x2e,0x00,0x00
2026-06-03T10:12:00Z,KZ-TR-001,43.261,76.944,65265,0x00,0x00,0x80,0x02
2026-06-03T10:12:00Z,KZ-TR-001,43.261,76.944,65266,0x00,0x98,0x03,0x00
2026-06-03T10:12:00Z,KZ-TR-001,43.261,76.944,65280,0xe0,0x2e,0x00,0x00
2026-06-03T10:13:00Z,KZ-TR-001,43.258,76.941,65265,0x00,0x00,0x80,0x02
2026-06-03T10:13:00Z,KZ-TR-001,43.258,76.941,65266,0x00,0x98,0x03,0x00
2026-06-03T10:13:00Z,KZ-TR-001,43.258,76.941,65280,0xe0,0x2e,0x00,0x00
2026-06-03T10:14:00Z,KZ-TR-001,43.260,76.940,65265,0x00,0x00,0x80,0x02
2026-06-03T10:14:00Z,KZ-TR-001,43.260,76.940,65266,0x00,0x98,0x03,0x00
2026-06-03T10:14:00Z,KZ-TR-001,43.260,76.940,65280,0xe0,0x2e,0x00,0x00
2026-06-03T10:15:00Z,KZ-TR-001,43.259,76.947,65265,0x00,0x00,0x80,0x02
2026-06-03T10:15:00Z,KZ-TR-001,43.259,76.947,65266,0x00,0x98,0x03,0x00
2026-06-03T10:15:00Z,KZ-TR-001,43.259,76.947,65280,0xe0,0x2e,0x00,0x00
2026-06-03T10:16:00Z,KZ-TR-001,43.259,76.949,65265,0x00,0x00,0x80,0x02
2026-06-03T10:16:00Z,KZ-TR-001,43.259,76.949,65266,0x00,0x98,0x03,0x00
2026-06-03T10:16:00Z,KZ-TR-001,43.259,76.949,65280,0xe0,0x2e,0x00,0x00
2026-06-03T10:17:00Z,KZ-TR-001,43.256,76.940,65265,0x00,0x00,0x80,0x02
2026-06-03T10:17:00Z,KZ-TR-001,43.256,76.940,65266,0x00,0x98,0x03,0x00
2026-06-03T10:17:00Z,KZ-TR-001,43.256,76.940,65280,0xe0,0x2e,0x00,0x00
2026-06-03T10:18:00Z,KZ-TR-001,43.258,76.946,65265,0x00,0x00,0x80,0x02
2026-06-03T10:18:00Z,KZ-TR-001,43.258,76.946,65266,0x00,0x98,0x03,0x00
2026-06-03T10:18:00Z,KZ-TR-001,43.258,76.946,65280,0xe0,0x2e,0x00,0x00
2026-06-03T10:19:00Z,KZ-TR-001,43.258,76.942,65265,0x00,0x00,0x80,0x02
2026-06-03T10:19:00Z,KZ-TR-001,43.258,76.942,65266,0x00,0x98,0x03,0x00
2026-06-03T10:19:00Z,KZ-TR-001,43.258,76.942,65280,0xe0,0x2e,0x00,0x00
2026-06-03T10:20:00Z,KZ-TR-001,43.257,76.947,65265,0x00,0x00,0x80,0x02
2026-06-03T10:20:00Z,KZ-TR-001,43.257,76.947,65266,0x00,0x98,0x03,0x00
2026-06-03T10:20:00Z,KZ-TR-001,43.257,76.947,65280,0xe0,0x2e,0x00,0x00
2026-06-03T10:21:00Z,KZ-TR-001,43.265,76.940,65265,0x00,0x00,0x80,0x02
2026-06-03T10:21:00Z,KZ-TR-001,43.265,76.940,65266,0x00,0x98,0x03,0x00
2026-06-03T10:21:00Z,KZ-TR-001,43.265,76.940,65280,0xe0,0x2e,0x00,0x00
2026-06-03T10:22:00Z,KZ-TR-001,43.263,76.949,65265,0x00,0x00,0x80,0x02
2026-06-03T10:22:00Z,KZ-TR-001,43.263,76.949,65266,0x00,0x98,0x03,0x00
2026-06-03T10:22:00Z,KZ-TR-001,43.263,76.949,65280,0xe0,0x2e,0x00,0x00
2026-06-03T10:23:00Z,KZ-TR-001,43.256,76.942,65265,0x00,0x00,0x80,0x02
2026-06-03T10:23:00Z,KZ-TR-001,43.256,76.942,65266,0x00,0x98,0x03,0x00
2026-06-03T10:23:00Z,KZ-TR-001,43.256,76.942,65280,0xe0,0x2e,0x00,0x00
2026-06-03T10:24:00Z,KZ-TR-001,43.261,76.946,65265,0x00,0x00,0x80,0x02
2026-06-03T10:24:00Z,KZ-TR-001,43.261,76.946,65266,0x00,0x98,0x03,0x00
2026-06-03T10:24:00Z,KZ-TR-001,43.261,76.946,65280,0xe0,0x2e,0x00,0x00
2026-06-03T10:25:00Z,KZ-TR-001,43.262,76.943,65265,0x00,0x00,0x80,0x02
2026-06-03T10:25:00Z,KZ-TR-001,43.262,76.943,65266,0x00,0x98,0x03,0x00
2026-06-03T10:25:00Z,KZ-TR-001,43.262,76.943,65280,0xe0,0x2e,0x00,0x00
2026-06-03T10:26:00Z,KZ-TR-001,43.258,76.941,65265,0x00,0x00,0x80,0x02
2026-06-03T10:26:00Z,KZ-TR-001,43.258,76.941,65266,0x00,0x98,0x03,0x00
2026-06-03T10:26:00Z,KZ-TR-001,43.258,76.941,65280,0xe0,0x2e,0x00,0x00
2026-06-03T10:27:00Z,KZ-TR-001,43.255,76.948,65265,0x00,0x00,0x80,0x02
2026-06-03T10:27:00Z,KZ-TR-001,43.255,76.948,65266,0x00,0x98,0x03,0x00
2026-06-03T10:27:00Z,KZ-TR-001,43.255,76.948,65280,0xe0,0x2e,0x00,0x00
2026-06-03T10:28:00Z,KZ-TR-001,43.259,76.948,65265,0x00,0x00,0x80,0x02
2026-06-03T10:28:00Z,KZ-TR-001,43.259,76.948,65266,0x00,0x98,0x03,0x00
2026-06-03T10:28:00Z,KZ-TR-001,43.259,76.948,65280,0xe0,0x2e,0x00,0x00
2026-06-03T10:29:00Z,KZ-TR-001,43.257,76.942,65265,0x00,0x00,0x80,0x02
2026-06-03T10:29:00Z,KZ-TR-001,43.257,76.942,65266,0x00,0x98,0x03,0x00
2026-06-03T10:29:00Z,KZ-TR-001,43.257,76.942,65280,0xe0,0x2e,0x00,0x00
2026-06-03T10:30:00Z,KZ-TR-001,43.260,76.949,65265,0x00,0x00,0x80,0x02
2026-06-03T10:30:00Z,KZ-TR-001,43.260,76.949,65266,0x00,0x98,0x03,0x00
2026-06-03T10:30:00Z,KZ-TR-001,43.260,76.949,65280,0xe0,0x2e,0x00,0x00
2026-06-03T10:31:00Z,KZ-TR-001,43.260,76.947,65265,0x00,0x00,0x80,0x02
2026-06-03T10:31:00Z,KZ-TR-001,43.260,76.947,65266,0x00,0x98,0x03,0x00
2026-06-03T10:31:00Z,KZ-TR-001,43.260,76.947,65280,0xe0,0x2e,0x00,0x00
2026-06-03T10:32:00Z,KZ-TR-001,43.259,76.941,65265,0x00,0x00,0x80,0x02
2026-06-03T10:32:00Z,KZ-TR-001,43.259,76.941,65266,0x00,0x98,0x03,0x00
2026-06-03T10:32:00Z,KZ-TR-001,43.259,76.941,65280,0xe0,0x2e,0x00,0x00
2026-06-03T10:33:00Z,KZ-TR-001,43.263,76.947,65265,0x00,0x00,0x80,0x02
2026-06-03T10:33:00Z,KZ-TR-001,43.263,76.947,65266,0x00,0x98,0x03,0x00
2026-06-03T10:33:00Z,KZ-TR-001,43.263,76.947,65280,0xe0,0x2e,0x00,0x00
2026-06-03T10:34:00Z,KZ-TR-001,43.258,76.942,65265,0x00,0x00,0x80,0x02
2026-06-03T10:34:00Z,KZ-TR-001,43.258,76.942,65266,0x00,0x98,0x03,0x00
2026-06-03T10:34:00Z,KZ-TR-001,43.258,76.942,65280,0xe0,0x2e,0x00,0x00
2026-06-03T10:35:00Z,KZ-TR-001,43.260,76.940,65265,0x00,0x00,0x80,0x02
2026-06-03T10:35:00Z,KZ-TR-001,43.260,76.940,65266,0x00,0x98,0x03,0x00
2026-06-03T10:35:00Z,KZ-TR-001,43.260,76.940,65280,0xe0,0x2e,0x00,0x00
2026-06-03T10:36:00Z,KZ-TR-001,43.259,76.950,65265,0x00,0x00,0x80,0x02
2026-06-03T10:36:00Z,KZ-TR-001,43.259,76.950,65266,0x00,0x98,0x03,0x00
2026-06-03T10:36:00Z,KZ-TR-001,43.259,76.950,65280,0xe0,0x2e,0x00,0x00
2026-06-03T10:37:00Z,KZ-TR-001,43.255,76.940,65265,0x00,0x00,0x80,0x02
2026-06-03T10:37:00Z,KZ-TR-001,43.255,76.940,65266,0x00,0x98,0x03,0x00
2026-06-03T10:37:00Z,KZ-TR-001,43.255,76.940,65280,0xe0,0x2e,0x00,0x00
2026-06-03T10:38:00Z,KZ-TR-001,43.257,76.943,65265,0x00,0x00,0x80,0x02
2026-06-03T10:38:00Z,KZ-TR-001,43.257,76.943,65266,0x00,0x98,0x03,0x00
2026-06-03T10:38:00Z,KZ-TR-001,43.257,76.943,65280,0xe0,0x2e,0x00,0x00
2026-06-03T10:39:00Z,KZ-TR-001,43.263,76.947,65265,0x00,0x00,0x80,0x02
2026-06-03T10:39:00Z,KZ-TR-001,43.263,76.947,65266,0x00,0x98,0x03,0x00
2026-06-03T10:39:00Z,KZ-TR-001,43.263,76.947,65280,0xe0,0x2e,0x00,0x00
2026-06-03T10:40:00Z,KZ-TR-001,43.261,76.944,65265,0x00,0x00,0x80,0x02
2026-06-03T10:40:00Z,KZ-TR-001,43.261,76.944,65266,0x00,0x98,0x03,0x00
2026-06-03T10:40:00Z,KZ-TR-001,43.261,76.944,65280,0xe0,0x2e,0x00,0x00
2026-06-03T10:41:00Z,KZ-TR-001,43.262,76.941,65265,0x00,0x00,0x80,0x02
2026-06-03T10:41:00Z,KZ-TR-001,43.262,76.941,65266,0x00,0x98,0x03,0x00
2026-06-03T10:41:00Z,KZ-TR-001,43.262,76.941,65280,0xe0,0x2e,0x00,0x00
2026-06-03T10:42:00Z,KZ-TR-001,43.262,76.946,65265,0x00,0x00,0x80,0x02
2026-06-03T10:42:00Z,KZ-TR-001,43.262,76.946,65266,0x00,0x98,0x03,0x00
2026-06-03T10:42:00Z,KZ-TR-001,43.262,76.946,65280,0xe0,0x2e,0x00,0x00
2026-06-03T10:43:00Z,KZ-TR-001,43.258,76.949,65265,0x00,0x00,0x80,0x02
2026-06-03T10:43:00Z,KZ-TR-001,43.258,76.949,65266,0x00,0x98,0x03,0x00
2026-06-03T10:43:00Z,KZ-TR-001,43.258,76.949,65280,0xe0,0x2e,0x00,0x00
2026-06-03T10:44:00Z,KZ-TR-001,43.259,76.948,65265,0x00,0x00,0x80,0x02
2026-06-03T10:44:00Z,KZ-TR-001,43.259,76.948,65266,0x00,0x98,0x03,0x00
2026-06-03T10:44:00Z,KZ-TR-001,43.259,76.948,65280,0xe0,0x2e,0x00,0x00
2026-06-03T10:45:00Z,KZ-TR-001,43.261,76.947,65265,0x00,0x00,0x80,0x02
2026-06-03T10:45:00Z,KZ-TR-001,43.261,76.947,65266,0x00,0x98,0x03,0x00
2026-06-03T10:45:00Z,KZ-TR-001,43.261,76.947,65280,0xe0,0x2e,0x00,0x00
2026-06-03T10:46:00Z,KZ-TR-001,43.260,76.943,65265,0x00,0x00,0x80,0x02
2026-06-03T10:46:00Z,KZ-TR-001,43.260,76.943,65266,0x00,0x98,0x03,0x00
2026-06-03T10:46:00Z,KZ-TR-001,43.260,76.943,65280,0xe0,0x2e,0x00,0x00
2026-06-03T10:47:00Z,KZ-TR-001,43.264,76.943,65265,0x00,0x00,0x80,0x02
2026-06-03T10:47:00Z,KZ-TR-001,43.264,76.943,65266,0x00,0x98,0x03,0x00
2026-06-03T10:47:00Z,KZ-TR-001,43.264,76.943,65280,0xe0,0x2e,0x00,0x00
2026-06-03T10:48:00Z,KZ-TR-001,43.263,76.945,65265,0x00,0x00,0x80,0x02
2026-06-03T10:48:00Z,KZ-TR-001,43.263,76.945,65266,0x00,0x98,0x03,0x00
2026-06-03T10:48:00Z,KZ-TR-001,43.263,76.945,65280,0xe0,0x2e,0x00,0x00
2026-06-03T10:49:00Z,KZ-TR-001,43.265,76.948,65265,0x00,0x00,0x80,0x02
2026-06-03T10:49:00Z,KZ-TR-001,43.265,76.948,65266,0x00,0x98,0x03,0x00
2026-06-03T10:49:00Z,KZ-TR-001,43.265,76.948,65280,0xe0,0x2e,0x00,0x00
2026-06-03T10:50:00Z,KZ-TR-001,43.262,76.945,65265,0x00,0x00,0x80,0x02
2026-06-03T10:50:00Z,KZ-TR-001,43.262,76.945,65266,0x00,0x98,0x03,0x00
2026-06-03T10:50:00Z,KZ-TR-001,43.262,76.945,65280,0xe0,0x2e,0x00,0x00
2026-06-03T10:51:00Z,KZ-TR-001,43.260,76.949,65265,0x00,0x00,0x80,0x02
2026-06-03T10:51:00Z,KZ-TR-001,43.260,76.949,65266,0x00,0x98,0x03,0x00
2026-06-03T10:51:00Z,KZ-TR-001,43.260,76.949,65280,0xe0,0x2e,0x00,0x00
2026-06-03T10:52:00Z,KZ-TR-001,43.257,76.949,65265,0x00,0x00,0x80,0x02
2026-06-03T10:52:00Z,KZ-TR-001,43.257,76.949,65266,0x00,0x98,0x03,0x00
2026-06-03T10:52:00Z,KZ-TR-001,43.257,76.949,65280,0xe0,0x2e,0x00,0x00
2026-06-03T10:53:00Z,KZ-TR-001,43.263,76.949,65265,0x00,0x00,0x80,0x02
2026-06-03T10:53:00Z,KZ-TR-001,43.263,76.949,65266,0x00,0x98,0x03,0x00
2026-06-03T10:53:00Z,KZ-TR-001,43.263,76.949,65280,0xe0,0x2e,0x00,0x00
2026-06-03T10:54:00Z,KZ-TR-001,43.260,76.941,65265,0x00,0x00,0x80,0x02
2026-06-03T10:54:00Z,KZ-TR-001,43.260,76.941,65266,0x00,0x98,0x03,0x00
2026-06-03T10:54:00Z,KZ-TR-001,43.260,76.941,65280,0xe0,0x2e,0x00,0x00
2026-06-03T10:55:00Z,KZ-TR-001,43.260,76.940,65265,0x00,0x00,0x80,0x02
2026-06-03T10:55:00Z,KZ-TR-001,43.260,76.940,65266,0x00,0x98,0x03,0x00
2026-06-03T10:55:00Z,KZ-TR-001,43.260,76.940,65280,0xe0,0x2e,0x00,0x00
2026-06-03T10:56:00Z,KZ-TR-001,43.264,76.946,65265,0x00,0x00,0x80,0x02
2026-06-03T10:56:00Z,KZ-TR-001,43.264,76.946,65266,0x00,0x98,0x03,0x00
2026-06-03T10:56:00Z,KZ-TR-001,43.264,76.946,65280,0xe0,0x2e,0x00,0x00
2026-06-03T10:57:00Z,KZ-TR-001,43.259,76.949,65265,0x00,0x00,0x80,0x02
2026-06-03T10:57:00Z,KZ-TR-001,43.259,76.949,65266,0x00,0x98,0x03,0x00
2026-06-03T10:57:00Z,KZ-TR-001,43.259,76.949,65280,0xe0,0x2e,0x00,0x00
2026-06-03T10:58:00Z,KZ-TR-001,43.259,76.941,65265,0x00,0x00,0x80,0x02
2026-06-03T10:58:00Z,KZ-TR-001,43.259,76.941,65266,0x00,0x98,0x03,0x00
2026-06-03T10:58:00Z,KZ-TR-001,43.259,76.941,65280,0xe0,0x2e,0x00,0x00
2026-06-03T10:59:00Z,KZ-TR-001,43.264,76.948,65265,0x00,0x00,0x80,0x02
2026-06-03T10:59:00Z,KZ-TR-001,43.264,76.948,65266,0x00,0x98,0x03,0x00
2026-06-03T10:59:00Z,KZ-TR-001,43.264,76.948,65280,0xe0,0x2e,0x00,0x00
2026-06-03T11:00:00Z,KZ-TR-001,43.261,76.941,65265,0x00,0x00,0x80,0x02
2026-06-03T11:00:00Z,KZ-TR-001,43.261,76.941,65266,0x00,0x98,0x03,0x00
2026-06-03T11:00:00Z,KZ-TR-001,43.261,76.941,65280,0xe0,0x2e,0x00,0x00
2026-06-03T11:01:00Z,KZ-TR-001,43.265,76.945,65265,0x00,0x00,0x80,0x02
2026-06-03T11:01:00Z,KZ-TR-001,43.265,76.945,65266,0x00,0x98,0x03,0x00
2026-06-03T11:01:00Z,KZ-TR-001,43.265,76.945,65280,0xe0,0x2e,0x00,0x00
2026-06-03T11:02:00Z,KZ-TR-001,43.257,76.947,65265,0x00,0x00,0x80,0x02
2026-06-03T11:02:00Z,KZ-TR-001,43.257,76.947,65266,0x00,0x98,0x03,0x00
2026-06-03T11:02:00Z,KZ-TR-001,43.257,76.947,65280,0xe0,0x2e,0x00,0x00
2026-06-03T11:03:00Z,KZ-TR-001,43.262,76.944,65265,0x00,0x00,0x80,0x02
2026-06-03T11:03:00Z,KZ-TR-001,43.262,76.944,65266,0x00,0x98,0x03,0x00
2026-06-03T11:03:00Z,KZ-TR-001,43.262,76.944,65280,0xe0,0x2e,0x00,0x00
2026-06-03T11:04:00Z,KZ-TR-001,43.265,76.947,65265,0x00,0x00,0x80,0x02
2026-06-03T11:04:00Z,KZ-TR-001,43.265,76.947,65266,0x00,0x98,0x03,0x00
2026-06-03T11:04:00Z,KZ-TR-001,43.265,76.947,65280,0xe0,0x2e,0x00,0x00
2026-06-03T11:05:00Z,KZ-TR-001,43.264,76.945,65265,0x00,0x00,0x80,0x02
2026-06-03T11:05:00Z,KZ-TR-001,43.264,76.945,65266,0x00,0x98,0x03,0x00
2026-06-03T11:05:00Z,KZ-TR-001,43.264,76.945,65280,0xe0,0x2e,0x00,0x00
2026-06-03T11:06:00Z,KZ-TR-001,43.263,76.949,65265,0x00,0x00,0x80,0x02
2026-06-03T11:06:00Z,KZ-TR-001,43.263,76.949,65266,0x00,0x98,0x03,0x00
2026-06-03T11:06:00Z,KZ-TR-001,43.263,76.949,65280,0xe0,0x2e,0x00,0x00
2026-06-03T11:07:00Z,KZ-TR-001,43.258,76.942,65265,0x00,0x00,0x80,0x02
2026-06-03T11:07:00Z,KZ-TR-001,43.258,76.942,65266,0x00,0x98,0x03,0x00
2026-06-03T11:07:00Z,KZ-TR-001,43.258,76.942,65280,0xe0,0x2e,0x00,0x00
2026-06-03T11:08:00Z,KZ-TR-001,43.259,76.944,65265,0x00,0x00,0x80,0x02
2026-06-03T11:08:00Z,KZ-TR-001,43.259,76.944,65266,0x00,0x98,0x03,0x00
2026-06-03T11:08:00Z,KZ-TR-001,43.259,76.944,65280,0xe0,0x2e,0x00,0x00
2026-06-03T11:09:00Z,KZ-TR-001,43.264,76.942,65265,0x00,0x00,0x80,0x02
2026-06-03T11:09:00Z,KZ-TR-001,43.264,76.942,65266,0x00,0x98,0x03,0x00
2026-06-03T11:09:00Z,KZ-TR-001,43.264,76.942,65280,0xe0,0x2e,0x00,0x00
2026-06-03T11:10:00Z,KZ-TR-001,43.256,76.944,65265,0x00,0x00,0x80,0x02
2026-06-03T11:10:00Z,KZ-TR-001,43.256,76.944,65266,0x00,0x98,0x03,0x00
2026-06-03T11:10:00Z,KZ-TR-001,43.256,76.944,65280,0xe0,0x2e,0x00,0x00
2026-06-03T11:11:00Z,KZ-TR-001,43.255,76.942,65265,0x00,0x00,0x80,0x02
2026-06-03T11:11:00Z,KZ-TR-001,43.255,76.942,65266,0x00,0x98,0x03,0x00
2026-06-03T11:11:00Z,KZ-TR-001,43.255,76.942,65280,0xe0,0x2e,0x00,0x00
2026-06-03T11:12:00Z,KZ-TR-001,43.265,76.949,65265,0x00,0x00,0x80,0x02
2026-06-03T11:12:00Z,KZ-TR-001,43.265,76.949,65266,0x00,0x98,0x03,0x00
2026-06-03T11:12:00Z,KZ-TR-001,43.265,76.949,65280,0xe0,0x2e,0x00,0x00
2026-06-03T11:13:00Z,KZ-TR-001,43.264,76.950,65265,0x00,0x00,0x80,0x02
2026-06-03T11:13:00Z,KZ-TR-001,43.264,76.950,65266,0x00,0x98,0x03,0x00
2026-06-03T11:13:00Z,KZ-TR-001,43.264,76.950,65280,0xe0,0x2e,0x00,0x00
2026-06-03T11:14:00Z,KZ-TR-001,43.262,76.944,65265,0x00,0x00,0x80,0x02
2026-06-03T11:14:00Z,KZ-TR-001,43.262,76.944,65266,0x00,0x98,0x03,0x00
2026-06-03T11:14:00Z,KZ-TR-001,43.262,76.944,65280,0xe0,0x2e,0x00,0x00
2026-06-03T11:15:00Z,KZ-TR-001,43.262,76.943,65265,0x00,0x00,0x80,0x02
2026-06-03T11:15:00Z,KZ-TR-001,43.262,76.943,65266,0x00,0x98,0x03,0x00
2026-06-03T11:15:00Z,KZ-TR-001,43.262,76.943,65280,0xe0,0x2e,0x00,0x00
2026-06-03T11:16:00Z,KZ-TR-001,43.259,76.947,65265,0x00,0x00,0x80,0x02
2026-06-03T11:16:00Z,KZ-TR-001,43.259,76.947,65266,0x00,0x98,0x03,0x00
2026-06-03T11:16:00Z,KZ-TR-001,43.259,76.947,65280,0xe0,0x2e,0x00,0x00
2026-06-03T11:17:00Z,KZ-TR-001,43.256,76.941,65265,0x00,0x00,0x80,0x02
2026-06-03T11:17:00Z,KZ-TR-001,43.256,76.941,65266,0x00,0x98,0x03,0x00
2026-06-03T11:17:00Z,KZ-TR-001,43.256,76.941,65280,0xe0,0x2e,0x00,0x00
2026-06-03T11:18:00Z,KZ-TR-001,43.256,76.943,65265,0x00,0x00,0x80,0x02
2026-06-03T11:18:00Z,KZ-TR-001,43.256,76.943,65266,0x00,0x98,0x03,0x00
2026-06-03T11:18:00Z,KZ-TR-001,43.256,76.943,65280,0xe0,0x2e,0x00,0x00
2026-06-03T11:19:00Z,KZ-TR-001,43.256,76.944,65265,0x00,0x00,0x80,0x02
2026-06-03T11:19:00Z,KZ-TR-001,43.256,76.944,65266,0x00,0x98,0x03,0x00
2026-06-03T11:19:00Z,KZ-TR-001,43.256,76.944,65280,0xe0,0x2e,0x00,0x00
2026-06-03T11:20:00Z,KZ-TR-001,43.264,76.948,65265,0x00,0x00,0x80,0x02
2026-06-03T11:20:00Z,KZ-TR-001,43.264,76.948,65266,0x00,0x98,0x03,0x00
2026-06-03T11:20:00Z,KZ-TR-001,43.264,76.948,65280,0xe0,0x2e,0x00,0x00
2026-06-03T11:21:00Z,KZ-TR-001,43.256,76.949,65265,0x00,0x00,0x80,0x02
2026-06-03T11:21:00Z,KZ-TR-001,43.256,76.949,65266,0x00,0x98,0x03,0x00
2026-06-03T11:21:00Z,KZ-TR-001,43.256,76.949,65280,0xe0,0x2e,0x00,0x00
2026-06-03T11:22:00Z,KZ-TR-001,43.256,76.950,65265,0x00,0x00,0x80,0x02
2026-06-03T11:22:00Z,KZ-TR-001,43.256,76.950,65266,0x00,0x98,0x03,0x00
2026-06-03T11:22:00Z,KZ-TR-001,43.256,76.950,65280,0xe0,0x2e,0x00,0x00
2026-06-03T11:23:00Z,KZ-TR-001,43.263,76.941,65265,0x00,0x00,0x80,0x02
2026-06-03T11:23:00Z,KZ-TR-001,43.263,76.941,65266,0x00,0x98,0x03,0x00
2026-06-03T11:23:00Z,KZ-TR-001,43.263,76.941,65280,0xe0,0x2e,0x00,0x00
2026-06-03T11:24:00Z,KZ-TR-001,43.259,76.950,65265,0x00,0x00,0x80,0x02
2026-06-03T11:24:00Z,KZ-TR-001,43.259,76.950,65266,0x00,0x98,0x03,0x00
2026-06-03T11:24:00Z,KZ-TR-001,43.259,76.950,65280,0xe0,0x2e,0x00,0x00
2026-06-03T11:25:00Z,KZ-TR-001,43.258,76.947,65265,0x00,0x00,0x80,0x02
2026-06-03T11:25:00Z,KZ-TR-001,43.258,76.947,65266,0x00,0x98,0x03,0x00
2026-06-03T11:25:00Z,KZ-TR-001,43.258,76.947,65280,0xe0,0x2e,0x00,0x00
2026-06-03T11:26:00Z,KZ-TR-001,43.263,76.944,65265,0x00,0x00,0x80,0x02
2026-06-03T11:26:00Z,KZ-TR-001,43.263,76.944,65266,0x00,0x98,0x03,0x00
2026-06-03T11:26:00Z,KZ-TR-001,43.263,76.944,65280,0xe0,0x2e,0x00,0x00
2026-06-03T11:27:00Z,KZ-TR-001,43.258,76.949,65265,0x00,0x00,0x80,0x02
2026-06-03T11:27:00Z,KZ-TR-001,43.258,76.949,65266,0x00,0x98,0x03,0x00
2026-06-03T11:27:00Z,KZ-TR-001,43.258,76.949,65280,0xe0,0x2e,0x00,0x00
2026-06-03T11:28:00Z,KZ-TR-001,43.260,76.945,65265,0x00,0x00,0x80,0x02
2026-06-03T11:28:00Z,KZ-TR-001,43.260,76.945,65266,0x00,0x98,0x03,0x00
2026-06-03T11:28:00Z,KZ-TR-001,43.260,76.945,65280,0xe0,0x2e,0x00,0x00
2026-06-03T11:29:00Z,KZ-TR-001,43.262,76.945,65265,0x00,0x00,0x80,0x02
2026-06-03T11:29:00Z,KZ-TR-001,43.262,76.945,65266,0x00,0x98,0x03,0x00
2026-06-03T11:29:00Z,KZ-TR-001,43.262,76.945,65280,0xe0,0x2e,0x00,0x00
2026-06-03T11:30:00Z,KZ-TR-001,43.258,76.946,65265,0x00,0x00,0x80,0x02
2026-06-03T11:30:00Z,KZ-TR-001,43.258,76.946,65266,0x00,0x98,0x03,0x00
2026-06-03T11:30:00Z,KZ-TR-001,43.258,76.946,65280,0xe0,0x2e,0x00,0x00
2026-06-03T11:31:00Z,KZ-TR-001,43.264,76.943,65265,0x00,0x00,0x80,0x02
2026-06-03T11:31:00Z,KZ-TR-001,43.264,76.943,65266,0x00,0x98,0x03,0x00
2026-06-03T11:31:00Z,KZ-TR-001,43.264,76.943,65280,0xe0,0x2e,0x00,0x00
2026-06-03T11:32:00Z,KZ-TR-001,43.262,76.949,65265,0x00,0x00,0x80,0x02
2026-06-03T11:32:00Z,KZ-TR-001,43.262,76.949,65266,0x00,0x98,0x03,0x00
2026-06-03T11:32:00Z,KZ-TR-001,43.262,76.949,65280,0xe0,0x2e,0x00,0x00
2026-06-03T11:33:00Z,KZ-TR-001,43.265,76.943,65265,0x00,0x00,0x80,0x02
2026-06-03T11:33:00Z,KZ-TR-001,43.265,76.943,65266,0x00,0x98,0x03,0x00
2026-06-03T11:33:00Z,KZ-TR-001,43.265,76.943,65280,0xe0,0x2e,0x00,0x00
2026-06-03T11:34:00Z,KZ-TR-001,43.255,76.949,65265,0x00,0x00,0x80,0x02
2026-06-03T11:34:00Z,KZ-TR-001,43.255,76.949,65266,0x00,0x98,0x03,0x00
2026-06-03T11:34:00Z,KZ-TR-001,43.255,76.949,65280,0xe0,0x2e,0x00,0x00
2026-06-03T11:35:00Z,KZ-TR-001,43.258,76.943,65265,0x00,0x00,0x80,0x02
2026-06-03T11:35:00Z,KZ-TR-001,43.258,76.943,65266,0x00,0x98,0x03,0x00
2026-06-03T11:35:00Z,KZ-TR-001,43.258,76.943,65280,0xe0,0x2e,0x00,0x00
2026-06-03T11:36:00Z,KZ-TR-001,43.262,76.946,65265,0x00,0x00,0x80,0x02
2026-06-03T11:36:00Z,KZ-TR-001,43.262,76.946,65266,0x00,0x98,0x03,0x00
2026-06-03T11:36:00Z,KZ-TR-001,43.262,76.946,65280,0xe0,0x2e,0x00,0x00
2026-06-03T11:37:00Z,KZ-TR-001,43.260,76.940,65265,0x00,0x00,0x80,0x02
2026-06-03T11:37:00Z,KZ-TR-001,43.260,76.940,65266,0x00,0x98,0x03,0x00
2026-06-03T11:37:00Z,KZ-TR-001,43.260,76.940,65280,0xe0,0x2e,0x00,0x00
2026-06-03T11:38:00Z,KZ-TR-001,43.261,76.946,65265,0x00,0x00,0x80,0x02
2026-06-03T11:38:00Z,KZ-TR-001,43.261,76.946,65266,0x00,0x98,0x03,0x00
2026-06-03T11:38:00Z,KZ-TR-001,43.261,76.946,65280,0xe0,0x2e,0x00,0x00
2026-06-03T11:39:00Z,KZ-TR-001,43.261,76.944,65265,0x00,0x00,0x80,0x02
2026-06-03T11:39:00Z,KZ-TR-001,43.261,76.944,65266,0x00,0x98,0x03,0x00
2026-06-03T11:39:00Z,KZ-TR-001,43.261,76.944,65280,0xe0,0x2e,0x00,0x00
2026-06-03T11:40:00Z,KZ-TR-001,43.259,76.946,65265,0x00,0x00,0x80,0x02
2026-06-03T11:40:00Z,KZ-TR-001,43.259,76.946,65266,0x00,0x98,0x03,0x00
2026-06-03T11:40:00Z,KZ-TR-001,43.259,76.946,65280,0xe0,0x2e,0x00,0x00
2026-06-03T11:41:00Z,KZ-TR-001,43.259,76.943,65265,0x00,0x00,0x80,0x02
2026-06-03T11:41:00Z,KZ-TR-001,43.259,76.943,65266,0x00,0x98,0x03,0x00
2026-06-03T11:41:00Z,KZ-TR-001,43.259,76.943,65280,0xe0,0x2e,0x00,0x00
2026-06-03T11:42:00Z,KZ-TR-001,43.257,76.944,65265,0x00,0x00,0x80,0x02
2026-06-03T11:42:00Z,KZ-TR-001,43.257,76.944,65266,0x00,0x98,0x03,0x00
2026-06-03T11:42:00Z,KZ-TR-001,43.257,76.944,65280,0xe0,0x2e,0x00,0x00
2026-06-03T11:43:00Z,KZ-TR-001,43.261,76.949,65265,0x00,0x00,0x80,0x02
2026-06-03T11:43:00Z,KZ-TR-001,43.261,76.949,65266,0x00,0x98,0x03,0x00
2026-06-03T11:43:00Z,KZ-TR-001,43.261,76.949,65280,0xe0,0x2e,0x00,0x00
2026-06-03T11:44:00Z,KZ-TR-001,43.260,76.949,65265,0x00,0x00,0x80,0x02
2026-06-03T11:44:00Z,KZ-TR-001,43.260,76.949,65266,0x00,0x98,0x03,0x00
2026-06-03T11:44:00Z,KZ-TR-001,43.260,76.949,65280,0xe0,0x2e,0x00,0x00
2026-06-03T11:45:00Z,KZ-TR-001,43.258,76.950,65265,0x00,0x00,0x80,0x02
2026-06-03T11:45:00Z,KZ-TR-001,43.258,76.950,65266,0x00,0x98,0x03,0x00
2026-06-03T11:45:00Z,KZ-TR-001,43.258,76.950,65280,0xe0,0x2e,0x00,0x00
2026-06-03T11:46:00Z,KZ-TR-001,43.259,76.941,65265,0x00,0x00,0x80,0x02
2026-06-03T11:46:00Z,KZ-TR-001,43.259,76.941,65266,0x00,0x98,0x03,0x00
2026-06-03T11:46:00Z,KZ-TR-001,43.259,76.941,65280,0xe0,0x2e,0x00,0x00
2026-06-03T11:47:00Z,KZ-TR-001,43.263,76.944,65265,0x00,0x00,0x80,0x02
2026-06-03T11:47:00Z,KZ-TR-001,43.263,76.944,65266,0x00,0x98,0x03,0x00
2026-06-03T11:47:00Z,KZ-TR-001,43.263,76.944,65280,0xe0,0x2e,0x00,0x00
2026-06-03T11:48:00Z,KZ-TR-001,43.256,76.944,65265,0x00,0x00,0x80,0x02
2026-06-03T11:48:00Z,KZ-TR-001,43.256,76.944,65266,0x00,0x98,0x03,0x00
2026-06-03T11:48:00Z,KZ-TR-001,43.256,76.944,65280,0xe0,0x2e,0x00,0x00
2026-06-03T11:49:00Z,KZ-TR-001,43.256,76.941,65265,0x00,0x00,0x80,0x02
2026-06-03T11:49:00Z,KZ-TR-001,43.256,76.941,65266,0x00,0x98,0x03,0x00
2026-06-03T11:49:00Z,KZ-TR-001,43.256,76.941,65280,0xe0,0x2e,0x00,0x00
2026-06-03T11:50:00Z,KZ-TR-001,43.259,76.946,65265,0x00,0x00,0x80,0x02
2026-06-03T11:50:00Z,KZ-TR-001,43.259,76.946,65266,0x00,0x98,0x03,0x00
2026-06-03T11:50:00Z,KZ-TR-001,43.259,76.946,65280,0xe0,0x2e,0x00,0x00
2026-06-03T11:51:00Z,KZ-TR-001,43.265,76.940,65265,0x00,0x00,0x80,0x02
2026-06-03T11:51:00Z,KZ-TR-001,43.265,76.940,65266,0x00,0x98,0x03,0x00
2026-06-03T11:51:00Z,KZ-TR-001,43.265,76.940,65280,0xe0,0x2e,0x00,0x00
2026-06-03T11:52:00Z,KZ-TR-001,43.260,76.950,65265,0x00,0x00,0x80,0x02
2026-06-03T11:52:00Z,KZ-TR-001,43.260,76.950,65266,0x00,0x98,0x03,0x00
2026-06-03T11:52:00Z,KZ-TR-001,43.260,76.950,65280,0xe0,0x2e,0x00,0x00
2026-06-03T11:53:00Z,KZ-TR-001,43.257,76.943,65265,0x00,0x00,0x80,0x02
2026-06-03T11:53:00Z,KZ-TR-001,43.257,76.943,65266,0x00,0x98,0x03,0x00
2026-06-03T11:53:00Z,KZ-TR-001,43.257,76.943,65280,0xe0,0x2e,0x00,0x00
2026-06-03T11:54:00Z,KZ-TR-001,43.259,76.940,65265,0x00,0x00,0x80,0x02
2026-06-03T11:54:00Z,KZ-TR-001,43.259,76.940,65266,0x00,0x98,0x03,0x00
2026-06-03T11:54:00Z,KZ-TR-001,43.259,76.940,65280,0xe0,0x2e,0x00,0x00
2026-06-03T11:55:00Z,KZ-TR-001,43.258,76.947,65265,0x00,0x00,0x80,0x02
2026-06-03T11:55:00Z,KZ-TR-001,43.258,76.947,65266,0x00,0x98,0x03,0x00
2026-06-03T11:55:00Z,KZ-TR-001,43.258,76.947,65280,0xe0,0x2e,0x00,0x00
2026-06-03T11:56:00Z,KZ-TR-001,43.264,76.949,65265,0x00,0x00,0x80,0x02
2026-06-03T11:56:00Z,KZ-TR-001,43.264,76.949,65266,0x00,0x98,0x03,0x00
2026-06-03T11:56:00Z,KZ-TR-001,43.264,76.949,65280,0xe0,0x2e,0x00,0x00
2026-06-03T11:57:00Z,KZ-TR-001,43.259,76.946,65265,0x00,0x00,0x80,0x02
2026-06-03T11:57:00Z,KZ-TR-001,43.259,76.946,65266,0x00,0x98,0x03,0x00
2026-06-03T11:57:00Z,KZ-TR-001,43.259,76.946,65280,0xe0,0x2e,0x00,0x00
2026-06-03T11:58:00Z,KZ-TR-001,43.262,76.941,65265,0x00,0x00,0x80,0x02
2026-06-03T11:58:00Z,KZ-TR-001,43.262,76.941,65266,0x00,0x98,0x03,0x00
2026-06-03T11:58:00Z,KZ-TR-001,43.262,76.941,65280,0xe0,0x2e,0x00,0x00
2026-06-03T11:59:00Z,KZ-TR-001,43.259,76.944,65265,0x00,0x00,0x80,0x02
2026-06-03T11:59:00Z,KZ-TR-001,43.259,76.944,65266,0x00,0x98,0x03,0x00
2026-06-03T11:59:00Z,KZ-TR-001,43.259,76.944,65280,0xe0,0x2e,0x00,0x00
2026-06-03T12:00:00Z,KZ-TR-001,43.263,76.943,65265,0x00,0x00,0x80,0x02
2026-06-03T12:00:00Z,KZ-TR-001,43.263,76.943,65266,0x00,0x98,0x03,0x00
2026-06-03T12:00:00Z,KZ-TR-001,43.263,76.943,65280,0xe0,0x2e,0x00,0x00
2026-06-03T12:01:00Z,KZ-TR-001,43.264,76.941,65265,0x00,0x00,0x80,0x02
2026-06-03T12:01:00Z,KZ-TR-001,43.264,76.941,65266,0x00,0x98,0x03,0x00
2026-06-03T12:01:00Z,KZ-TR-001,43.264,76.941,65280,0xe0,0x2e,0x00,0x00
2026-06-03T12:02:00Z,KZ-TR-001,43.263,76.942,65265,0x00,0x00,0x80,0x02
2026-06-03T12:02:00Z,KZ-TR-001,43.263,76.942,65266,0x00,0x98,0x03,0x00
2026-06-03T12:02:00Z,KZ-TR-001,43.263,76.942,65280,0xe0,0x2e,0x00,0x00
2026-06-03T12:03:00Z,KZ-TR-001,43.256,76.948,65265,0x00,0x00,0x80,0x02
2026-06-03T12:03:00Z,KZ-TR-001,43.256,76.948,65266,0x00,0x98,0x03,0x00
2026-06-03T12:03:00Z,KZ-TR-001,43.256,76.948,65280,0xe0,0x2e,0x00,0x00
2026-06-03T12:04:00Z,KZ-TR-001,43.259,76.947,65265,0x00,0x00,0x80,0x02
2026-06-03T12:04:00Z,KZ-TR-001,43.259,76.947,65266,0x00,0x98,0x03,0x00
2026-06-03T12:04:00Z,KZ-TR-001,43.259,76.947,65280,0xe0,0x2e,0x00,0x00
2026-06-03T12:05:00Z,KZ-TR-001,43.263,76.943,65265,0x00,0x00,0x80,0x02
2026-06-03T12:05:00Z,KZ-TR-001,43.263,76.943,65266,0x00,0x98,0x03,0x00
2026-06-03T12:05:00Z,KZ-TR-001,43.263,76.943,65280,0xe0,0x2e,0x00,0x00
2026-06-03T12:06:00Z,KZ-TR-001,43.256,76.946,65265,0x00,0x00,0x80,0x02
2026-06-03T12:06:00Z,KZ-TR-001,43.256,76.946,65266,0x00,0x98,0x03,0x00
2026-06-03T12:06:00Z,KZ-TR-001,43.256,76.946,65280,0xe0,0x2e,0x00,0x00
2026-06-03T12:07:00Z,KZ-TR-001,43.257,76.941,65265,0x00,0x00,0x80,0x02
2026-06-03T12:07:00Z,KZ-TR-001,43.257,76.941,65266,0x00,0x98,0x03,0x00
2026-06-03T12:07:00Z,KZ-TR-001,43.257,76.941,65280,0xe0,0x2e,0x00,0x00
2026-06-03T12:08:00Z,KZ-TR-001,43.257,76.943,65265,0x00,0x00,0x80,0x02
2026-06-03T12:08:00Z,KZ-TR-001,43.257,76.943,65266,0x00,0x98,0x03,0x00
2026-06-03T12:08:00Z,KZ-TR-001,43.257,76.943,65280,0xe0,0x2e,0x00,0x00
2026-06-03T12:09:00Z,KZ-TR-001,43.258,76.946,65265,0x00,0x00,0x80,0x02
2026-06-03T12:09:00Z,KZ-TR-001,43.258,76.946,65266,0x00,0x98,0x03,0x00
2026-06-03T12:09:00Z,KZ-TR-001,43.258,76.946,65280,0xe0,0x2e,0x00,0x00
2026-06-03T12:10:00Z,KZ-TR-001,43.256,76.940,65265,0x00,0x00,0x80,0x02
2026-06-03T12:10:00Z,KZ-TR-001,43.256,76.940,65266,0x00,0x98,0x03,0x00
2026-06-03T12:10:00Z,KZ-TR-001,43.256,76.940,65280,0xe0,0x2e,0x00,0x00
2026-06-03T12:11:00Z,KZ-TR-001,43.264,76.947,65265,0x00,0x00,0x80,0x02
2026-06-03T12:11:00Z,KZ-TR-001,43.264,76.947,65266,0x00,0x98,0x03,0x00
2026-06-03T12:11:00Z,KZ-TR-001,43.264,76.947,65280,0xe0,0x2e,0x00,0x00
2026-06-03T12:12:00Z,KZ-TR-001,43.261,76.944,65265,0x00,0x00,0x80,0x02
2026-06-03T12:12:00Z,KZ-TR-001,43.261,76.944,65266,0x00,0x98,0x03,0x00
2026-06-03T12:12:00Z,KZ-TR-001,43.261,76.944,65280,0xe0,0x2e,0x00,0x00
2026-06-03T12:13:00Z,KZ-TR-001,43.257,76.942,65265,0x00,0x00,0x80,0x02
2026-06-03T12:13:00Z,KZ-TR-001,43.257,76.942,65266,0x00,0x98,0x03,0x00
2026-06-03T12:13:00Z,KZ-TR-001,43.257,76.942,65280,0xe0,0x2e,0x00,0x00
2026-06-03T12:14:00Z,KZ-TR-001,43.258,76.942,65265,0x00,0x00,0x80,0x02
2026-06-03T12:14:00Z,KZ-TR-001,43.258,76.942,65266,0x00,0x98,0x03,0x00
2026-06-03T12:14:00Z,KZ-TR-001,43.258,76.942,65280,0xe0,0x2e,0x00,0x00
2026-06-03T12:15:00Z,KZ-TR-001,43.259,76.941,65265,0x00,0x00,0x80,0x02
2026-06-03T12:15:00Z,KZ-TR-001,43.259,76.941,65266,0x00,0x98,0x03,0x00
2026-06-03T12:15:00Z,KZ-TR-001,43.259,76.941,65280,0xe0,0x2e,0x00,0x00
2026-06-03T12:16:00Z,KZ-TR-001,43.257,76.945,65265,0x00,0x00,0x80,0x02
2026-06-03T12:16:00Z,KZ-TR-001,43.257,76.945,65266,0x00,0x98,0x03,0x00
2026-06-03T12:16:00Z,KZ-TR-001,43.257,76.945,65280,0xe0,0x2e,0x00,0x00
2026-06-03T12:17:00Z,KZ-TR-001,43.256,76.945,65265,0x00,0x00,0x80,0x02
2026-06-03T12:17:00Z,KZ-TR-001,43.256,76.945,65266,0x00,0x98,0x03,0x00
2026-06-03T12:17:00Z,KZ-TR-001,43.256,76.945,65280,0xe0,0x2e,0x00,0x00
2026-06-03T12:18:00Z,KZ-TR-001,43.264,76.943,65265,0x00,0x00,0x80,0x02
2026-06-03T12:18:00Z,KZ-TR-001,43.264,76.943,65266,0x00,0x98,0x03,0x00
2026-06-03T12:18:00Z,KZ-TR-001,43.264,76.943,65280,0xe0,0x2e,0x00,0x00
2026-06-03T12:19:00Z,KZ-TR-001,43.264,76.944,65265,0x00,0x00,0x80,0x02
2026-06-03T12:19:00Z,KZ-TR-001,43.264,76.944,65266,0x00,0x98,0x03,0x00
2026-06-03T12:19:00Z,KZ-TR-001,43.264,76.944,65280,0xe0,0x2e,0x00,0x00
2026-06-03T12:20:00Z,KZ-TR-001,43.258,76.946,65265,0x00,0x00,0x80,0x02
2026-06-03T12:20:00Z,KZ-TR-001,43.258,76.946,65266,0x00,0x98,0x03,0x00
2026-06-03T12:20:00Z,KZ-TR-001,43.258,76.946,65280,0xe0,0x2e,0x00,0x00
2026-06-03T12:21:00Z,KZ-TR-001,43.263,76.948,65265,0x00,0x00,0x80,0x02
2026-06-03T12:21:00Z,KZ-TR-001,43.263,76.948,65266,0x00,0x98,0x03,0x00
2026-06-03T12:21:00Z,KZ-TR-001,43.263,76.948,65280,0xe0,0x2e,0x00,0x00
2026-06-03T12:22:00Z,KZ-TR-001,43.255,76.942,65265,0x00,0x00,0x80,0x02
2026-06-03T12:22:00Z,KZ-TR-001,43.255,76.942,65266,0x00,0x98,0x03,0x00
2026-06-03T12:22:00Z,KZ-TR-001,43.255,76.942,65280,0xe0,0x2e,0x00,0x00
2026-06-03T12:23:00Z,KZ-TR-001,43.261,76.947,65265,0x00,0x00,0x80,0x02
2026-06-03T12:23:00Z,KZ-TR-001,43.261,76.947,65266,0x00,0x98,0x03,0x00
2026-06-03T12:23:00Z,KZ-TR-001,43.261,76.947,65280,0xe0,0x2e,0x00,0x00
2026-06-03T12:24:00Z,KZ-TR-001,43.257,76.942,65265,0x00,0x00,0x80,0x02
2026-06-03T12:24:00Z,KZ-TR-001,43.257,76.942,65266,0x00,0x98,0x03,0x00
2026-06-03T12:24:00Z,KZ-TR-001,43.257,76.942,65280,0xe0,0x2e,0x00,0x00
2026-06-03T12:25:00Z,KZ-TR-001,43.260,76.949,65265,0x00,0x00,0x80,0x02
2026-06-03T12:25:00Z,KZ-TR-001,43.260,76.949,65266,0x00,0x98,0x03,0x00
2026-06-03T12:25:00Z,KZ-TR-001,43.260,76.949,65280,0xe0,0x2e,0x00,0x00
2026-06-03T12:26:00Z,KZ-TR-001,43.258,76.942,65265,0x00,0x00,0x80,0x02
2026-06-03T12:26:00Z,KZ-TR-001,43.258,76.942,65266,0x00,0x98,0x03,0x00
2026-06-03T12:26:00Z,KZ-TR-001,43.258,76.942,65280,0xe0,0x2e,0x00,0x00
2026-06-03T12:27:00Z,KZ-TR-001,43.261,76.943,65265,0x00,0x00,0x80,0x02
2026-06-03T12:27:00Z,KZ-TR-001,43.261,76.943,65266,0x00,0x98,0x03,0x00
2026-06-03T12:27:00Z,KZ-TR-001,43.261,76.943,65280,0xe0,0x2e,0x00,0x00
2026-06-03T12:28:00Z,KZ-TR-001,43.258,76.943,65265,0x00,0x00,0x80,0x02
2026-06-03T12:28:00Z,KZ-TR-001,43.258,76.943,65266,0x00,0x98,0x03,0x00
2026-06-03T12:28:00Z,KZ-TR-001,43.258,76.943,65280,0xe0,0x2e,0x00,0x00
2026-06-03T12:29:00Z,KZ-TR-001,43.255,76.949,65265,0x00,0x00,0x80,0x02
2026-06-03T12:29:00Z,KZ-TR-001,43.255,76.949,65266,0x00,0x98,0x03,0x00
2026-06-03T12:29:00Z,KZ-TR-001,43.255,76.949,65280,0xe0,0x2e,0x00,0x00
2026-06-03T12:30:00Z,KZ-TR-001,43.259,76.944,65265,0x00,0x00,0x80,0x02
2026-06-03T12:30:00Z,KZ-TR-001,43.259,76.944,65266,0x00,0x98,0x03,0x00
2026-06-03T12:30:00Z,KZ-TR-001,43.259,76.944,65280,0xe0,0x2e,0x00,0x00
2026-06-03T12:31:00Z,KZ-TR-001,43.258,76.943,65265,0x00,0x00,0x80,0x02
2026-06-03T12:31:00Z,KZ-TR-001,43.258,76.943,65266,0x00,0x98,0x03,0x00
2026-06-03T12:31:00Z,KZ-TR-001,43.258,76.943,65280,0xe0,0x2e,0x00,0x00
2026-06-03T12:32:00Z,KZ-TR-001,43.260,76.947,65265,0x00,0x00,0x80,0x02
2026-06-03T12:32:00Z,KZ-TR-001,43.260,76.947,65266,0x00,0x98,0x03,0x00
2026-06-03T12:32:00Z,KZ-TR-001,43.260,76.947,65280,0xe0,0x2e,0x00,0x00
2026-06-03T12:33:00Z,KZ-TR-001,43.258,76.945,65265,0x00,0x00,0x80,0x02
2026-06-03T12:33:00Z,KZ-TR-001,43.258,76.945,65266,0x00,0x98,0x03,0x00
2026-06-03T12:33:00Z,KZ-TR-001,43.258,76.945,65280,0xe0,0x2e,0x00,0x00
2026-06-03T12:34:00Z,KZ-TR-001,43.263,76.944,65265,0x00,0x00,0x80,0x02
2026-06-03T12:34:00Z,KZ-TR-001,43.263,76.944,65266,0x00,0x98,0x03,0x00
2026-06-03T12:34:00Z,KZ-TR-001,43.263,76.944,65280,0xe0,0x2e,0x00,0x00
2026-06-03T12:35:00Z,KZ-TR-001,43.264,76.942,65265,0x00,0x00,0x80,0x02
2026-06-03T12:35:00Z,KZ-TR-001,43.264,76.942,65266,0x00,0x98,0x03,0x00
2026-06-03T12:35:00Z,KZ-TR-001,43.264,76.942,65280,0xe0,0x2e,0x00,0x00
2026-06-03T12:36:00Z,KZ-TR-001,43.265,76.949,65265,0x00,0x00,0x80,0x02
2026-06-03T12:36:00Z,KZ-TR-001,43.265,76.949,65266,0x00,0x98,0x03,0x00
2026-06-03T12:36:00Z,KZ-TR-001,43.265,76.949,65280,0xe0,0x2e,0x00,0x00
2026-06-03T12:37:00Z,KZ-TR-001,43.257,76.942,65265,0x00,0x00,0x80,0x02
2026-06-03T12:37:00Z,KZ-TR-001,43.257,76.942,65266,0x00,0x98,0x03,0x00
2026-06-03T12:37:00Z,KZ-TR-001,43.257,76.942,65280,0xe0,0x2e,0x00,0x00
2026-06-03T12:38:00Z,KZ-TR-001,43.258,76.945,65265,0x00,0x00,0x80,0x02
2026-06-03T12:38:00Z,KZ-TR-001,43.258,76.945,65266,0x00,0x98,0x03,0x00
2026-06-03T12:38:00Z,KZ-TR-001,43.258,76.945,65280,0xe0,0x2e,0x00,0x00
2026-06-03T12:39:00Z,KZ-TR-001,43.263,76.942,65265,0x00,0x00,0x80,0x02
2026-06-03T12:39:00Z,KZ-TR-001,43.263,76.942,65266,0x00,0x98,0x03,0x00
2026-06-03T12:39:00Z,KZ-TR-001,43.263,76.942,65280,0xe0,0x2e,0x00,0x00
2026-06-03T12:40:00Z,KZ-TR-001,43.258,76.944,65265,0x00,0x00,0x80,0x02
2026-06-03T12:40:00Z,KZ-TR-001,43.258,76.944,65266,0x00,0x98,0x03,0x00
2026-06-03T12:40:00Z,KZ-TR-001,43.258,76.944,65280,0xe0,0x2e,0x00,0x00
2026-06-03T12:41:00Z,KZ-TR-001,43.265,76.950,65265,0x00,0x00,0x80,0x02
2026-06-03T12:41:00Z,KZ-TR-001,43.265,76.950,65266,0x00,0x98,0x03,0x00
2026-06-03T12:41:00Z,KZ-TR-001,43.265,76.950,65280,0xe0,0x2e,0x00,0x00
2026-06-03T12:42:00Z,KZ-TR-001,43.263,76.949,65265,0x00,0x00,0x80,0x02
2026-06-03T12:42:00Z,KZ-TR-001,43.263,76.949,65266,0x00,0x98,0x03,0x00
2026-06-03T12:42:00Z,KZ-TR-001,43.263,76.949,65280,0xe0,0x2e,0x00,0x00
2026-06-03T12:43:00Z,KZ-TR-001,43.256,76.940,65265,0x00,0x00,0x80,0x02
2026-06-03T12:43:00Z,KZ-TR-001,43.256,76.940,65266,0x00,0x98,0x03,0x00
2026-06-03T12:43:00Z,KZ-TR-001,43.256,76.940,65280,0xe0,0x2e,0x00,0x00
2026-06-03T12:44:00Z,KZ-TR-001,43.260,76.944,65265,0x00,0x00,0x80,0x02
2026-06-03T12:44:00Z,KZ-TR-001,43.260,76.944,65266,0x00,0x98,0x03,0x00
2026-06-03T12:44:00Z,KZ-TR-001,43.260,76.944,65280,0xe0,0x2e,0x00,0x00
2026-06-03T12:45:00Z,KZ-TR-001,43.263,76.945,65265,0x00,0x00,0x80,0x02
2026-06-03T12:45:00Z,KZ-TR-001,43.263,76.945,65266,0x00,0x98,0x03,0x00
2026-06-03T12:45:00Z,KZ-TR-001,43.263,76.945,65280,0xe0,0x2e,0x00,0x00
2026-06-03T12:46:00Z,KZ-TR-001,43.261,76.940,65265,0x00,0x00,0x80,0x02
2026-06-03T12:46:00Z,KZ-TR-001,43.261,76.940,65266,0x00,0x98,0x03,0x00
2026-06-03T12:46:00Z,KZ-TR-001,43.261,76.940,65280,0xe0,0x2e,0x00,0x00
2026-06-03T12:47:00Z,KZ-TR-001,43.262,76.942,65265,0x00,0x00,0x80,0x02
2026-06-03T12:47:00Z,KZ-TR-001,43.262,76.942,65266,0x00,0x98,0x03,0x00
2026-06-03T12:47:00Z,KZ-TR-001,43.262,76.942,65280,0xe0,0x2e,0x00,0x00
2026-06-03T12:48:00Z,KZ-TR-001,43.257,76.941,65265,0x00,0x00,0x80,0x02
2026-06-03T12:48:00Z,KZ-TR-001,43.257,76.941,65266,0x00,0x98,0x03,0x00
2026-06-03T12:48:00Z,KZ-TR-001,43.257,76.941,65280,0xe0,0x2e,0x00,0x00
2026-06-03T12:49:00Z,KZ-TR-001,43.258,76.947,65265,0x00,0x00,0x80,0x02
2026-06-03T12:49:00Z,KZ-TR-001,43.258,76.947,65266,0x00,0x98,0x03,0x00
2026-06-03T12:49:00Z,KZ-TR-001,43.258,76.947,65280,0xe0,0x2e,0x00,0x00
2026-06-03T12:50:00Z,KZ-TR-001,43.262,76.947,65265,0x00,0x00,0x80,0x02
2026-06-03T12:50:00Z,KZ-TR-001,43.262,76.947,65266,0x00,0x98,0x03,0x00
2026-06-03T12:50:00Z,KZ-TR-001,43.262,76.947,65280,0xe0,0x2e,0x00,0x00
2026-06-03T12:51:00Z,KZ-TR-001,43.255,76.946,65265,0x00,0x00,0x80,0x02
2026-06-03T12:51:00Z,KZ-TR-001,43.255,76.946,65266,0x00,0x98,0x03,0x00
2026-06-03T12:51:00Z,KZ-TR-001,43.255,76.946,65280,0xe0,0x2e,0x00,0x00
2026-06-03T12:52:00Z,KZ-TR-001,43.263,76.948,65265,0x00,0x00,0x80,0x02
2026-06-03T12:52:00Z,KZ-TR-001,43.263,76.948,65266,0x00,0x98,0x03,0x00
2026-06-03T12:52:00Z,KZ-TR-001,43.263,76.948,65280,0xe0,0x2e,0x00,0x00
2026-06-03T12:53:00Z,KZ-TR-001,43.260,76.948,65265,0x00,0x00,0x80,0x02
2026-06-03T12:53:00Z,KZ-TR-001,43.260,76.948,65266,0x00,0x98,0x03,0x00
2026-06-03T12:53:00Z,KZ-TR-001,43.260,76.948,65280,0xe0,0x2e,0x00,0x00
2026-06-03T12:54:00Z,KZ-TR-001,43.262,76.948,65265,0x00,0x00,0x80,0x02
2026-06-03T12:54:00Z,KZ-TR-001,43.262,76.948,65266,0x00,0x98,0x03,0x00
2026-06-03T12:54:00Z,KZ-TR-001,43.262,76.948,65280,0xe0,0x2e,0x00,0x00
2026-06-03T12:55:00Z,KZ-TR-001,43.256,76.948,65265,0x00,0x00,0x80,0x02
2026-06-03T12:55:00Z,KZ-TR-001,43.256,76.948,65266,0x00,0x98,0x03,0x00
2026-06-03T12:55:00Z,KZ-TR-001,43.256,76.948,65280,0xe0,0x2e,0x00,0x00
2026-06-03T12:56:00Z,KZ-TR-001,43.262,76.941,65265,0x00,0x00,0x80,0x02
2026-06-03T12:56:00Z,KZ-TR-001,43.262,76.941,65266,0x00,0x98,0x03,0x00
2026-06-03T12:56:00Z,KZ-TR-001,43.262,76.941,65280,0xe0,0x2e,0x00,0x00
2026-06-03T12:57:00Z,KZ-TR-001,43.255,76.941,65265,0x00,0x00,0x80,0x02
2026-06-03T12:57:00Z,KZ-TR-001,43.255,76.941,65266,0x00,0x98,0x03,0x00
2026-06-03T12:57:00Z,KZ-TR-001,43.255,76.941,65280,0xe0,0x2e,0x00,0x00
2026-06-03T12:58:00Z,KZ-TR-001,43.263,76.943,65265,0x00,0x00,0x80,0x02
2026-06-03T12:58:00Z,KZ-TR-001,43.263,76.943,65266,0x00,0x98,0x03,0x00
2026-06-03T12:58:00Z,KZ-TR-001,43.263,76.943,65280,0xe0,0x2e,0x00,0x00
2026-06-03T12:59:00Z,KZ-TR-001,43.261,76.946,65265,0x00,0x00,0x80,0x02
2026-06-03T12:59:00Z,KZ-TR-001,43.261,76.946,65266,0x00,0x98,0x03,0x00
2026-06-03T12:59:00Z,KZ-TR-001,43.261,76.946,65280,0xe0,0x2e,0x00,0x00
2026-06-03T13:00:00Z,KZ-TR-001,43.258,76.942,65265,0x00,0x00,0x80,0x02
2026-06-03T13:00:00Z,KZ-TR-001,43.258,76.942,65266,0x00,0x98,0x03,0x00
2026-06-03T13:00:00Z,KZ-TR-001,43.258,76.942,65280,0xe0,0x2e,0x00,0x00
2026-06-03T13:01:00Z,KZ-TR-001,43.257,76.943,65265,0x00,0x00,0x80,0x02
2026-06-03T13:01:00Z,KZ-TR-001,43.257,76.943,65266,0x00,0x98,0x03,0x00
2026-06-03T13:01:00Z,KZ-TR-001,43.257,76.943,65280,0xe0,0x2e,0x00,0x00
2026-06-03T13:02:00Z,KZ-TR-001,43.258,76.945,65265,0x00,0x00,0x80,0x02
2026-06-03T13:02:00Z,KZ-TR-001,43.258,76.945,65266,0x00,0x98,0x03,0x00
2026-06-03T13:02:00Z,KZ-TR-001,43.258,76.945,65280,0xe0,0x2e,0x00,0x00
2026-06-03T13:03:00Z,KZ-TR-001,43.263,76.943,65265,0x00,0x00,0x80,0x02
2026-06-03T13:03:00Z,KZ-TR-001,43.263,76.943,65266,0x00,0x98,0x03,0x00
2026-06-03T13:03:00Z,KZ-TR-001,43.263,76.943,65280,0xe0,0x2e,0x00,0x00
2026-06-03T13:04:00Z,KZ-TR-001,43.264,76.949,65265,0x00,0x00,0x80,0x02
2026-06-03T13:04:00Z,KZ-TR-001,43.264,76.949,65266,0x00,0x98,0x03,0x00
2026-06-03T13:04:00Z,KZ-TR-001,43.264,76.949,65280,0xe0,0x2e,0x00,0x00
2026-06-03T13:05:00Z,KZ-TR-001,43.256,76.947,65265,0x00,0x00,0x80,0x02
2026-06-03T13:05:00Z,KZ-TR-001,43.256,76.947,65266,0x00,0x98,0x03,0x00
2026-06-03T13:05:00Z,KZ-TR-001,43.256,76.947,65280,0xe0,0x2e,0x00,0x00
2026-06-03T13:06:00Z,KZ-TR-001,43.263,76.946,65265,0x00,0x00,0x80,0x02
2026-06-03T13:06:00Z,KZ-TR-001,43.263,76.946,65266,0x00,0x98,0x03,0x00
2026-06-03T13:06:00Z,KZ-TR-001,43.263,76.946,65280,0xe0,0x2e,0x00,0x00
2026-06-03T13:07:00Z,KZ-TR-001,43.262,76.944,65265,0x00,0x00,0x80,0x02
2026-06-03T13:07:00Z,KZ-TR-001,43.262,76.944,65266,0x00,0x98,0x03,0x00
2026-06-03T13:07:00Z,KZ-TR-001,43.262,76.944,65280,0xe0,0x2e,0x00,0x00
2026-06-03T13:08:00Z,KZ-TR-001,43.264,76.948,65265,0x00,0x00,0x80,0x02
2026-06-03T13:08:00Z,KZ-TR-001,43.264,76.948,65266,0x00,0x98,0x03,0x00
2026-06-03T13:08:00Z,KZ-TR-001,43.264,76.948,65280,0xe0,0x2e,0x00,0x00
2026-06-03T13:09:00Z,KZ-TR-001,43.261,76.945,65265,0x00,0x00,0x80,0x02
2026-06-03T13:09:00Z,KZ-TR-001,43.261,76.945,65266,0x00,0x98,0x03,0x00
2026-06-03T13:09:00Z,KZ-TR-001,43.261,76.945,65280,0xe0,0x2e,0x00,0x00
2026-06-03T13:10:00Z,KZ-TR-001,43.256,76.943,65265,0x00,0x00,0x80,0x02
2026-06-03T13:10:00Z,KZ-TR-001,43.256,76.943,65266,0x00,0x98,0x03,0x00
2026-06-03T13:10:00Z,KZ-TR-001,43.256,76.943,65280,0xe0,0x2e,0x00,0x00
2026-06-03T13:11:00Z,KZ-TR-001,43.258,76.948,65265,0x00,0x00,0x80,0x02
2026-06-03T13:11:00Z,KZ-TR-001,43.258,76.948,65266,0x00,0x98,0x03,0x00
2026-06-03T13:11:00Z,KZ-TR-001,43.258,76.948,65280,0xe0,0x2e,0x00,0x00
2026-06-03T13:12:00Z,KZ-TR-001,43.259,76.949,65265,0x00,0x00,0x80,0x02
2026-06-03T13:12:00Z,KZ-TR-001,43.259,76.949,65266,0x00,0x98,0x03,0x00
2026-06-03T13:12:00Z,KZ-TR-001,43.259,76.949,65280,0xe0,0x2e,0x00,0x00
2026-06-03T13:13:00Z,KZ-TR-001,43.255,76.948,65265,0x00,0x00,0x80,0x02
2026-06-03T13:13:00Z,KZ-TR-001,43.255,76.948,65266,0x00,0x98,0x03,0x00
2026-06-03T13:13:00Z,KZ-TR-001,43.255,76.948,65280,0xe0,0x2e,0x00,0x00
2026-06-03T13:14:00Z,KZ-TR-001,43.259,76.949,65265,0x00,0x00,0x80,0x02
2026-06-03T13:14:00Z,KZ-TR-001,43.259,76.949,65266,0x00,0x98,0x03,0x00
2026-06-03T13:14:00Z,KZ-TR-001,43.259,76.949,65280,0xe0,0x2e,0x00,0x00
2026-06-03T13:15:00Z,KZ-TR-001,43.261,76.950,65265,0x00,0x00,0x80,0x02
2026-06-03T13:15:00Z,KZ-TR-001,43.261,76.950,65266,0x00,0x98,0x03,0x00
2026-06-03T13:15:00Z,KZ-TR-001,43.261,76.950,65280,0xe0,0x2e,0x00,0x00
2026-06-03T13:16:00Z,KZ-TR-001,43.264,76.948,65265,0x00,0x00,0x80,0x02
2026-06-03T13:16:00Z,KZ-TR-001,43.264,76.948,65266,0x00,0x98,0x03,0x00
2026-06-03T13:16:00Z,KZ-TR-001,43.264,76.948,65280,0xe0,0x2e,0x00,0x00
2026-06-03T13:17:00Z,KZ-TR-001,43.264,76.946,65265,0x00,0x00,0x80,0x02
2026-06-03T13:17:00Z,KZ-TR-001,43.264,76.946,65266,0x00,0x98,0x03,0x00
2026-06-03T13:17:00Z,KZ-TR-001,43.264,76.946,65280,0xe0,0x2e,0x00,0x00
2026-06-03T13:18:00Z,KZ-TR-001,43.261,76.946,65265,0x00,0x00,0x80,0x02
2026-06-03T13:18:00Z,KZ-TR-001,43.261,76.946,65266,0x00,0x98,0x03,0x00
2026-06-03T13:18:00Z,KZ-TR-001,43.261,76.946,65280,0xe0,0x2e,0x00,0x00
2026-06-03T13:19:00Z,KZ-TR-001,43.260,76.950,65265,0x00,0x00,0x80,0x02
2026-06-03T13:19:00Z,KZ-TR-001,43.260,76.950,65266,0x00,0x98,0x03,0x00
2026-06-03T13:19:00Z,KZ-TR-001,43.260,76.950,65280,0xe0,0x2e,0x00,0x00
2026-06-03T13:20:00Z,KZ-TR-001,43.264,76.947,65265,0x00,0x00,0x80,0x02
2026-06-03T13:20:00Z,KZ-TR-001,43.264,76.947,65266,0x00,0x98,0x03,0x00
2026-06-03T13:20:00Z,KZ-TR-001,43.264,76.947,65280,0xe0,0x2e,0x00,0x00
2026-06-03T13:21:00Z,KZ-TR-001,43.261,76.946,65265,0x00,0x00,0x80,0x02
2026-06-03T13:21:00Z,KZ-TR-001,43.261,76.946,65266,0x00,0x98,0x03,0x00
2026-06-03T13:21:00Z,KZ-TR-001,43.261,76.946,65280,0xe0,0x2e,0x00,0x00
2026-06-03T13:22:00Z,KZ-TR-001,43.264,76.944,65265,0x00,0x00,0x80,0x02
2026-06-03T13:22:00Z,KZ-TR-001,43.264,76.944,65266,0x00,0x98,0x03,0x00
2026-06-03T13:22:00Z,KZ-TR-001,43.264,76.944,65280,0xe0,0x2e,0x00,0x00
2026-06-03T13:23:00Z,KZ-TR-001,43.257,76.948,65265,0x00,0x00,0x80,0x02
2026-06-03T13:23:00Z,KZ-TR-001,43.257,76.948,65266,0x00,0x98,0x03,0x00
2026-06-03T13:23:00Z,KZ-TR-001,43.257,76.948,65280,0xe0,0x2e,0x00,0x00
2026-06-03T13:24:00Z,KZ-TR-001,43.259,76.943,65265,0x00,0x00,0x80,0x02
2026-06-03T13:24:00Z,KZ-TR-001,43.259,76.943,65266,0x00,0x98,0x03,0x00
2026-06-03T13:24:00Z,KZ-TR-001,43.259,76.943,65280,0xe0,0x2e,0x00,0x00
2026-06-03T13:25:00Z,KZ-TR-001,43.255,76.949,65265,0x00,0x00,0x80,0x02
2026-06-03T13:25:00Z,KZ-TR-001,43.255,76.949,65266,0x00,0x98,0x03,0x00
2026-06-03T13:25:00Z,KZ-TR-001,43.255,76.949,65280,0xe0,0x2e,0x00,0x00
2026-06-03T13:26:00Z,KZ-TR-001,43.261,76.943,65265,0x00,0x00,0x80,0x02
2026-06-03T13:26:00Z,KZ-TR-001,43.261,76.943,65266,0x00,0x98,0x03,0x00
2026-06-03T13:26:00Z,KZ-TR-001,43.261,76.943,65280,0xe0,0x2e,0x00,0x00
2026-06-03T13:27:00Z,KZ-TR-001,43.263,76.947,65265,0x00,0x00,0x80,0x02
2026-06-03T13:27:00Z,KZ-TR-001,43.263,76.947,65266,0x00,0x98,0x03,0x00
2026-06-03T13:27:00Z,KZ-TR-001,43.263,76.947,65280,0xe0,0x2e,0x00,0x00
2026-06-03T13:28:00Z,KZ-TR-001,43.262,76.940,65265,0x00,0x00,0x80,0x02
2026-06-03T13:28:00Z,KZ-TR-001,43.262,76.940,65266,0x00,0x98,0x03,0x00
2026-06-03T13:28:00Z,KZ-TR-001,43.262,76.940,65280,0xe0,0x2e,0x00,0x00
2026-06-03T13:29:00Z,KZ-TR-001,43.264,76.945,65265,0x00,0x00,0x80,0x02
2026-06-03T13:29:00Z,KZ-TR-001,43.264,76.945,65266,0x00,0x98,0x03,0x00
2026-06-03T13:29:00Z,KZ-TR-001,43.264,76.945,65280,0xe0,0x2e,0x00,0x00
2026-06-03T13:30:00Z,KZ-TR-001,43.261,76.948,65265,0x00,0x00,0x80,0x02
2026-06-03T13:30:00Z,KZ-TR-001,43.261,76.948,65266,0x00,0x98,0x03,0x00
2026-06-03T13:30:00Z,KZ-TR-001,43.261,76.948,65280,0xe0,0x2e,0x00,0x00
2026-06-03T13:31:00Z,KZ-TR-001,43.258,76.948,65265,0x00,0x00,0x80,0x02
2026-06-03T13:31:00Z,KZ-TR-001,43.258,76.948,65266,0x00,0x98,0x03,0x00
2026-06-03T13:31:00Z,KZ-TR-001,43.258,76.948,65280,0xe0,0x2e,0x00,0x00
2026-06-03T13:32:00Z,KZ-TR-001,43.262,76.948,65265,0x00,0x00,0x80,0x02
2026-06-03T13:32:00Z,KZ-TR-001,43.262,76.948,65266,0x00,0x98,0x03,0x00
2026-06-03T13:32:00Z,KZ-TR-001,43.262,76.948,65280,0xe0,0x2e,0x00,0x00
2026-06-03T13:33:00Z,KZ-TR-001,43.261,76.949,65265,0x00,0x00,0x80,0x02
2026-06-03T13:33:00Z,KZ-TR-001,43.261,76.949,65266,0x00,0x98,0x03,0x00
2026-06-03T13:33:00Z,KZ-TR-001,43.261,76.949,65280,0xe0,0x2e,0x00,0x00
2026-06-03T13:34:00Z,KZ-TR-001,43.264,76.941,65265,0x00,0x00,0x80,0x02
2026-06-03T13:34:00Z,KZ-TR-001,43.264,76.941,65266,0x00,0x98,0x03,0x00
2026-06-03T13:34:00Z,KZ-TR-001,43.264,76.941,65280,0xe0,0x2e,0x00,0x00
2026-06-03T13:35:00Z,KZ-TR-001,43.259,76.945,65265,0x00,0x00,0x80,0x02
2026-06-03T13:35:00Z,KZ-TR-001,43.259,76.945,65266,0x00,0x98,0x03,0x00
2026-06-03T13:35:00Z,KZ-TR-001,43.259,76.945,65280,0xe0,0x2e,0x00,0x00
2026-06-03T13:36:00Z,KZ-TR-001,43.262,76.944,65265,0x00,0x00,0x80,0x02
2026-06-03T13:36:00Z,KZ-TR-001,43.262,76.944,65266,0x00,0x98,0x03,0x00
2026-06-03T13:36:00Z,KZ-TR-001,43.262,76.944,65280,0xe0,0x2e,0x00,0x00
2026-06-03T13:37:00Z,KZ-TR-001,43.259,76.950,65265,0x00,0x00,0x80,0x02
2026-06-03T13:37:00Z,KZ-TR-001,43.259,76.950,65266,0x00,0x98,0x03,0x00
2026-06-03T13:37:00Z,KZ-TR-001,43.259,76.950,65280,0xe0,0x2e,0x00,0x00
2026-06-03T13:38:00Z,KZ-TR-001,43.261,76.943,65265,0x00,0x00,0x80,0x02
2026-06-03T13:38:00Z,KZ-TR-001,43.261,76.943,65266,0x00,0x98,0x03,0x00
2026-06-03T13:38:00Z,KZ-TR-001,43.261,76.943,65280,0xe0,0x2e,0x00,0x00
2026-06-03T13:39:00Z,KZ-TR-001,43.256,76.949,65265,0x00,0x00,0x80,0x02
2026-06-03T13:39:00Z,KZ-TR-001,43.256,76.949,65266,0x00,0x98,0x03,0x00
2026-06-03T13:39:00Z,KZ-TR-001,43.256,76.949,65280,0xe0,0x2e,0x00,0x00
2026-06-03T13:40:00Z,KZ-TR-001,43.256,76.950,65265,0x00,0x00,0x80,0x02
2026-06-03T13:40:00Z,KZ-TR-001,43.256,76.950,65266,0x00,0x98,0x03,0x00
2026-06-03T13:40:00Z,KZ-TR-001,43.256,76.950,65280,0xe0,0x2e,0x00,0x00
2026-06-03T13:41:00Z,KZ-TR-001,43.259,76.949,65265,0x00,0x00,0x80,0x02
2026-06-03T13:41:00Z,KZ-TR-001,43.259,76.949,65266,0x00,0x98,0x03,0x00
2026-06-03T13:41:00Z,KZ-TR-001,43.259,76.949,65280,0xe0,0x2e,0x00,0x00
2026-06-03T13:42:00Z,KZ-TR-001,43.261,76.947,65265,0x00,0x00,0x80,0x02
2026-06-03T13:42:00Z,KZ-TR-001,43.261,76.947,65266,0x00,0x98,0x03,0x00
2026-06-03T13:42:00Z,KZ-TR-001,43.261,76.947,65280,0xe0,0x2e,0x00,0x00
2026-06-03T13:43:00Z,KZ-TR-001,43.262,76.942,65265,0x00,0x00,0x80,0x02
2026-06-03T13:43:00Z,KZ-TR-001,43.262,76.942,65266,0x00,0x98,0x03,0x00
2026-06-03T13:43:00Z,KZ-TR-001,43.262,76.942,65280,0xe0,0x2e,0x00,0x00
2026-06-03T13:44:00Z,KZ-TR-001,43.256,76.942,65265,0x00,0x00,0x80,0x02
2026-06-03T13:44:00Z,KZ-TR-001,43.256,76.942,65266,0x00,0x98,0x03,0x00
2026-06-03T13:44:00Z,KZ-TR-001,43.256,76.942,65280,0xe0,0x2e,0x00,0x00
2026-06-03T13:45:00Z,KZ-TR-001,43.259,76.944,65265,0x00,0x00,0x80,0x02
2026-06-03T13:45:00Z,KZ-TR-001,43.259,76.944,65266,0x00,0x98,0x03,0x00
2026-06-03T13:45:00Z,KZ-TR-001,43.259,76.944,65280,0xe0,0x2e,0x00,0x00
2026-06-03T13:46:00Z,KZ-TR-001,43.264,76.944,65265,0x00,0x00,0x80,0x02
2026-06-03T13:46:00Z,KZ-TR-001,43.264,76.944,65266,0x00,0x98,0x03,0x00
2026-06-03T13:46:00Z,KZ-TR-001,43.264,76.944,65280,0xe0,0x2e,0x00,0x00
2026-06-03T13:47:00Z,KZ-TR-001,43.259,76.942,65265,0x00,0x00,0x80,0x02
2026-06-03T13:47:00Z,KZ-TR-001,43.259,76.942,65266,0x00,0x98,0x03,0x00
2026-06-03T13:47:00Z,KZ-TR-001,43.259,76.942,65280,0xe0,0x2e,0x00,0x00
2026-06-03T13:48:00Z,KZ-TR-001,43.261,76.943,65265,0x00,0x00,0x80,0x02
2026-06-03T13:48:00Z,KZ-TR-001,43.261,76.943,65266,0x00,0x98,0x03,0x00
2026-06-03T13:48:00Z,KZ-TR-001,43.261,76.943,65280,0xe0,0x2e,0x00,0x00
2026-06-03T13:49:00Z,KZ-TR-001,43.262,76.950,65265,0x00,0x00,0x80,0x02
2026-06-03T13:49:00Z,KZ-TR-001,43.262,76.950,65266,0x00,0x98,0x03,0x00
2026-06-03T13:49:00Z,KZ-TR-001,43.262,76.950,65280,0xe0,0x2e,0x00,0x00
2026-06-03T13:50:00Z,KZ-TR-001,43.256,76.948,65265,0x00,0x00,0x80,0x02
2026-06-03T13:50:00Z,KZ-TR-001,43.256,76.948,65266,0x00,0x98,0x03,0x00
2026-06-03T13:50:00Z,KZ-TR-001,43.256,76.948,65280,0xe0,0x2e,0x00,0x00
2026-06-03T13:51:00Z,KZ-TR-001,43.256,76.943,65265,0x00,0x00,0x80,0x02
2026-06-03T13:51:00Z,KZ-TR-001,43.256,76.943,65266,0x00,0x98,0x03,0x00
2026-06-03T13:51:00Z,KZ-TR-001,43.256,76.943,65280,0xe0,0x2e,0x00,0x00
2026-06-03T13:52:00Z,KZ-TR-001,43.263,76.948,65265,0x00,0x00,0x80,0x02
2026-06-03T13:52:00Z,KZ-TR-001,43.263,76.948,65266,0x00,0x98,0x03,0x00
2026-06-03T13:52:00Z,KZ-TR-001,43.263,76.948,65280,0xe0,0x2e,0x00,0x00
2026-06-03T13:53:00Z,KZ-TR-001,43.259,76.944,65265,0x00,0x00,0x80,0x02
2026-06-03T13:53:00Z,KZ-TR-001,43.259,76.944,65266,0x00,0x98,0x03,0x00
2026-06-03T13:53:00Z,KZ-TR-001,43.259,76.944,65280,0xe0,0x2e,0x00,0x00
2026-06-03T13:54:00Z,KZ-TR-001,43.257,76.943,65265,0x00,0x00,0x80,0x02
2026-06-03T13:54:00Z,KZ-TR-001,43.257,76.943,65266,0x00,0x98,0x03,0x00
2026-06-03T13:54:00Z,KZ-TR-001,43.257,76.943,65280,0xe0,0x2e,0x00,0x00
2026-06-03T13:55:00Z,KZ-TR-001,43.261,76.941,65265,0x00,0x00,0x80,0x02
2026-06-03T13:55:00Z,KZ-TR-001,43.261,76.941,65266,0x00,0x98,0x03,0x00
2026-06-03T13:55:00Z,KZ-TR-001,43.261,76.941,65280,0xe0,0x2e,0x00,0x00
2026-06-03T13:56:00Z,KZ-TR-001,43.263,76.941,65265,0x00,0x00,0x80,0x02
2026-06-03T13:56:00Z,KZ-TR-001,43.263,76.941,65266,0x00,0x98,0x03,0x00
2026-06-03T13:56:00Z,KZ-TR-001,43.263,76.941,65280,0xe0,0x2e,0x00,0x00
2026-06-03T13:57:00Z,KZ-TR-001,43.263,76.950,65265,0x00,0x00,0x80,0x02
2026-06-03T13:57:00Z,KZ-TR-001,43.263,76.950,65266,0x00,0x98,0x03,0x00
2026-06-03T13:57:00Z,KZ-TR-001,43.263,76.950,65280,0xe0,0x2e,0x00,0x00
2026-06-03T13:58:00Z,KZ-TR-001,43.259,76.944,65265,0x00,0x00,0x80,0x02
2026-06-03T13:58:00Z,KZ-TR-001,43.259,76.944,65266,0x00,0x98,0x03,0x00
2026-06-03T13:58:00Z,KZ-TR-001,43.259,76.944,65280,0xe0,0x2e,0x00,0x00
2026-06-03T13:59:00Z,KZ-TR-001,43.256,76.949,65265,0x00,0x00,0x80,0x02
2026-06-03T13:59:00Z,KZ-TR-001,43.256,76.949,65266,0x00,0x98,0x03,0x00
2026-06-03T13:59:00Z,KZ-TR-001,43.256,76.949,65280,0xe0,0x2e,0x00,0x00
2026-06-03T14:00:00Z,KZ-TR-001,43.263,76.950,65265,0x00,0x00,0x80,0x02
2026-06-03T14:00:00Z,KZ-TR-001,43.263,76.950,65266,0x00,0x98,0x03,0x00
2026-06-03T14:00:00Z,KZ-TR-001,43.263,76.950,65280,0xe0,0x2e,0x00,0x00
2026-06-03T14:01:00Z,KZ-TR-001,43.263,76.947,65265,0x00,0x00,0x80,0x02
2026-06-03T14:01:00Z,KZ-TR-001,43.263,76.947,65266,0x00,0x98,0x03,0x00
2026-06-03T14:01:00Z,KZ-TR-001,43.263,76.947,65280,0xe0,0x2e,0x00,0x00
2026-06-03T14:02:00Z,KZ-TR-001,43.262,76.944,65265,0x00,0x00,0x80,0x02
2026-06-03T14:02:00Z,KZ-TR-001,43.262,76.944,65266,0x00,0x98,0x03,0x00
2026-06-03T14:02:00Z,KZ-TR-001,43.262,76.944,65280,0xe0,0x2e,0x00,0x00
2026-06-03T14:03:00Z,KZ-TR-001,43.259,76.950,65265,0x00,0x00,0x80,0x02
2026-06-03T14:03:00Z,KZ-TR-001,43.259,76.950,65266,0x00,0x98,0x03,0x00
2026-06-03T14:03:00Z,KZ-TR-001,43.259,76.950,65280,0xe0,0x2e,0x00,0x00
2026-06-03T14:04:00Z,KZ-TR-001,43.258,76.949,65265,0x00,0x00,0x80,0x02
2026-06-03T14:04:00Z,KZ-TR-001,43.258,76.949,65266,0x00,0x98,0x03,0x00
2026-06-03T14:04:00Z,KZ-TR-001,43.258,76.949,65280,0xe0,0x2e,0x00,0x00
2026-06-03T14:05:00Z,KZ-TR-001,43.265,76.944,65265,0x00,0x00,0x80,0x02
2026-06-03T14:05:00Z,KZ-TR-001,43.265,76.944,65266,0x00,0x98,0x03,0x00
2026-06-03T14:05:00Z,KZ-TR-001,43.265,76.944,65280,0xe0,0x2e,0x00,0x00
2026-06-03T14:06:00Z,KZ-TR-001,43.258,76.940,65265,0x00,0x00,0x80,0x02
2026-06-03T14:06:00Z,KZ-TR-001,43.258,76.940,65266,0x00,0x98,0x03,0x00
2026-06-03T14:06:00Z,KZ-TR-001,43.258,76.940,65280,0xe0,0x2e,0x00,0x00
2026-06-03T14:07:00Z,KZ-TR-001,43.261,76.943,65265,0x00,0x00,0x80,0x02
2026-06-03T14:07:00Z,KZ-TR-001,43.261,76.943,65266,0x00,0x98,0x03,0x00
2026-06-03T14:07:00Z,KZ-TR-001,43.261,76.943,65280,0xe0,0x2e,0x00,0x00
2026-06-03T14:08:00Z,KZ-TR-001,43.257,76.943,65265,0x00,0x00,0x80,0x02
2026-06-03T14:08:00Z,KZ-TR-001,43.257,76.943,65266,0x00,0x98,0x03,0x00
2026-06-03T14:08:00Z,KZ-TR-001,43.257,76.943,65280,0xe0,0x2e,0x00,0x00
2026-06-03T14:09:00Z,KZ-TR-001,43.258,76.942,65265,0x00,0x00,0x80,0x02
2026-06-03T14:09:00Z,KZ-TR-001,43.258,76.942,65266,0x00,0x98,0x03,0x00
2026-06-03T14:09:00Z,KZ-TR-001,43.258,76.942,65280,0xe0,0x2e,0x00,0x00
2026-06-03T14:10:00Z,KZ-TR-001,43.261,76.950,65265,0x00,0x00,0x80,0x02
2026-06-03T14:10:00Z,KZ-TR-001,43.261,76.950,65266,0x00,0x98,0x03,0x00
2026-06-03T14:10:00Z,KZ-TR-001,43.261,76.950,65280,0xe0,0x2e,0x00,0x00
2026-06-03T14:11:00Z,KZ-TR-001,43.258,76.946,65265,0x00,0x00,0x80,0x02
2026-06-03T14:11:00Z,KZ-TR-001,43.258,76.946,65266,0x00,0x98,0x03,0x00
2026-06-03T14:11:00Z,KZ-TR-001,43.258,76.946,65280,0xe0,0x2e,0x00,0x00
2026-06-03T14:12:00Z,KZ-TR-001,43.259,76.946,65265,0x00,0x00,0x80,0x02
2026-06-03T14:12:00Z,KZ-TR-001,43.259,76.946,65266,0x00,0x98,0x03,0x00
2026-06-03T14:12:00Z,KZ-TR-001,43.259,76.946,65280,0xe0,0x2e,0x00,0x00
2026-06-03T14:13:00Z,KZ-TR-001,43.261,76.948,65265,0x00,0x00,0x80,0x02
2026-06-03T14:13:00Z,KZ-TR-001,43.261,76.948,65266,0x00,0x98,0x03,0x00
2026-06-03T14:13:00Z,KZ-TR-001,43.261,76.948,65280,0xe0,0x2e,0x00,0x00
2026-06-03T14:14:00Z,KZ-TR-001,43.263,76.950,65265,0x00,0x00,0x80,0x02
2026-06-03T14:14:00Z,KZ-TR-001,43.263,76.950,65266,0x00,0x98,0x03,0x00
2026-06-03T14:14:00Z,KZ-TR-001,43.263,76.950,65280,0xe0,0x2e,0x00,0x00
2026-06-03T14:15:00Z,KZ-TR-001,43.265,76.940,65265,0x00,0x00,0x80,0x02
2026-06-03T14:15:00Z,KZ-TR-001,43.265,76.940,65266,0x00,0x98,0x03,0x00
2026-06-03T14:15:00Z,KZ-TR-001,43.265,76.940,65280,0xe0,0x2e,0x00,0x00
2026-06-03T14:16:00Z,KZ-TR-001,43.264,76.940,65265,0x00,0x00,0x80,0x02
2026-06-03T14:16:00Z,KZ-TR-001,43.264,76.940,65266,0x00,0x98,0x03,0x00
2026-06-03T14:16:00Z,KZ-TR-001,43.264,76.940,65280,0xe0,0x2e,0x00,0x00
2026-06-03T14:17:00Z,KZ-TR-001,43.262,76.947,65265,0x00,0x00,0x80,0x02
2026-06-03T14:17:00Z,KZ-TR-001,43.262,76.947,65266,0x00,0x98,0x03,0x00
2026-06-03T14:17:00Z,KZ-TR-001,43.262,76.947,65280,0xe0,0x2e,0x00,0x00
2026-06-03T14:18:00Z,KZ-TR-001,43.259,76.948,65265,0x00,0x00,0x80,0x02
2026-06-03T14:18:00Z,KZ-TR-001,43.259,76.948,65266,0x00,0x98,0x03,0x00
2026-06-03T14:18:00Z,KZ-TR-001,43.259,76.948,65280,0xe0,0x2e,0x00,0x00
2026-06-03T14:19:00Z,KZ-TR-001,43.260,76.943,65265,0x00,0x00,0x80,0x02
2026-06-03T14:19:00Z,KZ-TR-001,43.260,76.943,65266,0x00,0x98,0x03,0x00
2026-06-03T14:19:00Z,KZ-TR-001,43.260,76.943,65280,0xe0,0x2e,0x00,0x00
2026-06-03T14:20:00Z,KZ-TR-001,43.255,76.942,65265,0x00,0x00,0x80,0x02
2026-06-03T14:20:00Z,KZ-TR-001,43.255,76.942,65266,0x00,0x98,0x03,0x00
2026-06-03T14:20:00Z,KZ-TR-001,43.255,76.942,65280,0xe0,0x2e,0x00,0x00
2026-06-03T14:21:00Z,KZ-TR-001,43.256,76.944,65265,0x00,0x00,0x80,0x02
2026-06-03T14:21:00Z,KZ-TR-001,43.256,76.944,65266,0x00,0x98,0x03,0x00
2026-06-03T14:21:00Z,KZ-TR-001,43.256,76.944,65280,0xe0,0x2e,0x00,0x00
2026-06-03T14:22:00Z,KZ-TR-001,43.255,76.940,65265,0x00,0x00,0x80,0x02
2026-06-03T14:22:00Z,KZ-TR-001,43.255,76.940,65266,0x00,0x98,0x03,0x00
2026-06-03T14:22:00Z,KZ-TR-001,43.255,76.940,65280,0xe0,0x2e,0x00,0x00
2026-06-03T14:23:00Z,KZ-TR-001,43.257,76.941,65265,0x00,0x00,0x80,0x02
2026-06-03T14:23:00Z,KZ-TR-001,43.257,76.941,65266,0x00,0x98,0x03,0x00
2026-06-03T14:23:00Z,KZ-TR-001,43.257,76.941,65280,0xe0,0x2e,0x00,0x00
2026-06-03T14:24:00Z,KZ-TR-001,43.256,76.941,65265,0x00,0x00,0x80,0x02
2026-06-03T14:24:00Z,KZ-TR-001,43.256,76.941,65266,0x00,0x98,0x03,0x00
2026-06-03T14:24:00Z,KZ-TR-001,43.256,76.941,65280,0xe0,0x2e,0x00,0x00
2026-06-03T14:25:00Z,KZ-TR-001,43.262,76.945,65265,0x00,0x00,0x80,0x02
2026-06-03T14:25:00Z,KZ-TR-001,43.262,76.945,65266,0x00,0x98,0x03,0x00
2026-06-03T14:25:00Z,KZ-TR-001,43.262,76.945,65280,0xe0,0x2e,0x00,0x00
2026-06-03T14:26:00Z,KZ-TR-001,43.256,76.948,65265,0x00,0x00,0x80,0x02
2026-06-03T14:26:00Z,KZ-TR-001,43.256,76.948,65266,0x00,0x98,0x03,0x00
2026-06-03T14:26:00Z,KZ-TR-001,43.256,76.948,65280,0xe0,0x2e,0x00,0x00
2026-06-03T14:27:00Z,KZ-TR-001,43.257,76.944,65265,0x00,0x00,0x80,0x02
2026-06-03T14:27:00Z,KZ-TR-001,43.257,76.944,65266,0x00,0x98,0x03,0x00
2026-06-03T14:27:00Z,KZ-TR-001,43.257,76.944,65280,0xe0,0x2e,0x00,0x00
2026-06-03T14:28:00Z,KZ-TR-001,43.260,76.942,65265,0x00,0x00,0x80,0x02
2026-06-03T14:28:00Z,KZ-TR-001,43.260,76.942,65266,0x00,0x98,0x03,0x00
2026-06-03T14:28:00Z,KZ-TR-001,43.260,76.942,65280,0xe0,0x2e,0x00,0x00
2026-06-03T14:29:00Z,KZ-TR-001,43.255,76.940,65265,0x00,0x00,0x80,0x02
2026-06-03T14:29:00Z,KZ-TR-001,43.255,76.940,65266,0x00,0x98,0x03,0x00
2026-06-03T14:29:00Z,KZ-TR-001,43.255,76.940,65280,0xe0,0x2e,0x00,0x00
2026-06-03T14:30:00Z,KZ-TR-001,43.257,76.948,65265,0x00,0x00,0x80,0x02
2026-06-03T14:30:00Z,KZ-TR-001,43.257,76.948,65266,0x00,0x98,0x03,0x00
2026-06-03T14:30:00Z,KZ-TR-001,43.257,76.948,65280,0xe0,0x2e,0x00,0x00
2026-06-03T14:31:00Z,KZ-TR-001,43.256,76.947,65265,0x00,0x00,0x80,0x02
2026-06-03T14:31:00Z,KZ-TR-001,43.256,76.947,65266,0x00,0x98,0x03,0x00
2026-06-03T14:31:00Z,KZ-TR-001,43.256,76.947,65280,0xe0,0x2e,0x00,0x00
2026-06-03T14:32:00Z,KZ-TR-001,43.257,76.941,65265,0x00,0x00,0x80,0x02
2026-06-03T14:32:00Z,KZ-TR-001,43.257,76.941,65266,0x00,0x98,0x03,0x00
2026-06-03T14:32:00Z,KZ-TR-001,43.257,76.941,65280,0xe0,0x2e,0x00,0x00
2026-06-03T14:33:00Z,KZ-TR-001,43.263,76.940,65265,0x00,0x00,0x80,0x02
2026-06-03T14:33:00Z,KZ-TR-001,43.263,76.940,65266,0x00,0x98,0x03,0x00
2026-06-03T14:33:00Z,KZ-TR-001,43.263,76.940,65280,0xe0,0x2e,0x00,0x00
2026-06-03T14:34:00Z,KZ-TR-001,43.263,76.947,65265,0x00,0x00,0x80,0x02
2026-06-03T14:34:00Z,KZ-TR-001,43.263,76.947,65266,0x00,0x98,0x03,0x00
2026-06-03T14:34:00Z,KZ-TR-001,43.263,76.947,65280,0xe0,0x2e,0x00,0x00
2026-06-03T14:35:00Z,KZ-TR-001,43.258,76.947,65265,0x00,0x00,0x80,0x02
2026-06-03T14:35:00Z,KZ-TR-001,43.258,76.947,65266,0x00,0x98,0x03,0x00
2026-06-03T14:35:00Z,KZ-TR-001,43.258,76.947,65280,0xe0,0x2e,0x00,0x00
2026-06-03T14:36:00Z,KZ-TR-001,43.258,76.940,65265,0x00,0x00,0x80,0x02
2026-06-03T14:36:00Z,KZ-TR-001,43.258,76.940,65266,0x00,0x98,0x03,0x00
2026-06-03T14:36:00Z,KZ-TR-001,43.258,76.940,65280,0xe0,0x2e,0x00,0x00
2026-06-03T14:37:00Z,KZ-TR-001,43.256,76.947,65265,0x00,0x00,0x80,0x02
2026-06-03T14:37:00Z,KZ-TR-001,43.256,76.947,65266,0x00,0x98,0x03,0x00
2026-06-03T14:37:00Z,KZ-TR-001,43.256,76.947,65280,0xe0,0x2e,0x00,0x00
2026-06-03T14:38:00Z,KZ-TR-001,43.260,76.940,65265,0x00,0x00,0x80,0x02
2026-06-03T14:38:00Z,KZ-TR-001,43.260,76.940,65266,0x00,0x98,0x03,0x00
2026-06-03T14:38:00Z,KZ-TR-001,43.260,76.940,65280,0xe0,0x2e,0x00,0x00
2026-06-03T14:39:00Z,KZ-TR-001,43.261,76.948,65265,0x00,0x00,0x80,0x02
2026-06-03T14:39:00Z,KZ-TR-001,43.261,76.948,65266,0x00,0x98,0x03,0x00
2026-06-03T14:39:00Z,KZ-TR-001,43.261,76.948,65280,0xe0,0x2e,0x00,0x00
2026-06-03T14:40:00Z,KZ-TR-001,43.256,76.948,65265,0x00,0x00,0x80,0x02
2026-06-03T14:40:00Z,KZ-TR-001,43.256,76.948,65266,0x00,0x98,0x03,0x00
2026-06-03T14:40:00Z,KZ-TR-001,43.256,76.948,65280,0xe0,0x2e,0x00,0x00
2026-06-03T14:41:00Z,KZ-TR-001,43.259,76.943,65265,0x00,0x00,0x80,0x02
2026-06-03T14:41:00Z,KZ-TR-001,43.259,76.943,65266,0x00,0x98,0x03,0x00
2026-06-03T14:41:00Z,KZ-TR-001,43.259,76.943,65280,0xe0,0x2e,0x00,0x00
2026-06-03T14:42:00Z,KZ-TR-001,43.265,76.945,65265,0x00,0x00,0x80,0x02
2026-06-03T14:42:00Z,KZ-TR-001,43.265,76.945,65266,0x00,0x98,0x03,0x00
2026-06-03T14:42:00Z,KZ-TR-001,43.265,76.945,65280,0xe0,0x2e,0x00,0x00
2026-06-03T14:43:00Z,KZ-TR-001,43.255,76.949,65265,0x00,0x00,0x80,0x02
2026-06-03T14:43:00Z,KZ-TR-001,43.255,76.949,65266,0x00,0x98,0x03,0x00
2026-06-03T14:43:00Z,KZ-TR-001,43.255,76.949,65280,0xe0,0x2e,0x00,0x00
2026-06-03T14:44:00Z,KZ-TR-001,43.260,76.943,65265,0x00,0x00,0x80,0x02
2026-06-03T14:44:00Z,KZ-TR-001,43.260,76.943,65266,0x00,0x98,0x03,0x00
2026-06-03T14:44:00Z,KZ-TR-001,43.260,76.943,65280,0xe0,0x2e,0x00,0x00
2026-06-03T14:45:00Z,KZ-TR-001,43.261,76.940,65265,0x00,0x00,0x80,0x02
2026-06-03T14:45:00Z,KZ-TR-001,43.261,76.940,65266,0x00,0x98,0x03,0x00
2026-06-03T14:45:00Z,KZ-TR-001,43.261,76.940,65280,0xe0,0x2e,0x00,0x00
2026-06-03T14:46:00Z,KZ-TR-001,43.264,76.946,65265,0x00,0x00,0x80,0x02
2026-06-03T14:46:00Z,KZ-TR-001,43.264,76.946,65266,0x00,0x98,0x03,0x00
2026-06-03T14:46:00Z,KZ-TR-001,43.264,76.946,65280,0xe0,0x2e,0x00,0x00
2026-06-03T14:47:00Z,KZ-TR-001,43.258,76.942,65265,0x00,0x00,0x80,0x02
2026-06-03T14:47:00Z,KZ-TR-001,43.258,76.942,65266,0x00,0x98,0x03,0x00
2026-06-03T14:47:00Z,KZ-TR-001,43.258,76.942,65280,0xe0,0x2e,0x00,0x00
2026-06-03T14:48:00Z,KZ-TR-001,43.257,76.947,65265,0x00,0x00,0x80,0x02
2026-06-03T14:48:00Z,KZ-TR-001,43.257,76.947,65266,0x00,0x98,0x03,0x00
2026-06-03T14:48:00Z,KZ-TR-001,43.257,76.947,65280,0xe0,0x2e,0x00,0x00
2026-06-03T14:49:00Z,KZ-TR-001,43.258,76.946,65265,0x00,0x00,0x80,0x02
2026-06-03T14:49:00Z,KZ-TR-001,43.258,76.946,65266,0x00,0x98,0x03,0x00
2026-06-03T14:49:00Z,KZ-TR-001,43.258,76.946,65280,0xe0,0x2e,0x00,0x00
2026-06-03T14:50:00Z,KZ-TR-001,43.260,76.942,65265,0x00,0x00,0x80,0x02
2026-06-03T14:50:00Z,KZ-TR-001,43.260,76.942,65266,0x00,0x98,0x03,0x00
2026-06-03T14:50:00Z,KZ-TR-001,43.260,76.942,65280,0xe0,0x2e,0x00,0x00
2026-06-03T14:51:00Z,KZ-TR-001,43.259,76.945,65265,0x00,0x00,0x80,0x02
2026-06-03T14:51:00Z,KZ-TR-001,43.259,76.945,65266,0x00,0x98,0x03,0x00
2026-06-03T14:51:00Z,KZ-TR-001,43.259,76.945,65280,0xe0,0x2e,0x00,0x00
2026-06-03T14:52:00Z,KZ-TR-001,43.255,76.941,65265,0x00,0x00,0x80,0x02
2026-06-03T14:52:00Z,KZ-TR-001,43.255,76.941,65266,0x00,0x98,0x03,0x00
2026-06-03T14:52:00Z,KZ-TR-001,43.255,76.941,65280,0xe0,0x2e,0x00,0x00
2026-06-03T14:53:00Z,KZ-TR-001,43.262,76.949,65265,0x00,0x00,0x80,0x02
2026-06-03T14:53:00Z,KZ-TR-001,43.262,76.949,65266,0x00,0x98,0x03,0x00
2026-06-03T14:53:00Z,KZ-TR-001,43.262,76.949,65280,0xe0,0x2e,0x00,0x00
2026-06-03T14:54:00Z,KZ-TR-001,43.261,76.947,65265,0x00,0x00,0x80,0x02
2026-06-03T14:54:00Z,KZ-TR-001,43.261,76.947,65266,0x00,0x98,0x03,0x00
2026-06-03T14:54:00Z,KZ-TR-001,43.261,76.947,65280,0xe0,0x2e,0x00,0x00
2026-06-03T14:55:00Z,KZ-TR-001,43.256,76.941,65265,0x00,0x00,0x80,0x02
2026-06-03T14:55:00Z,KZ-TR-001,43.256,76.941,65266,0x00,0x98,0x03,0x00
2026-06-03T14:55:00Z,KZ-TR-001,43.256,76.941,65280,0xe0,0x2e,0x00,0x00
2026-06-03T14:56:00Z,KZ-TR-001,43.261,76.941,65265,0x00,0x00,0x80,0x02
2026-06-03T14:56:00Z,KZ-TR-001,43.261,76.941,65266,0x00,0x98,0x03,0x00
2026-06-03T14:56:00Z,KZ-TR-001,43.261,76.941,65280,0xe0,0x2e,0x00,0x00
2026-06-03T14:57:00Z,KZ-TR-001,43.257,76.949,65265,0x00,0x00,0x80,0x02
2026-06-03T14:57:00Z,KZ-TR-001,43.257,76.949,65266,0x00,0x98,0x03,0x00
2026-06-03T14:57:00Z,KZ-TR-001,43.257,76.949,65280,0xe0,0x2e,0x00,0x00
2026-06-03T14:58:00Z,KZ-TR-001,43.257,76.941,65265,0x00,0x00,0x80,0x02
2026-06-03T14:58:00Z,KZ-TR-001,43.257,76.941,65266,0x00,0x98,0x03,0x00
2026-06-03T14:58:00Z,KZ-TR-001,43.257,76.941,65280,0xe0,0x2e,0x00,0x00
2026-06-03T14:59:00Z,KZ-TR-001,43.263,76.948,65265,0x00,0x00,0x80,0x02
2026-06-03T14:59:00Z,KZ-TR-001,43.263,76.948,65266,0x00,0x98,0x03,0x00
2026-06-03T14:59:00Z,KZ-TR-001,43.263,76.948,65280,0xe0,0x2e,0x00,0x00
2026-06-03T15:00:00Z,KZ-TR-001,43.261,76.942,65265,0x00,0x00,0x80,0x02
2026-06-03T15:00:00Z,KZ-TR-001,43.261,76.942,65266,0x00,0x98,0x03,0x00
2026-06-03T15:00:00Z,KZ-TR-001,43.261,76.942,65280,0xe0,0x2e,0x00,0x00
2026-06-03T15:01:00Z,KZ-TR-001,43.261,76.947,65265,0x00,0x00,0x80,0x02
2026-06-03T15:01:00Z,KZ-TR-001,43.261,76.947,65266,0x00,0x98,0x03,0x00
2026-06-03T15:01:00Z,KZ-TR-001,43.261,76.947,65280,0xe0,0x2e,0x00,0x00
2026-06-03T15:02:00Z,KZ-TR-001,43.263,76.950,65265,0x00,0x00,0x80,0x02
2026-06-03T15:02:00Z,KZ-TR-001,43.263,76.950,65266,0x00,0x98,0x03,0x00
2026-06-03T15:02:00Z,KZ-TR-001,43.263,76.950,65280,0xe0,0x2e,0x00,0x00
2026-06-03T15:03:00Z,KZ-TR-001,43.261,76.942,65265,0x00,0x00,0x80,0x02
2026-06-03T15:03:00Z,KZ-TR-001,43.261,76.942,65266,0x00,0x98,0x03,0x00
2026-06-03T15:03:00Z,KZ-TR-001,43.261,76.942,65280,0xe0,0x2e,0x00,0x00
2026-06-03T15:04:00Z,KZ-TR-001,43.262,76.943,65265,0x00,0x00,0x80,0x02
2026-06-03T15:04:00Z,KZ-TR-001,43.262,76.943,65266,0x00,0x98,0x03,0x00
2026-06-03T15:04:00Z,KZ-TR-001,43.262,76.943,65280,0xe0,0x2e,0x00,0x00
2026-06-03T15:05:00Z,KZ-TR-001,43.263,76.946,65265,0x00,0x00,0x80,0x02
2026-06-03T15:05:00Z,KZ-TR-001,43.263,76.946,65266,0x00,0x98,0x03,0x00
2026-06-03T15:05:00Z,KZ-TR-001,43.263,76.946,65280,0xe0,0x2e,0x00,0x00
2026-06-03T15:06:00Z,KZ-TR-001,43.263,76.946,65265,0x00,0x00,0x80,0x02
2026-06-03T15:06:00Z,KZ-TR-001,43.263,76.946,65266,0x00,0x98,0x03,0x00
2026-06-03T15:06:00Z,KZ-TR-001,43.263,76.946,65280,0xe0,0x2e,0x00,0x00
2026-06-03T15:07:00Z,KZ-TR-001,43.258,76.946,65265,0x00,0x00,0x80,0x02
2026-06-03T15:07:00Z,KZ-TR-001,43.258,76.946,65266,0x00,0x98,0x03,0x00
2026-06-03T15:07:00Z,KZ-TR-001,43.258,76.946,65280,0xe0,0x2e,0x00,0x00
2026-06-03T15:08:00Z,KZ-TR-001,43.262,76.944,65265,0x00,0x00,0x80,0x02
2026-06-03T15:08:00Z,KZ-TR-001,43.262,76.944,65266,0x00,0x98,0x03,0x00
2026-06-03T15:08:00Z,KZ-TR-001,43.262,76.944,65280,0xe0,0x2e,0x00,0x00
2026-06-03T15:09:00Z,KZ-TR-001,43.261,76.941,65265,0x00,0x00,0x80,0x02
2026-06-03T15:09:00Z,KZ-TR-001,43.261,76.941,65266,0x00,0x98,0x03,0x00
2026-06-03T15:09:00Z,KZ-TR-001,43.261,76.941,65280,0xe0,0x2e,0x00,0x00
2026-06-03T15:10:00Z,KZ-TR-001,43.265,76.945,65265,0x00,0x00,0x80,0x02
2026-06-03T15:10:00Z,KZ-TR-001,43.265,76.945,65266,0x00,0x98,0x03,0x00
2026-06-03T15:10:00Z,KZ-TR-001,43.265,76.945,65280,0xe0,0x2e,0x00,0x00
2026-06-03T15:11:00Z,KZ-TR-001,43.264,76.948,65265,0x00,0x00,0x80,0x02
2026-06-03T15:11:00Z,KZ-TR-001,43.264,76.948,65266,0x00,0x98,0x03,0x00
2026-06-03T15:11:00Z,KZ-TR-001,43.264,76.948,65280,0xe0,0x2e,0x00,0x00
2026-06-03T15:12:00Z,KZ-TR-001,43.263,76.948,65265,0x00,0x00,0x80,0x02
2026-06-03T15:12:00Z,KZ-TR-001,43.263,76.948,65266,0x00,0x98,0x03,0x00
2026-06-03T15:12:00Z,KZ-TR-001,43.263,76.948,65280,0xe0,0x2e,0x00,0x00
2026-06-03T15:13:00Z,KZ-TR-001,43.264,76.949,65265,0x00,0x00,0x80,0x02
2026-06-03T15:13:00Z,KZ-TR-001,43.264,76.949,65266,0x00,0x98,0x03,0x00
2026-06-03T15:13:00Z,KZ-TR-001,43.264,76.949,65280,0xe0,0x2e,0x00,0x00
2026-06-03T15:14:00Z,KZ-TR-001,43.260,76.945,65265,0x00,0x00,0x80,0x02
2026-06-03T15:14:00Z,KZ-TR-001,43.260,76.945,65266,0x00,0x98,0x03,0x00
2026-06-03T15:14:00Z,KZ-TR-001,43.260,76.945,65280,0xe0,0x2e,0x00,0x00
2026-06-03T15:15:00Z,KZ-TR-001,43.262,76.949,65265,0x00,0x00,0x80,0x02
2026-06-03T15:15:00Z,KZ-TR-001,43.262,76.949,65266,0x00,0x98,0x03,0x00
2026-06-03T15:15:00Z,KZ-TR-001,43.262,76.949,65280,0xe0,0x2e,0x00,0x00
2026-06-03T15:16:00Z,KZ-TR-001,43.260,76.948,65265,0x00,0x00,0x80,0x02
2026-06-03T15:16:00Z,KZ-TR-001,43.260,76.948,65266,0x00,0x98,0x03,0x00
2026-06-03T15:16:00Z,KZ-TR-001,43.260,76.948,65280,0xe0,0x2e,0x00,0x00
2026-06-03T15:17:00Z,KZ-TR-001,43.262,76.942,65265,0x00,0x00,0x80,0x02
2026-06-03T15:17:00Z,KZ-TR-001,43.262,76.942,65266,0x00,0x98,0x03,0x00
2026-06-03T15:17:00Z,KZ-TR-001,43.262,76.942,65280,0xe0,0x2e,0x00,0x00
2026-06-03T15:18:00Z,KZ-TR-001,43.262,76.948,65265,0x00,0x00,0x80,0x02
2026-06-03T15:18:00Z,KZ-TR-001,43.262,76.948,65266,0x00,0x98,0x03,0x00
2026-06-03T15:18:00Z,KZ-TR-001,43.262,76.948,65280,0xe0,0x2e,0x00,0x00
2026-06-03T15:19:00Z,KZ-TR-001,43.262,76.950,65265,0x00,0x00,0x80,0x02
2026-06-03T15:19:00Z,KZ-TR-001,43.262,76.950,65266,0x00,0x98,0x03,0x00
2026-06-03T15:19:00Z,KZ-TR-001,43.262,76.950,65280,0xe0,0x2e,0x00,0x00
2026-06-03T15:20:00Z,KZ-TR-001,43.262,76.940,65265,0x00,0x00,0x80,0x02
2026-06-03T15:20:00Z,KZ-TR-001,43.262,76.940,65266,0x00,0x98,0x03,0x00
2026-06-03T15:20:00Z,KZ-TR-001,43.262,76.940,65280,0xe0,0x2e,0x00,0x00
2026-06-03T15:21:00Z,KZ-TR-001,43.257,76.946,65265,0x00,0x00,0x80,0x02
2026-06-03T15:21:00Z,KZ-TR-001,43.257,76.946,65266,0x00,0x98,0x03,0x00
2026-06-03T15:21:00Z,KZ-TR-001,43.257,76.946,65280,0xe0,0x2e,0x00,0x00
2026-06-03T15:22:00Z,KZ-TR-001,43.255,76.941,65265,0x00,0x00,0x80,0x02
2026-06-03T15:22:00Z,KZ-TR-001,43.255,76.941,65266,0x00,0x98,0x03,0x00
2026-06-03T15:22:00Z,KZ-TR-001,43.255,76.941,65280,0xe0,0x2e,0x00,0x00
2026-06-03T15:23:00Z,KZ-TR-001,43.261,76.947,65265,0x00,0x00,0x80,0x02
2026-06-03T15:23:00Z,KZ-TR-001,43.261,76.947,65266,0x00,0x98,0x03,0x00
2026-06-03T15:23:00Z,KZ-TR-001,43.261,76.947,65280,0xe0,0x2e,0x00,0x00
2026-06-03T15:24:00Z,KZ-TR-001,43.261,76.943,65265,0x00,0x00,0x80,0x02
2026-06-03T15:24:00Z,KZ-TR-001,43.261,76.943,65266,0x00,0x98,0x03,0x00
2026-06-03T15:24:00Z,KZ-TR-001,43.261,76.943,65280,0xe0,0x2e,0x00,0x00
2026-06-03T15:25:00Z,KZ-TR-001,43.264,76.944,65265,0x00,0x00,0x80,0x02
2026-06-03T15:25:00Z,KZ-TR-001,43.264,76.944,65266,0x00,0x98,0x03,0x00
2026-06-03T15:25:00Z,KZ-TR-001,43.264,76.944,65280,0xe0,0x2e,0x00,0x00
2026-06-03T15:26:00Z,KZ-TR-001,43.259,76.947,65265,0x00,0x00,0x80,0x02
2026-06-03T15:26:00Z,KZ-TR-001,43.259,76.947,65266,0x00,0x98,0x03,0x00
2026-06-03T15:26:00Z,KZ-TR-001,43.259,76.947,65280,0xe0,0x2e,0x00,0x00
2026-06-03T15:27:00Z,KZ-TR-001,43.265,76.945,65265,0x00,0x00,0x80,0x02
2026-06-03T15:27:00Z,KZ-TR-001,43.265,76.945,65266,0x00,0x98,0x03,0x00
2026-06-03T15:27:00Z,KZ-TR-001,43.265,76.945,65280,0xe0,0x2e,0x00,0x00
2026-06-03T15:28:00Z,KZ-TR-001,43.263,76.947,65265,0x00,0x00,0x80,0x02
2026-06-03T15:28:00Z,KZ-TR-001,43.263,76.947,65266,0x00,0x98,0x03,0x00
2026-06-03T15:28:00Z,KZ-TR-001,43.263,76.947,65280,0xe0,0x2e,0x00,0x00
2026-06-03T15:29:00Z,KZ-TR-001,43.259,76.943,65265,0x00,0x00,0x80,0x02
2026-06-03T15:29:00Z,KZ-TR-001,43.259,76.943,65266,0x00,0x98,0x03,0x00
2026-06-03T15:29:00Z,KZ-TR-001,43.259,76.943,65280,0xe0,0x2e,0x00,0x00
2026-06-03T15:30:00Z,KZ-TR-001,43.257,76.944,65265,0x00,0x00,0x80,0x02
2026-06-03T15:30:00Z,KZ-TR-001,43.257,76.944,65266,0x00,0x98,0x03,0x00
2026-06-03T15:30:00Z,KZ-TR-001,43.257,76.944,65280,0xe0,0x2e,0x00,0x00
2026-06-03T15:31:00Z,KZ-TR-001,43.261,76.946,65265,0x00,0x00,0x80,0x02
2026-06-03T15:31:00Z,KZ-TR-001,43.261,76.946,65266,0x00,0x98,0x03,0x00
2026-06-03T15:31:00Z,KZ-TR-001,43.261,76.946,65280,0xe0,0x2e,0x00,0x00
2026-06-03T15:32:00Z,KZ-TR-001,43.261,76.950,65265,0x00,0x00,0x80,0x02
2026-06-03T15:32:00Z,KZ-TR-001,43.261,76.950,65266,0x00,0x98,0x03,0x00
2026-06-03T15:32:00Z,KZ-TR-001,43.261,76.950,65280,0xe0,0x2e,0x00,0x00
2026-06-03T15:33:00Z,KZ-TR-001,43.260,76.945,65265,0x00,0x00,0x80,0x02
2026-06-03T15:33:00Z,KZ-TR-001,43.260,76.945,65266,0x00,0x98,0x03,0x00
2026-06-03T15:33:00Z,KZ-TR-001,43.260,76.945,65280,0xe0,0x2e,0x00,0x00
2026-06-03T15:34:00Z,KZ-TR-001,43.265,76.948,65265,0x00,0x00,0x80,0x02
2026-06-03T15:34:00Z,KZ-TR-001,43.265,76.948,65266,0x00,0x98,0x03,0x00
2026-06-03T15:34:00Z,KZ-TR-001,43.265,76.948,65280,0xe0,0x2e,0x00,0x00
2026-06-03T15:35:00Z,KZ-TR-001,43.259,76.949,65265,0x00,0x00,0x80,0x02
2026-06-03T15:35:00Z,KZ-TR-001,43.259,76.949,65266,0x00,0x98,0x03,0x00
2026-06-03T15:35:00Z,KZ-TR-001,43.259,76.949,65280,0xe0,0x2e,0x00,0x00
2026-06-03T15:36:00Z,KZ-TR-001,43.258,76.941,65265,0x00,0x00,0x80,0x02
2026-06-03T15:36:00Z,KZ-TR-001,43.258,76.941,65266,0x00,0x98,0x03,0x00
2026-06-03T15:36:00Z,KZ-TR-001,43.258,76.941,65280,0xe0,0x2e,0x00,0x00
2026-06-03T15:37:00Z,KZ-TR-001,43.264,76.945,65265,0x00,0x00,0x80,0x02
2026-06-03T15:37:00Z,KZ-TR-001,43.264,76.945,65266,0x00,0x98,0x03,0x00
2026-06-03T15:37:00Z,KZ-TR-001,43.264,76.945,65280,0xe0,0x2e,0x00,0x00
2026-06-03T15:38:00Z,KZ-TR-001,43.257,76.946,65265,0x00,0x00,0x80,0x02
2026-06-03T15:38:00Z,KZ-TR-001,43.257,76.946,65266,0x00,0x98,0x03,0x00
2026-06-03T15:38:00Z,KZ-TR-001,43.257,76.946,65280,0xe0,0x2e,0x00,0x00
2026-06-03T15:39:00Z,KZ-TR-001,43.258,76.941,65265,0x00,0x00,0x80,0x02
2026-06-03T15:39:00Z,KZ-TR-001,43.258,76.941,65266,0x00,0x98,0x03,0x00
2026-06-03T15:39:00Z,KZ-TR-001,43.258,76.941,65280,0xe0,0x2e,0x00,0x00
2026-06-03T15:40:00Z,KZ-TR-001,43.257,76.945,65265,0x00,0x00,0x80,0x02
2026-06-03T15:40:00Z,KZ-TR-001,43.257,76.945,65266,0x00,0x98,0x03,0x00
2026-06-03T15:40:00Z,KZ-TR-001,43.257,76.945,65280,0xe0,0x2e,0x00,0x00
2026-06-03T15:41:00Z,KZ-TR-001,43.259,76.941,65265,0x00,0x00,0x80,0x02
2026-06-03T15:41:00Z,KZ-TR-001,43.259,76.941,65266,0x00,0x98,0x03,0x00
2026-06-03T15:41:00Z,KZ-TR-001,43.259,76.941,65280,0xe0,0x2e,0x00,0x00
2026-06-03T15:42:00Z,KZ-TR-001,43.257,76.944,65265,0x00,0x00,0x80,0x02
2026-06-03T15:42:00Z,KZ-TR-001,43.257,76.944,65266,0x00,0x98,0x03,0x00
2026-06-03T15:42:00Z,KZ-TR-001,43.257,76.944,65280,0xe0,0x2e,0x00,0x00
2026-06-03T15:43:00Z,KZ-TR-001,43.262,76.945,65265,0x00,0x00,0x80,0x02
2026-06-03T15:43:00Z,KZ-TR-001,43.262,76.945,65266,0x00,0x98,0x03,0x00
2026-06-03T15:43:00Z,KZ-TR-001,43.262,76.945,65280,0xe0,0x2e,0x00,0x00
2026-06-03T15:44:00Z,KZ-TR-001,43.260,76.949,65265,0x00,0x00,0x80,0x02
2026-06-03T15:44:00Z,KZ-TR-001,43.260,76.949,65266,0x00,0x98,0x03,0x00
2026-06-03T15:44:00Z,KZ-TR-001,43.260,76.949,65280,0xe0,0x2e,0x00,0x00
2026-06-03T15:45:00Z,KZ-TR-001,43.265,76.941,65265,0x00,0x00,0x80,0x02
2026-06-03T15:45:00Z,KZ-TR-001,43.265,76.941,65266,0x00,0x98,0x03,0x00
2026-06-03T15:45:00Z,KZ-TR-001,43.265,76.941,65280,0xe0,0x2e,0x00,0x00
2026-06-03T15:46:00Z,KZ-TR-001,43.255,76.944,65265,0x00,0x00,0x80,0x02
2026-06-03T15:46:00Z,KZ-TR-001,43.255,76.944,65266,0x00,0x98,0x03,0x00
2026-06-03T15:46:00Z,KZ-TR-001,43.255,76.944,65280,0xe0,0x2e,0x00,0x00
2026-06-03T15:47:00Z,KZ-TR-001,43.258,76.943,65265,0x00,0x00,0x80,0x02
2026-06-03T15:47:00Z,KZ-TR-001,43.258,76.943,65266,0x00,0x98,0x03,0x00
2026-06-03T15:47:00Z,KZ-TR-001,43.258,76.943,65280,0xe0,0x2e,0x00,0x00
2026-06-03T15:48:00Z,KZ-TR-001,43.265,76.947,65265,0x00,0x00,0x80,0x02
2026-06-03T15:48:00Z,KZ-TR-001,43.265,76.947,65266,0x00,0x98,0x03,0x00
2026-06-03T15:48:00Z,KZ-TR-001,43.265,76.947,65280,0xe0,0x2e,0x00,0x00
2026-06-03T15:49:00Z,KZ-TR-001,43.263,76.941,65265,0x00,0x00,0x80,0x02
2026-06-03T15:49:00Z,KZ-TR-001,43.263,76.941,65266,0x00,0x98,0x03,0x00
2026-06-03T15:49:00Z,KZ-TR-001,43.263,76.941,65280,0xe0,0x2e,0x00,0x00
2026-06-03T15:50:00Z,KZ-TR-001,43.260,76.945,65265,0x00,0x00,0x80,0x02
2026-06-03T15:50:00Z,KZ-TR-001,43.260,76.945,65266,0x00,0x98,0x03,0x00
2026-06-03T15:50:00Z,KZ-TR-001,43.260,76.945,65280,0xe0,0x2e,0x00,0x00
2026-06-03T15:51:00Z,KZ-TR-001,43.256,76.942,65265,0x00,0x00,0x80,0x02
2026-06-03T15:51:00Z,KZ-TR-001,43.256,76.942,65266,0x00,0x98,0x03,0x00
2026-06-03T15:51:00Z,KZ-TR-001,43.256,76.942,65280,0xe0,0x2e,0x00,0x00
2026-06-03T15:52:00Z,KZ-TR-001,43.260,76.941,65265,0x00,0x00,0x80,0x02
2026-06-03T15:52:00Z,KZ-TR-001,43.260,76.941,65266,0x00,0x98,0x03,0x00
2026-06-03T15:52:00Z,KZ-TR-001,43.260,76.941,65280,0xe0,0x2e,0x00,0x00
2026-06-03T15:53:00Z,KZ-TR-001,43.255,76.940,65265,0x00,0x00,0x80,0x02
2026-06-03T15:53:00Z,KZ-TR-001,43.255,76.940,65266,0x00,0x98,0x03,0x00
2026-06-03T15:53:00Z,KZ-TR-001,43.255,76.940,65280,0xe0,0x2e,0x00,0x00
2026-06-03T15:54:00Z,KZ-TR-001,43.262,76.947,65265,0x00,0x00,0x80,0x02
2026-06-03T15:54:00Z,KZ-TR-001,43.262,76.947,65266,0x00,0x98,0x03,0x00
2026-06-03T15:54:00Z,KZ-TR-001,43.262,76.947,65280,0xe0,0x2e,0x00,0x00
2026-06-03T15:55:00Z,KZ-TR-001,43.263,76.948,65265,0x00,0x00,0x80,0x02
2026-06-03T15:55:00Z,KZ-TR-001,43.263,76.948,65266,0x00,0x98,0x03,0x00
2026-06-03T15:55:00Z,KZ-TR-001,43.263,76.948,65280,0xe0,0x2e,0x00,0x00
2026-06-03T15:56:00Z,KZ-TR-001,43.260,76.943,65265,0x00,0x00,0x80,0x02
2026-06-03T15:56:00Z,KZ-TR-001,43.260,76.943,65266,0x00,0x98,0x03,0x00
2026-06-03T15:56:00Z,KZ-TR-001,43.260,76.943,65280,0xe0,0x2e,0x00,0x00
2026-06-03T15:57:00Z,KZ-TR-001,43.257,76.944,65265,0x00,0x00,0x80,0x02
2026-06-03T15:57:00Z,KZ-TR-001,43.257,76.944,65266,0x00,0x98,0x03,0x00
2026-06-03T15:57:00Z,KZ-TR-001,43.257,76.944,65280,0xe0,0x2e,0x00,0x00
2026-06-03T15:58:00Z,KZ-TR-001,43.263,76.944,65265,0x00,0x00,0x80,0x02
2026-06-03T15:58:00Z,KZ-TR-001,43.263,76.944,65266,0x00,0x98,0x03,0x00
2026-06-03T15:58:00Z,KZ-TR-001,43.263,76.944,65280,0xe0,0x2e,0x00,0x00
2026-06-03T15:59:00Z,KZ-TR-001,43.255,76.940,65265,0x00,0x00,0x80,0x02
2026-06-03T15:59:00Z,KZ-TR-001,43.255,76.940,65266,0x00,0x98,0x03,0x00
2026-06-03T15:59:00Z,KZ-TR-001,43.255,76.940,65280,0xe0,0x2e,0x00,0x00
2026-06-03T16:00:00Z,KZ-TR-001,43.259,76.942,65265,0x00,0x00,0x80,0x02
2026-06-03T16:00:00Z,KZ-TR-001,43.259,76.942,65266,0x00,0x98,0x03,0x00
2026-06-03T16:00:00Z,KZ-TR-001,43.259,76.942,65280,0xe0,0x2e,0x00,0x00
2026-06-03T16:01:00Z,KZ-TR-001,43.258,76.943,65265,0x00,0x00,0x80,0x02
2026-06-03T16:01:00Z,KZ-TR-001,43.258,76.943,65266,0x00,0x98,0x03,0x00
2026-06-03T16:01:00Z,KZ-TR-001,43.258,76.943,65280,0xe0,0x2e,0x00,0x00
2026-06-03T16:02:00Z,KZ-TR-001,43.256,76.941,65265,0x00,0x00,0x80,0x02
2026-06-03T16:02:00Z,KZ-TR-001,43.256,76.941,65266,0x00,0x98,0x03,0x00
2026-06-03T16:02:00Z,KZ-TR-001,43.256,76.941,65280,0xe0,0x2e,0x00,0x00
2026-06-03T16:03:00Z,KZ-TR-001,43.262,76.946,65265,0x00,0x00,0x80,0x02
2026-06-03T16:03:00Z,KZ-TR-001,43.262,76.946,65266,0x00,0x98,0x03,0x00
2026-06-03T16:03:00Z,KZ-TR-001,43.262,76.946,65280,0xe0,0x2e,0x00,0x00
2026-06-03T16:04:00Z,KZ-TR-001,43.263,76.943,65265,0x00,0x00,0x80,0x02
2026-06-03T16:04:00Z,KZ-TR-001,43.263,76.943,65266,0x00,0x98,0x03,0x00
2026-06-03T16:04:00Z,KZ-TR-001,43.263,76.943,65280,0xe0,0x2e,0x00,0x00
2026-06-03T16:05:00Z,KZ-TR-001,43.264,76.945,65265,0x00,0x00,0x80,0x02
2026-06-03T16:05:00Z,KZ-TR-001,43.264,76.945,65266,0x00,0x98,0x03,0x00
2026-06-03T16:05:00Z,KZ-TR-001,43.264,76.945,65280,0xe0,0x2e,0x00,0x00
2026-06-03T16:06:00Z,KZ-TR-001,43.263,76.944,65265,0x00,0x00,0x80,0x02
2026-06-03T16:06:00Z,KZ-TR-001,43.263,76.944,65266,0x00,0x98,0x03,0x00
2026-06-03T16:06:00Z,KZ-TR-001,43.263,76.944,65280,0xe0,0x2e,0x00,0x00
2026-06-03T16:07:00Z,KZ-TR-001,43.263,76.945,65265,0x00,0x00,0x80,0x02
2026-06-03T16:07:00Z,KZ-TR-001,43.263,76.945,65266,0x00,0x98,0x03,0x00
2026-06-03T16:07:00Z,KZ-TR-001,43.263,76.945,65280,0xe0,0x2e,0x00,0x00
2026-06-03T16:08:00Z,KZ-TR-001,43.261,76.949,65265,0x00,0x00,0x80,0x02
2026-06-03T16:08:00Z,KZ-TR-001,43.261,76.949,65266,0x00,0x98,0x03,0x00
2026-06-03T16:08:00Z,KZ-TR-001,43.261,76.949,65280,0xe0,0x2e,0x00,0x00
2026-06-03T16:09:00Z,KZ-TR-001,43.264,76.945,65265,0x00,0x00,0x80,0x02
2026-06-03T16:09:00Z,KZ-TR-001,43.264,76.945,65266,0x00,0x98,0x03,0x00
2026-06-03T16:09:00Z,KZ-TR-001,43.264,76.945,65280,0xe0,0x2e,0x00,0x00
2026-06-03T16:10:00Z,KZ-TR-001,43.264,76.946,65265,0x00,0x00,0x80,0x02
2026-06-03T16:10:00Z,KZ-TR-001,43.264,76.946,65266,0x00,0x98,0x03,0x00
2026-06-03T16:10:00Z,KZ-TR-001,43.264,76.946,65280,0xe0,0x2e,0x00,0x00
2026-06-03T16:11:00Z,KZ-TR-001,43.263,76.942,65265,0x00,0x00,0x80,0x02
2026-06-03T16:11:00Z,KZ-TR-001,43.263,76.942,65266,0x00,0x98,0x03,0x00
2026-06-03T16:11:00Z,KZ-TR-001,43.263,76.942,65280,0xe0,0x2e,0x00,0x00
2026-06-03T16:12:00Z,KZ-TR-001,43.264,76.940,65265,0x00,0x00,0x80,0x02
2026-06-03T16:12:00Z,KZ-TR-001,43.264,76.940,65266,0x00,0x98,0x03,0x00
2026-06-03T16:12:00Z,KZ-TR-001,43.264,76.940,65280,0xe0,0x2e,0x00,0x00
2026-06-03T16:13:00Z,KZ-TR-001,43.265,76.946,65265,0x00,0x00,0x80,0x02
2026-06-03T16:13:00Z,KZ-TR-001,43.265,76.946,65266,0x00,0x98,0x03,0x00
2026-06-03T16:13:00Z,KZ-TR-001,43.265,76.946,65280,0xe0,0x2e,0x00,0x00
2026-06-03T16:14:00Z,KZ-TR-001,43.259,76.944,65265,0x00,0x00,0x80,0x02
2026-06-03T16:14:00Z,KZ-TR-001,43.259,76.944,65266,0x00,0x98,0x03,0x00
2026-06-03T16:14:00Z,KZ-TR-001,43.259,76.944,65280,0xe0,0x2e,0x00,0x00
2026-06-03T16:15:00Z,KZ-TR-001,43.258,76.944,65265,0x00,0x00,0x80,0x02
2026-06-03T16:15:00Z,KZ-TR-001,43.258,76.944,65266,0x00,0x98,0x03,0x00
2026-06-03T16:15:00Z,KZ-TR-001,43.258,76.944,65280,0xe0,0x2e,0x00,0x00
2026-06-03T16:16:00Z,KZ-TR-001,43.261,76.944,65265,0x00,0x00,0x80,0x02
2026-06-03T16:16:00Z,KZ-TR-001,43.261,76.944,65266,0x00,0x98,0x03,0x00
2026-06-03T16:16:00Z,KZ-TR-001,43.261,76.944,65280,0xe0,0x2e,0x00,0x00
2026-06-03T16:17:00Z,KZ-TR-001,43.260,76.942,65265,0x00,0x00,0x80,0x02
2026-06-03T16:17:00Z,KZ-TR-001,43.260,76.942,65266,0x00,0x98,0x03,0x00
2026-06-03T16:17:00Z,KZ-TR-001,43.260,76.942,65280,0xe0,0x2e,0x00,0x00
2026-06-03T16:18:00Z,KZ-TR-001,43.265,76.941,65265,0x00,0x00,0x80,0x02
2026-06-03T16:18:00Z,KZ-TR-001,43.265,76.941,65266,0x00,0x98,0x03,0x00
2026-06-03T16:18:00Z,KZ-TR-001,43.265,76.941,65280,0xe0,0x2e,0x00,0x00
2026-06-03T16:19:00Z,KZ-TR-001,43.259,76.945,65265,0x00,0x00,0x80,0x02
2026-06-03T16:19:00Z,KZ-TR-001,43.259,76.945,65266,0x00,0x98,0x03,0x00
2026-06-03T16:19:00Z,KZ-TR-001,43.259,76.945,65280,0xe0,0x2e,0x00,0x00
2026-06-03T16:20:00Z,KZ-TR-001,43.264,76.945,65265,0x00,0x00,0x80,0x02
2026-06-03T16:20:00Z,KZ-TR-001,43.264,76.945,65266,0x00,0x98,0x03,0x00
2026-06-03T16:20:00Z,KZ-TR-001,43.264,76.945,65280,0xe0,0x2e,0x00,0x00
2026-06-03T16:21:00Z,KZ-TR-001,43.257,76.946,65265,0x00,0x00,0x80,0x02
2026-06-03T16:21:00Z,KZ-TR-001,43.257,76.946,65266,0x00,0x98,0x03,0x00
2026-06-03T16:21:00Z,KZ-TR-001,43.257,76.946,65280,0xe0,0x2e,0x00,0x00
2026-06-03T16:22:00Z,KZ-TR-001,43.263,76.941,65265,0x00,0x00,0x80,0x02
2026-06-03T16:22:00Z,KZ-TR-001,43.263,76.941,65266,0x00,0x98,0x03,0x00
2026-06-03T16:22:00Z,KZ-TR-001,43.263,76.941,65280,0xe0,0x2e,0x00,0x00
2026-06-03T16:23:00Z,KZ-TR-001,43.258,76.950,65265,0x00,0x00,0x80,0x02
2026-06-03T16:23:00Z,KZ-TR-001,43.258,76.950,65266,0x00,0x98,0x03,0x00
2026-06-03T16:23:00Z,KZ-TR-001,43.258,76.950,65280,0xe0,0x2e,0x00,0x00
2026-06-03T16:24:00Z,KZ-TR-001,43.261,76.942,65265,0x00,0x00,0x80,0x02
2026-06-03T16:24:00Z,KZ-TR-001,43.261,76.942,65266,0x00,0x98,0x03,0x00
2026-06-03T16:24:00Z,KZ-TR-001,43.261,76.942,65280,0xe0,0x2e,0x00,0x00
2026-06-03T16:25:00Z,KZ-TR-001,43.260,76.944,65265,0x00,0x00,0x80,0x02
2026-06-03T16:25:00Z,KZ-TR-001,43.260,76.944,65266,0x00,0x98,0x03,0x00
2026-06-03T16:25:00Z,KZ-TR-001,43.260,76.944,65280,0xe0,0x2e,0x00,0x00
2026-06-03T16:26:00Z,KZ-TR-001,43.263,76.941,65265,0x00,0x00,0x80,0x02
2026-06-03T16:26:00Z,KZ-TR-001,43.263,76.941,65266,0x00,0x98,0x03,0x00
2026-06-03T16:26:00Z,KZ-TR-001,43.263,76.941,65280,0xe0,0x2e,0x00,0x00
2026-06-03T16:27:00Z,KZ-TR-001,43.258,76.944,65265,0x00,0x00,0x80,0x02
2026-06-03T16:27:00Z,KZ-TR-001,43.258,76.944,65266,0x00,0x98,0x03,0x00
2026-06-03T16:27:00Z,KZ-TR-001,43.258,76.944,65280,0xe0,0x2e,0x00,0x00
2026-06-03T16:28:00Z,KZ-TR-001,43.258,76.943,65265,0x00,0x00,0x80,0x02
2026-06-03T16:28:00Z,KZ-TR-001,43.258,76.943,65266,0x00,0x98,0x03,0x00
2026-06-03T16:28:00Z,KZ-TR-001,43.258,76.943,65280,0xe0,0x2e,0x00,0x00
2026-06-03T16:29:00Z,KZ-TR-001,43.258,76.945,65265,0x00,0x00,0x80,0x02
2026-06-03T16:29:00Z,KZ-TR-001,43.258,76.945,65266,0x00,0x98,0x03,0x00
2026-06-03T16:29:00Z,KZ-TR-001,43.258,76.945,65280,0xe0,0x2e,0x00,0x00
2026-06-03T16:30:00Z,KZ-TR-001,43.258,76.949,65265,0x00,0x00,0x80,0x02
2026-06-03T16:30:00Z,KZ-TR-001,43.258,76.949,65266,0x00,0x98,0x03,0x00
2026-06-03T16:30:00Z,KZ-TR-001,43.258,76.949,65280,0xe0,0x2e,0x00,0x00
2026-06-03T16:31:00Z,KZ-TR-001,43.260,76.942,65265,0x00,0x00,0x80,0x02
2026-06-03T16:31:00Z,KZ-TR-001,43.260,76.942,65266,0x00,0x98,0x03,0x00
2026-06-03T16:31:00Z,KZ-TR-001,43.260,76.942,65280,0xe0,0x2e,0x00,0x00
2026-06-03T16:32:00Z,KZ-TR-001,43.262,76.942,65265,0x00,0x00,0x80,0x02
2026-06-03T16:32:00Z,KZ-TR-001,43.262,76.942,65266,0x00,0x98,0x03,0x00
2026-06-03T16:32:00Z,KZ-TR-001,43.262,76.942,65280,0xe0,0x2e,0x00,0x00
2026-06-03T16:33:00Z,KZ-TR-001,43.258,76.948,65265,0x00,0x00,0x80,0x02
2026-06-03T16:33:00Z,KZ-TR-001,43.258,76.948,65266,0x00,0x98,0x03,0x00
2026-06-03T16:33:00Z,KZ-TR-001,43.258,76.948,65280,0xe0,0x2e,0x00,0x00
2026-06-03T16:34:00Z,KZ-TR-001,43.263,76.947,65265,0x00,0x00,0x80,0x02
2026-06-03T16:34:00Z,KZ-TR-001,43.263,76.947,65266,0x00,0x98,0x03,0x00
2026-06-03T16:34:00Z,KZ-TR-001,43.263,76.947,65280,0xe0,0x2e,0x00,0x00
2026-06-03T16:35:00Z,KZ-TR-001,43.262,76.940,65265,0x00,0x00,0x80,0x02
2026-06-03T16:35:00Z,KZ-TR-001,43.262,76.940,65266,0x00,0x98,0x03,0x00
2026-06-03T16:35:00Z,KZ-TR-001,43.262,76.940,65280,0xe0,0x2e,0x00,0x00
2026-06-03T16:36:00Z,KZ-TR-001,43.257,76.945,65265,0x00,0x00,0x80,0x02
2026-06-03T16:36:00Z,KZ-TR-001,43.257,76.945,65266,0x00,0x98,0x03,0x00
2026-06-03T16:36:00Z,KZ-TR-001,43.257,76.945,65280,0xe0,0x2e,0x00,0x00
2026-06-03T16:37:00Z,KZ-TR-001,43.265,76.948,65265,0x00,0x00,0x80,0x02
2026-06-03T16:37:00Z,KZ-TR-001,43.265,76.948,65266,0x00,0x98,0x03,0x00
2026-06-03T16:37:00Z,KZ-TR-001,43.265,76.948,65280,0xe0,0x2e,0x00,0x00
2026-06-03T16:38:00Z,KZ-TR-001,43.260,76.945,65265,0x00,0x00,0x80,0x02
2026-06-03T16:38:00Z,KZ-TR-001,43.260,76.945,65266,0x00,0x98,0x03,0x00
2026-06-03T16:38:00Z,KZ-TR-001,43.260,76.945,65280,0xe0,0x2e,0x00,0x00
2026-06-03T16:39:00Z,KZ-TR-001,43.262,76.947,65265,0x00,0x00,0x80,0x02
2026-06-03T16:39:00Z,KZ-TR-001,43.262,76.947,65266,0x00,0x98,0x03,0x00
2026-06-03T16:39:00Z,KZ-TR-001,43.262,76.947,65280,0xe0,0x2e,0x00,0x00
2026-06-03T16:40:00Z,KZ-TR-001,43.255,76.947,65265,0x00,0x00,0x80,0x02
2026-06-03T16:40:00Z,KZ-TR-001,43.255,76.947,65266,0x00,0x98,0x03,0x00
2026-06-03T16:40:00Z,KZ-TR-001,43.255,76.947,65280,0xe0,0x2e,0x00,0x00
2026-06-03T16:41:00Z,KZ-TR-001,43.256,76.945,65265,0x00,0x00,0x80,0x02
2026-06-03T16:41:00Z,KZ-TR-001,43.256,76.945,65266,0x00,0x98,0x03,0x00
2026-06-03T16:41:00Z,KZ-TR-001,43.256,76.945,65280,0xe0,0x2e,0x00,0x00
2026-06-03T16:42:00Z,KZ-TR-001,43.256,76.945,65265,0x00,0x00,0x80,0x02
2026-06-03T16:42:00Z,KZ-TR-001,43.256,76.945,65266,0x00,0x98,0x03,0x00
2026-06-03T16:42:00Z,KZ-TR-001,43.256,76.945,65280,0xe0,0x2e,0x00,0x00
2026-06-03T16:43:00Z,KZ-TR-001,43.255,76.945,65265,0x00,0x00,0x80,0x02
2026-06-03T16:43:00Z,KZ-TR-001,43.255,76.945,65266,0x00,0x98,0x03,0x00
2026-06-03T16:43:00Z,KZ-TR-001,43.255,76.945,65280,0xe0,0x2e,0x00,0x00
2026-06-03T16:44:00Z,KZ-TR-001,43.255,76.945,65265,0x00,0x00,0x80,0x02
2026-06-03T16:44:00Z,KZ-TR-001,43.255,76.945,65266,0x00,0x98,0x03,0x00
2026-06-03T16:44:00Z,KZ-TR-001,43.255,76.945,65280,0xe0,0x2e,0x00,0x00
2026-06-03T16:45:00Z,KZ-TR-001,43.264,76.940,65265,0x00,0x00,0x80,0x02
2026-06-03T16:45:00Z,KZ-TR-001,43.264,76.940,65266,0x00,0x98,0x03,0x00
2026-06-03T16:45:00Z,KZ-TR-001,43.264,76.940,65280,0xe0,0x2e,0x00,0x00
2026-06-03T16:46:00Z,KZ-TR-001,43.260,76.943,65265,0x00,0x00,0x80,0x02
2026-06-03T16:46:00Z,KZ-TR-001,43.260,76.943,65266,0x00,0x98,0x03,0x00
2026-06-03T16:46:00Z,KZ-TR-001,43.260,76.943,65280,0xe0,0x2e,0x00,0x00
2026-06-03T16:47:00Z,KZ-TR-001,43.257,76.943,65265,0x00,0x00,0x80,0x02
2026-06-03T16:47:00Z,KZ-TR-001,43.257,76.943,65266,0x00,0x98,0x03,0x00
2026-06-03T16:47:00Z,KZ-TR-001,43.257,76.943,65280,0xe0,0x2e,0x00,0x00
2026-06-03T16:48:00Z,KZ-TR-001,43.261,76.945,65265,0x00,0x00,0x80,0x02
2026-06-03T16:48:00Z,KZ-TR-001,43.261,76.945,65266,0x00,0x98,0x03,0x00
2026-06-03T16:48:00Z,KZ-TR-001,43.261,76.945,65280,0xe0,0x2e,0x00,0x00
2026-06-03T16:49:00Z,KZ-TR-001,43.258,76.945,65265,0x00,0x00,0x80,0x02
2026-06-03T16:49:00Z,KZ-TR-001,43.258,76.945,65266,0x00,0x98,0x03,0x00
2026-06-03T16:49:00Z,KZ-TR-001,43.258,76.945,65280,0xe0,0x2e,0x00,0x00
2026-06-03T16:50:00Z,KZ-TR-001,43.260,76.949,65265,0x00,0x00,0x80,0x02
2026-06-03T16:50:00Z,KZ-TR-001,43.260,76.949,65266,0x00,0x98,0x03,0x00
2026-06-03T16:50:00Z,KZ-TR-001,43.260,76.949,65280,0xe0,0x2e,0x00,0x00
2026-06-03T16:51:00Z,KZ-TR-001,43.264,76.941,65265,0x00,0x00,0x80,0x02
2026-06-03T16:51:00Z,KZ-TR-001,43.264,76.941,65266,0x00,0x98,0x03,0x00
2026-06-03T16:51:00Z,KZ-TR-001,43.264,76.941,65280,0xe0,0x2e,0x00,0x00
2026-06-03T16:52:00Z,KZ-TR-001,43.259,76.941,65265,0x00,0x00,0x80,0x02
2026-06-03T16:52:00Z,KZ-TR-001,43.259,76.941,65266,0x00,0x98,0x03,0x00
2026-06-03T16:52:00Z,KZ-TR-001,43.259,76.941,65280,0xe0,0x2e,0x00,0x00
2026-06-03T16:53:00Z,KZ-TR-001,43.263,76.942,65265,0x00,0x00,0x80,0x02
2026-06-03T16:53:00Z,KZ-TR-001,43.263,76.942,65266,0x00,0x98,0x03,0x00
2026-06-03T16:53:00Z,KZ-TR-001,43.263,76.942,65280,0xe0,0x2e,0x00,0x00
2026-06-03T16:54:00Z,KZ-TR-001,43.263,76.941,65265,0x00,0x00,0x80,0x02
2026-06-03T16:54:00Z,KZ-TR-001,43.263,76.941,65266,0x00,0x98,0x03,0x00
2026-06-03T16:54:00Z,KZ-TR-001,43.263,76.941,65280,0xe0,0x2e,0x00,0x00
2026-06-03T16:55:00Z,KZ-TR-001,43.263,76.945,65265,0x00,0x00,0x80,0x02
2026-06-03T16:55:00Z,KZ-TR-001,43.263,76.945,65266,0x00,0x98,0x03,0x00
2026-06-03T16:55:00Z,KZ-TR-001,43.263,76.945,65280,0xe0,0x2e,0x00,0x00
2026-06-03T16:56:00Z,KZ-TR-001,43.256,76.947,65265,0x00,0x00,0x80,0x02
2026-06-03T16:56:00Z,KZ-TR-001,43.256,76.947,65266,0x00,0x98,0x03,0x00
2026-06-03T16:56:00Z,KZ-TR-001,43.256,76.947,65280,0xe0,0x2e,0x00,0x00
2026-06-03T16:57:00Z,KZ-TR-001,43.257,76.949,65265,0x00,0x00,0x80,0x02
2026-06-03T16:57:00Z,KZ-TR-001,43.257,76.949,65266,0x00,0x98,0x03,0x00
2026-06-03T16:57:00Z,KZ-TR-001,43.257,76.949,65280,0xe0,0x2e,0x00,0x00
2026-06-03T16:58:00Z,KZ-TR-001,43.264,76.947,65265,0x00,0x00,0x80,0x02
2026-06-03T16:58:00Z,KZ-TR-001,43.264,76.947,65266,0x00,0x98,0x03,0x00
2026-06-03T16:58:00Z,KZ-TR-001,43.264,76.947,65280,0xe0,0x2e,0x00,0x00
2026-06-03T16:59:00Z,KZ-TR-001,43.260,76.946,65265,0x00,0x00,0x80,0x02
2026-06-03T16:59:00Z,KZ-TR-001,43.260,76.946,65266,0x00,0x98,0x03,0x00
2026-06-03T16:59:00Z,KZ-TR-001,43.260,76.946,65280,0xe0,0x2e,0x00,0x00
2026-06-03T17:00:00Z,KZ-TR-001,43.260,76.945,65265,0x00,0x00,0x80,0x02
2026-06-03T17:00:00Z,KZ-TR-001,43.260,76.945,65266,0x00,0x98,0x03,0x00
2026-06-03T17:00:00Z,KZ-TR-001,43.260,76.945,65280,0xe0,0x2e,0x00,0x00
2026-06-03T17:01:00Z,KZ-TR-001,43.260,76.943,65265,0x00,0x00,0x80,0x02
2026-06-03T17:01:00Z,KZ-TR-001,43.260,76.943,65266,0x00,0x98,0x03,0x00
2026-06-03T17:01:00Z,KZ-TR-001,43.260,76.943,65280,0xe0,0x2e,0x00,0x00
2026-06-03T17:02:00Z,KZ-TR-001,43.261,76.947,65265,0x00,0x00,0x80,0x02
2026-06-03T17:02:00Z,KZ-TR-001,43.261,76.947,65266,0x00,0x98,0x03,0x00
2026-06-03T17:02:00Z,KZ-TR-001,43.261,76.947,65280,0xe0,0x2e,0x00,0x00
2026-06-03T17:03:00Z,KZ-TR-001,43.257,76.949,65265,0x00,0x00,0x80,0x02
2026-06-03T17:03:00Z,KZ-TR-001,43.257,76.949,65266,0x00,0x98,0x03,0x00
2026-06-03T17:03:00Z,KZ-TR-001,43.257,76.949,65280,0xe0,0x2e,0x00,0x00
2026-06-03T17:04:00Z,KZ-TR-001,43.265,76.947,65265,0x00,0x00,0x80,0x02
2026-06-03T17:04:00Z,KZ-TR-001,43.265,76.947,65266,0x00,0x98,0x03,0x00
2026-06-03T17:04:00Z,KZ-TR-001,43.265,76.947,65280,0xe0,0x2e,0x00,0x00
2026-06-03T17:05:00Z,KZ-TR-001,43.264,76.940,65265,0x00,0x00,0x80,0x02
2026-06-03T17:05:00Z,KZ-TR-001,43.264,76.940,65266,0x00,0x98,0x03,0x00
2026-06-03T17:05:00Z,KZ-TR-001,43.264,76.940,65280,0xe0,0x2e,0x00,0x00
2026-06-03T17:06:00Z,KZ-TR-001,43.261,76.940,65265,0x00,0x00,0x80,0x02
2026-06-03T17:06:00Z,KZ-TR-001,43.261,76.940,65266,0x00,0x98,0x03,0x00
2026-06-03T17:06:00Z,KZ-TR-001,43.261,76.940,65280,0xe0,0x2e,0x00,0x00
2026-06-03T17:07:00Z,KZ-TR-001,43.260,76.948,65265,0x00,0x00,0x80,0x02
2026-06-03T17:07:00Z,KZ-TR-001,43.260,76.948,65266,0x00,0x98,0x03,0x00
2026-06-03T17:07:00Z,KZ-TR-001,43.260,76.948,65280,0xe0,0x2e,0x00,0x00
2026-06-03T17:08:00Z,KZ-TR-001,43.262,76.941,65265,0x00,0x00,0x80,0x02
2026-06-03T17:08:00Z,KZ-TR-001,43.262,76.941,65266,0x00,0x98,0x03,0x00
2026-06-03T17:08:00Z,KZ-TR-001,43.262,76.941,65280,0xe0,0x2e,0x00,0x00
2026-06-03T17:09:00Z,KZ-TR-001,43.260,76.949,65265,0x00,0x00,0x80,0x02
2026-06-03T17:09:00Z,KZ-TR-001,43.260,76.949,65266,0x00,0x98,0x03,0x00
2026-06-03T17:09:00Z,KZ-TR-001,43.260,76.949,65280,0xe0,0x2e,0x00,0x00
2026-06-03T17:10:00Z,KZ-TR-001,43.262,76.942,65265,0x00,0x00,0x80,0x02
2026-06-03T17:10:00Z,KZ-TR-001,43.262,76.942,65266,0x00,0x98,0x03,0x00
2026-06-03T17:10:00Z,KZ-TR-001,43.262,76.942,65280,0xe0,0x2e,0x00,0x00
2026-06-03T17:11:00Z,KZ-TR-001,43.255,76.943,65265,0x00,0x00,0x80,0x02
2026-06-03T17:11:00Z,KZ-TR-001,43.255,76.943,65266,0x00,0x98,0x03,0x00
2026-06-03T17:11:00Z,KZ-TR-001,43.255,76.943,65280,0xe0,0x2e,0x00,0x00
2026-06-03T17:12:00Z,KZ-TR-001,43.258,76.949,65265,0x00,0x00,0x80,0x02
2026-06-03T17:12:00Z,KZ-TR-001,43.258,76.949,65266,0x00,0x98,0x03,0x00
2026-06-03T17:12:00Z,KZ-TR-001,43.258,76.949,65280,0xe0,0x2e,0x00,0x00
2026-06-03T17:13:00Z,KZ-TR-001,43.257,76.942,65265,0x00,0x00,0x80,0x02
2026-06-03T17:13:00Z,KZ-TR-001,43.257,76.942,65266,0x00,0x98,0x03,0x00
2026-06-03T17:13:00Z,KZ-TR-001,43.257,76.942,65280,0xe0,0x2e,0x00,0x00
2026-06-03T17:14:00Z,KZ-TR-001,43.259,76.949,65265,0x00,0x00,0x80,0x02
2026-06-03T17:14:00Z,KZ-TR-001,43.259,76.949,65266,0x00,0x98,0x03,0x00
2026-06-03T17:14:00Z,KZ-TR-001,43.259,76.949,65280,0xe0,0x2e,0x00,0x00
2026-06-03T17:15:00Z,KZ-TR-001,43.261,76.943,65265,0x00,0x00,0x80,0x02
2026-06-03T17:15:00Z,KZ-TR-001,43.261,76.943,65266,0x00,0x98,0x03,0x00
2026-06-03T17:15:00Z,KZ-TR-001,43.261,76.943,65280,0xe0,0x2e,0x00,0x00
2026-06-03T17:16:00Z,KZ-TR-001,43.257,76.943,65265,0x00,0x00,0x80,0x02
2026-06-03T17:16:00Z,KZ-TR-001,43.257,76.943,65266,0x00,0x98,0x03,0x00
2026-06-03T17:16:00Z,KZ-TR-001,43.257,76.943,65280,0xe0,0x2e,0x00,0x00
2026-06-03T17:17:00Z,KZ-TR-001,43.261,76.944,65265,0x00,0x00,0x80,0x02
2026-06-03T17:17:00Z,KZ-TR-001,43.261,76.944,65266,0x00,0x98,0x03,0x00
2026-06-03T17:17:00Z,KZ-TR-001,43.261,76.944,65280,0xe0,0x2e,0x00,0x00
2026-06-03T17:18:00Z,KZ-TR-001,43.264,76.941,65265,0x00,0x00,0x80,0x02
2026-06-03T17:18:00Z,KZ-TR-001,43.264,76.941,65266,0x00,0x98,0x03,0x00
2026-06-03T17:18:00Z,KZ-TR-001,43.264,76.941,65280,0xe0,0x2e,0x00,0x00
2026-06-03T17:19:00Z,KZ-TR-001,43.261,76.944,65265,0x00,0x00,0x80,0x02
2026-06-03T17:19:00Z,KZ-TR-001,43.261,76.944,65266,0x00,0x98,0x03,0x00
2026-06-03T17:19:00Z,KZ-TR-001,43.261,76.944,65280,0xe0,0x2e,0x00,0x00
2026-06-03T17:20:00Z,KZ-TR-001,43.255,76.948,65265,0x00,0x00,0x80,0x02
2026-06-03T17:20:00Z,KZ-TR-001,43.255,76.948,65266,0x00,0x98,0x03,0x00
2026-06-03T17:20:00Z,KZ-TR-001,43.255,76.948,65280,0xe0,0x2e,0x00,0x00
2026-06-03T17:21:00Z,KZ-TR-001,43.261,76.949,65265,0x00,0x00,0x80,0x02
2026-06-03T17:21:00Z,KZ-TR-001,43.261,76.949,65266,0x00,0x98,0x03,0x00
2026-06-03T17:21:00Z,KZ-TR-001,43.261,76.949,65280,0xe0,0x2e,0x00,0x00
2026-06-03T17:22:00Z,KZ-TR-001,43.262,76.943,65265,0x00,0x00,0x80,0x02
2026-06-03T17:22:00Z,KZ-TR-001,43.262,76.943,65266,0x00,0x98,0x03,0x00
2026-06-03T17:22:00Z,KZ-TR-001,43.262,76.943,65280,0xe0,0x2e,0x00,0x00
2026-06-03T17:23:00Z,KZ-TR-001,43.260,76.949,65265,0x00,0x00,0x80,0x02
2026-06-03T17:23:00Z,KZ-TR-001,43.260,76.949,65266,0x00,0x98,0x03,0x00
2026-06-03T17:23:00Z,KZ-TR-001,43.260,76.949,65280,0xe0,0x2e,0x00,0x00
2026-06-03T17:24:00Z,KZ-TR-001,43.256,76.944,65265,0x00,0x00,0x80,0x02
2026-06-03T17:24:00Z,KZ-TR-001,43.256,76.944,65266,0x00,0x98,0x03,0x00
2026-06-03T17:24:00Z,KZ-TR-001,43.256,76.944,65280,0xe0,0x2e,0x00,0x00
2026-06-03T17:25:00Z,KZ-TR-001,43.264,76.948,65265,0x00,0x00,0x80,0x02
2026-06-03T17:25:00Z,KZ-TR-001,43.264,76.948,65266,0x00,0x98,0x03,0x00
2026-06-03T17:25:00Z,KZ-TR-001,43.264,76.948,65280,0xe0,0x2e,0x00,0x00
2026-06-03T17:26:00Z,KZ-TR-001,43.261,76.944,65265,0x00,0x00,0x80,0x02
2026-06-03T17:26:00Z,KZ-TR-001,43.261,76.944,65266,0x00,0x98,0x03,0x00
2026-06-03T17:26:00Z,KZ-TR-001,43.261,76.944,65280,0xe0,0x2e,0x00,0x00
2026-06-03T17:27:00Z,KZ-TR-001,43.259,76.941,65265,0x00,0x00,0x80,0x02
2026-06-03T17:27:00Z,KZ-TR-001,43.259,76.941,65266,0x00,0x98,0x03,0x00
2026-06-03T17:27:00Z,KZ-TR-001,43.259,76.941,65280,0xe0,0x2e,0x00,0x00
2026-06-03T17:28:00Z,KZ-TR-001,43.255,76.949,65265,0x00,0x00,0x80,0x02
2026-06-03T17:28:00Z,KZ-TR-001,43.255,76.949,65266,0x00,0x98,0x03,0x00
2026-06-03T17:28:00Z,KZ-TR-001,43.255,76.949,65280,0xe0,0x2e,0x00,0x00
2026-06-03T17:29:00Z,KZ-TR-001,43.259,76.942,65265,0x00,0x00,0x80,0x02
2026-06-03T17:29:00Z,KZ-TR-001,43.259,76.942,65266,0x00,0x98,0x03,0x00
2026-06-03T17:29:00Z,KZ-TR-001,43.259,76.942,65280,0xe0,0x2e,0x00,0x00
2026-06-03T17:30:00Z,KZ-TR-001,43.263,76.950,65265,0x00,0x00,0x80,0x02
2026-06-03T17:30:00Z,KZ-TR-001,43.263,76.950,65266,0x00,0x98,0x03,0x00
2026-06-03T17:30:00Z,KZ-TR-001,43.263,76.950,65280,0xe0,0x2e,0x00,0x00
2026-06-03T17:31:00Z,KZ-TR-001,43.264,76.942,65265,0x00,0x00,0x80,0x02
2026-06-03T17:31:00Z,KZ-TR-001,43.264,76.942,65266,0x00,0x98,0x03,0x00
2026-06-03T17:31:00Z,KZ-TR-001,43.264,76.942,65280,0xe0,0x2e,0x00,0x00
2026-06-03T17:32:00Z,KZ-TR-001,43.264,76.945,65265,0x00,0x00,0x80,0x02
2026-06-03T17:32:00Z,KZ-TR-001,43.264,76.945,65266,0x00,0x98,0x03,0x00
2026-06-03T17:32:00Z,KZ-TR-001,43.264,76.945,65280,0xe0,0x2e,0x00,0x00
2026-06-03T17:33:00Z,KZ-TR-001,43.255,76.942,65265,0x00,0x00,0x80,0x02
2026-06-03T17:33:00Z,KZ-TR-001,43.255,76.942,65266,0x00,0x98,0x03,0x00
2026-06-03T17:33:00Z,KZ-TR-001,43.255,76.942,65280,0xe0,0x2e,0x00,0x00
2026-06-03T17:34:00Z,KZ-TR-001,43.265,76.949,65265,0x00,0x00,0x80,0x02
2026-06-03T17:34:00Z,KZ-TR-001,43.265,76.949,65266,0x00,0x98,0x03,0x00
2026-06-03T17:34:00Z,KZ-TR-001,43.265,76.949,65280,0xe0,0x2e,0x00,0x00
2026-06-03T17:35:00Z,KZ-TR-001,43.255,76.940,65265,0x00,0x00,0x80,0x02
2026-06-03T17:35:00Z,KZ-TR-001,43.255,76.940,65266,0x00,0x98,0x03,0x00
2026-06-03T17:35:00Z,KZ-TR-001,43.255,76.940,65280,0xe0,0x2e,0x00,0x00
2026-06-03T17:36:00Z,KZ-TR-001,43.260,76.946,65265,0x00,0x00,0x80,0x02
2026-06-03T17:36:00Z,KZ-TR-001,43.260,76.946,65266,0x00,0x98,0x03,0x00
2026-06-03T17:36:00Z,KZ-TR-001,43.260,76.946,65280,0xe0,0x2e,0x00,0x00
2026-06-03T17:37:00Z,KZ-TR-001,43.262,76.950,65265,0x00,0x00,0x80,0x02
2026-06-03T17:37:00Z,KZ-TR-001,43.262,76.950,65266,0x00,0x98,0x03,0x00
2026-06-03T17:37:00Z,KZ-TR-001,43.262,76.950,65280,0xe0,0x2e,0x00,0x00
2026-06-03T17:38:00Z,KZ-TR-001,43.260,76.941,65265,0x00,0x00,0x80,0x02
2026-06-03T17:38:00Z,KZ-TR-001,43.260,76.941,65266,0x00,0x98,0x03,0x00
2026-06-03T17:38:00Z,KZ-TR-001,43.260,76.941,65280,0xe0,0x2e,0x00,0x00
2026-06-03T17:39:00Z,KZ-TR-001,43.264,76.944,65265,0x00,0x00,0x80,0x02
2026-06-03T17:39:00Z,KZ-TR-001,43.264,76.944,65266,0x00,0x98,0x03,0x00
2026-06-03T17:39:00Z,KZ-TR-001,43.264,76.944,65280,0xe0,0x2e,0x00,0x00
2026-06-03T17:40:00Z,KZ-TR-001,43.264,76.950,65265,0x00,0x00,0x80,0x02
2026-06-03T17:40:00Z,KZ-TR-001,43.264,76.950,65266,0x00,0x98,0x03,0x00
2026-06-03T17:40:00Z,KZ-TR-001,43.264,76.950,65280,0xe0,0x2e,0x00,0x00
2026-06-03T17:41:00Z,KZ-TR-001,43.262,76.941,65265,0x00,0x00,0x80,0x02
2026-06-03T17:41:00Z,KZ-TR-001,43.262,76.941,65266,0x00,0x98,0x03,0x00
2026-06-03T17:41:00Z,KZ-TR-001,43.262,76.941,65280,0xe0,0x2e,0x00,0x00
2026-06-03T17:42:00Z,KZ-TR-001,43.264,76.940,65265,0x00,0x00,0x80,0x02
2026-06-03T17:42:00Z,KZ-TR-001,43.264,76.940,65266,0x00,0x98,0x03,0x00
2026-06-03T17:42:00Z,KZ-TR-001,43.264,76.940,65280,0xe0,0x2e,0x00,0x00
2026-06-03T17:43:00Z,KZ-TR-001,43.263,76.950,65265,0x00,0x00,0x80,0x02
2026-06-03T17:43:00Z,KZ-TR-001,43.263,76.950,65266,0x00,0x98,0x03,0x00
2026-06-03T17:43:00Z,KZ-TR-001,43.263,76.950,65280,0xe0,0x2e,0x00,0x00
2026-06-03T17:44:00Z,KZ-TR-001,43.262,76.948,65265,0x00,0x00,0x80,0x02
2026-06-03T17:44:00Z,KZ-TR-001,43.262,76.948,65266,0x00,0x98,0x03,0x00
2026-06-03T17:44:00Z,KZ-TR-001,43.262,76.948,65280,0xe0,0x2e,0x00,0x00
2026-06-03T17:45:00Z,KZ-TR-001,43.259,76.941,65265,0x00,0x00,0x80,0x02
2026-06-03T17:45:00Z,KZ-TR-001,43.259,76.941,65266,0x00,0x98,0x03,0x00
2026-06-03T17:45:00Z,KZ-TR-001,43.259,76.941,65280,0xe0,0x2e,0x00,0x00
2026-06-03T17:46:00Z,KZ-TR-001,43.259,76.943,65265,0x00,0x00,0x80,0x02
2026-06-03T17:46:00Z,KZ-TR-001,43.259,76.943,65266,0x00,0x98,0x03,0x00
2026-06-03T17:46:00Z,KZ-TR-001,43.259,76.943,65280,0xe0,0x2e,0x00,0x00
2026-06-03T17:47:00Z,KZ-TR-001,43.260,76.945,65265,0x00,0x00,0x80,0x02
2026-06-03T17:47:00Z,KZ-TR-001,43.260,76.945,65266,0x00,0x98,0x03,0x00
2026-06-03T17:47:00Z,KZ-TR-001,43.260,76.945,65280,0xe0,0x2e,0x00,0x00
2026-06-03T17:48:00Z,KZ-TR-001,43.262,76.941,65265,0x00,0x00,0x80,0x02
2026-06-03T17:48:00Z,KZ-TR-001,43.262,76.941,65266,0x00,0x98,0x03,0x00
2026-06-03T17:48:00Z,KZ-TR-001,43.262,76.941,65280,0xe0,0x2e,0x00,0x00
2026-06-03T17:49:00Z,KZ-TR-001,43.265,76.944,65265,0x00,0x00,0x80,0x02
2026-06-03T17:49:00Z,KZ-TR-001,43.265,76.944,65266,0x00,0x98,0x03,0x00
2026-06-03T17:49:00Z,KZ-TR-001,43.265,76.944,65280,0xe0,0x2e,0x00,0x00
2026-06-03T17:50:00Z,KZ-TR-001,43.260,76.946,65265,0x00,0x00,0x80,0x02
2026-06-03T17:50:00Z,KZ-TR-001,43.260,76.946,65266,0x00,0x98,0x03,0x00
2026-06-03T17:50:00Z,KZ-TR-001,43.260,76.946,65280,0xe0,0x2e,0x00,0x00
2026-06-03T17:51:00Z,KZ-TR-001,43.255,76.948,65265,0x00,0x00,0x80,0x02
2026-06-03T17:51:00Z,KZ-TR-001,43.255,76.948,65266,0x00,0x98,0x03,0x00
2026-06-03T17:51:00Z,KZ-TR-001,43.255,76.948,65280,0xe0,0x2e,0x00,0x00
2026-06-03T17:52:00Z,KZ-TR-001,43.258,76.943,65265,0x00,0x00,0x80,0x02
2026-06-03T17:52:00Z,KZ-TR-001,43.258,76.943,65266,0x00,0x98,0x03,0x00
2026-06-03T17:52:00Z,KZ-TR-001,43.258,76.943,65280,0xe0,0x2e,0x00,0x00
2026-06-03T17:53:00Z,KZ-TR-001,43.259,76.942,65265,0x00,0x00,0x80,0x02
2026-06-03T17:53:00Z,KZ-TR-001,43.259,76.942,65266,0x00,0x98,0x03,0x00
2026-06-03T17:53:00Z,KZ-TR-001,43.259,76.942,65280,0xe0,0x2e,0x00,0x00
2026-06-03T17:54:00Z,KZ-TR-001,43.258,76.945,65265,0x00,0x00,0x80,0x02
2026-06-03T17:54:00Z,KZ-TR-001,43.258,76.945,65266,0x00,0x98,0x03,0x00
2026-06-03T17:54:00Z,KZ-TR-001,43.258,76.945,65280,0xe0,0x2e,0x00,0x00
2026-06-03T17:55:00Z,KZ-TR-001,43.262,76.945,65265,0x00,0x00,0x80,0x02
2026-06-03T17:55:00Z,KZ-TR-001,43.262,76.945,65266,0x00,0x98,0x03,0x00
2026-06-03T17:55:00Z,KZ-TR-001,43.262,76.945,65280,0xe0,0x2e,0x00,0x00
2026-06-03T17:56:00Z,KZ-TR-001,43.256,76.948,65265,0x00,0x00,0x80,0x02
2026-06-03T17:56:00Z,KZ-TR-001,43.256,76.948,65266,0x00,0x98,0x03,0x00
2026-06-03T17:56:00Z,KZ-TR-001,43.256,76.948,65280,0xe0,0x2e,0x00,0x00
2026-06-03T17:57:00Z,KZ-TR-001,43.257,76.947,65265,0x00,0x00,0x80,0x02
2026-06-03T17:57:00Z,KZ-TR-001,43.257,76.947,65266,0x00,0x98,0x03,0x00
2026-06-03T17:57:00Z,KZ-TR-001,43.257,76.947,65280,0xe0,0x2e,0x00,0x00
2026-06-03T17:58:00Z,KZ-TR-001,43.264,76.944,65265,0x00,0x00,0x80,0x02
2026-06-03T17:58:00Z,KZ-TR-001,43.264,76.944,65266,0x00,0x98,0x03,0x00
2026-06-03T17:58:00Z,KZ-TR-001,43.264,76.944,65280,0xe0,0x2e,0x00,0x00
2026-06-03T17:59:00Z,KZ-TR-001,43.261,76.946,65265,0x00,0x00,0x80,0x02
2026-06-03T17:59:00Z,KZ-TR-001,43.261,76.946,65266,0x00,0x98,0x03,0x00
2026-06-03T17:59:00Z,KZ-TR-001,43.261,76.946,65280,0xe0,0x2e,0x00,0x00
2026-06-04T08:00:00Z,KZ-TR-001,43.257,76.945,65265,0x00,0x00,0xa0,0x02
2026-06-04T08:00:00Z,KZ-TR-001,43.257,76.945,65266,0x00,0xd4,0x03,0x00
2026-06-04T08:00:00Z,KZ-TR-001,43.257,76.945,65280,0xc8,0x32,0x00,0x00
2026-06-04T08:01:00Z,KZ-TR-001,43.260,76.945,65265,0x00,0x00,0xa0,0x02
2026-06-04T08:01:00Z,KZ-TR-001,43.260,76.945,65266,0x00,0xd4,0x03,0x00
2026-06-04T08:01:00Z,KZ-TR-001,43.260,76.945,65280,0xc8,0x32,0x00,0x00
2026-06-04T08:02:00Z,KZ-TR-001,43.262,76.942,65265,0x00,0x00,0xa0,0x02
2026-06-04T08:02:00Z,KZ-TR-001,43.262,76.942,65266,0x00,0xd4,0x03,0x00
2026-06-04T08:02:00Z,KZ-TR-001,43.262,76.942,65280,0xc8,0x32,0x00,0x00
2026-06-04T08:03:00Z,KZ-TR-001,43.256,76.940,65265,0x00,0x00,0xa0,0x02
2026-06-04T08:03:00Z,KZ-TR-001,43.256,76.940,65266,0x00,0xd4,0x03,0x00
2026-06-04T08:03:00Z,KZ-TR-001,43.256,76.940,65280,0xc8,0x32,0x00,0x00
2026-06-04T08:04:00Z,KZ-TR-001,43.258,76.944,65265,0x00,0x00,0xa0,0x02
2026-06-04T08:04:00Z,KZ-TR-001,43.258,76.944,65266,0x00,0xd4,0x03,0x00
2026-06-04T08:04:00Z,KZ-TR-001,43.258,76.944,65280,0xc8,0x32,0x00,0x00
2026-06-04T08:05:00Z,KZ-TR-001,43.257,76.940,65265,0x00,0x00,0xa0,0x02
2026-06-04T08:05:00Z,KZ-TR-001,43.257,76.940,65266,0x00,0xd4,0x03,0x00
2026-06-04T08:05:00Z,KZ-TR-001,43.257,76.940,65280,0xc8,0x32,0x00,0x00
2026-06-04T08:06:00Z,KZ-TR-001,43.262,76.945,65265,0x00,0x00,0xa0,0x02
2026-06-04T08:06:00Z,KZ-TR-001,43.262,76.945,65266,0x00,0xd4,0x03,0x00
2026-06-04T08:06:00Z,KZ-TR-001,43.262,76.945,65280,0xc8,0x32,0x00,0x00
2026-06-04T08:07:00Z,KZ-TR-001,43.259,76.942,65265,0x00,0x00,0xa0,0x02
2026-06-04T08:07:00Z,KZ-TR-001,43.259,76.942,65266,0x00,0xd4,0x03,0x00
2026-06-04T08:07:00Z,KZ-TR-001,43.259,76.942,65280,0xc8,0x32,0x00,0x00
2026-06-04T08:08:00Z,KZ-TR-001,43.263,76.941,65265,0x00,0x00,0xa0,0x02
2026-06-04T08:08:00Z,KZ-TR-001,43.263,76.941,65266,0x00,0xd4,0x03,0x00
2026-06-04T08:08:00Z,KZ-TR-001,43.263,76.941,65280,0xc8,0x32,0x00,0x00
2026-06-04T08:09:00Z,KZ-TR-001,43.260,76.943,65265,0x00,0x00,0xa0,0x02
2026-06-04T08:09:00Z,KZ-TR-001,43.260,76.943,65266,0x00,0xd4,0x03,0x00
2026-06-04T08:09:00Z,KZ-TR-001,43.260,76.943,65280,0xc8,0x32,0x00,0x00
2026-06-04T08:10:00Z,KZ-TR-001,43.257,76.950,65265,0x00,0x00,0xa0,0x02
2026-06-04T08:10:00Z,KZ-TR-001,43.257,76.950,65266,0x00,0xd4,0x03,0x00
2026-06-04T08:10:00Z,KZ-TR-001,43.257,76.950,65280,0xc8,0x32,0x00,0x00
2026-06-04T08:11:00Z,KZ-TR-001,43.263,76.942,65265,0x00,0x00,0xa0,0x02
2026-06-04T08:11:00Z,KZ-TR-001,43.263,76.942,65266,0x00,0xd4,0x03,0x00
2026-06-04T08:11:00Z,KZ-TR-001,43.263,76.942,65280,0xc8,0x32,0x00,0x00
2026-06-04T08:12:00Z,KZ-TR-001,43.263,76.943,65265,0x00,0x00,0xa0,0x02
2026-06-04T08:12:00Z,KZ-TR-001,43.263,76.943,65266,0x00,0xd4,0x03,0x00
2026-06-04T08:12:00Z,KZ-TR-001,43.263,76.943,65280,0xc8,0x32,0x00,0x00
2026-06-04T08:13:00Z,KZ-TR-001,43.260,76.946,65265,0x00,0x00,0xa0,0x02
2026-06-04T08:13:00Z,KZ-TR-001,43.260,76.946,65266,0x00,0xd4,0x03,0x00
2026-06-04T08:13:00Z,KZ-TR-001,43.260,76.946,65280,0xc8,0x32,0x00,0x00
2026-06-04T08:14:00Z,KZ-TR-001,43.263,76.946,65265,0x00,0x00,0xa0,0x02
2026-06-04T08:14:00Z,KZ-TR-001,43.263,76.946,65266,0x00,0xd4,0x03,0x00
2026-06-04T08:14:00Z,KZ-TR-001,43.263,76.946,65280,0xc8,0x32,0x00,0x00
2026-06-04T08:15:00Z,KZ-TR-001,43.262,76.944,65265,0x00,0x00,0xa0,0x02
2026-06-04T08:15:00Z,KZ-TR-001,43.262,76.944,65266,0x00,0xd4,0x03,0x00
2026-06-04T08:15:00Z,KZ-TR-001,43.262,76.944,65280,0xc8,0x32,0x00,0x00
2026-06-04T08:16:00Z,KZ-TR-001,43.263,76.946,65265,0x00,0x00,0xa0,0x02
2026-06-04T08:16:00Z,KZ-TR-001,43.263,76.946,65266,0x00,0xd4,0x03,0x00
2026-06-04T08:16:00Z,KZ-TR-001,43.263,76.946,65280,0xc8,0x32,0x00,0x00
2026-06-04T08:17:00Z,KZ-TR-001,43.263,76.945,65265,0x00,0x00,0xa0,0x02
2026-06-04T08:17:00Z,KZ-TR-001,43.263,76.945,65266,0x00,0xd4,0x03,0x00
2026-06-04T08:17:00Z,KZ-TR-001,43.263,76.945,65280,0xc8,0x32,0x00,0x00
2026-06-04T08:18:00Z,KZ-TR-001,43.258,76.947,65265,0x00,0x00,0xa0,0x02
2026-06-04T08:18:00Z,KZ-TR-001,43.258,76.947,65266,0x00,0xd4,0x03,0x00
2026-06-04T08:18:00Z,KZ-TR-001,43.258,76.947,65280,0xc8,0x32,0x00,0x00
2026-06-04T08:19:00Z,KZ-TR-001,43.259,76.947,65265,0x00,0x00,0xa0,0x02
2026-06-04T08:19:00Z,KZ-TR-001,43.259,76.947,65266,0x00,0xd4,0x03,0x00
2026-06-04T08:19:00Z,KZ-TR-001,43.259,76.947,65280,0xc8,0x32,0x00,0x00
2026-06-04T08:20:00Z,KZ-TR-001,43.260,76.947,65265,0x00,0x00,0xa0,0x02
2026-06-04T08:20:00Z,KZ-TR-001,43.260,76.947,65266,0x00,0xd4,0x03,0x00
2026-06-04T08:20:00Z,KZ-TR-001,43.260,76.947,65280,0xc8,0x32,0x00,0x00
2026-06-04T08:21:00Z,KZ-TR-001,43.263,76.943,65265,0x00,0x00,0xa0,0x02
2026-06-04T08:21:00Z,KZ-TR-001,43.263,76.943,65266,0x00,0xd4,0x03,0x00
2026-06-04T08:21:00Z,KZ-TR-001,43.263,76.943,65280,0xc8,0x32,0x00,0x00
2026-06-04T08:22:00Z,KZ-TR-001,43.257,76.942,65265,0x00,0x00,0xa0,0x02
2026-06-04T08:22:00Z,KZ-TR-001,43.257,76.942,65266,0x00,0xd4,0x03,0x00
2026-06-04T08:22:00Z,KZ-TR-001,43.257,76.942,65280,0xc8,0x32,0x00,0x00
2026-06-04T08:23:00Z,KZ-TR-001,43.256,76.947,65265,0x00,0x00,0xa0,0x02
2026-06-04T08:23:00Z,KZ-TR-001,43.256,76.947,65266,0x00,0xd4,0x03,0x00
2026-06-04T08:23:00Z,KZ-TR-001,43.256,76.947,65280,0xc8,0x32,0x00,0x00
2026-06-04T08:24:00Z,KZ-TR-001,43.258,76.946,65265,0x00,0x00,0xa0,0x02
2026-06-04T08:24:00Z,KZ-TR-001,43.258,76.946,65266,0x00,0xd4,0x03,0x00
2026-06-04T08:24:00Z,KZ-TR-001,43.258,76.946,65280,0xc8,0x32,0x00,0x00
2026-06-04T08:25:00Z,KZ-TR-001,43.261,76.943,65265,0x00,0x00,0xa0,0x02
2026-06-04T08:25:00Z,KZ-TR-001,43.261,76.943,65266,0x00,0xd4,0x03,0x00
2026-06-04T08:25:00Z,KZ-TR-001,43.261,76.943,65280,0xc8,0x32,0x00,0x00
2026-06-04T08:26:00Z,KZ-TR-001,43.255,76.947,65265,0x00,0x00,0xa0,0x02
2026-06-04T08:26:00Z,KZ-TR-001,43.255,76.947,65266,0x00,0xd4,0x03,0x00
2026-06-04T08:26:00Z,KZ-TR-001,43.255,76.947,65280,0xc8,0x32,0x00,0x00
2026-06-04T08:27:00Z,KZ-TR-001,43.261,76.949,65265,0x00,0x00,0xa0,0x02
2026-06-04T08:27:00Z,KZ-TR-001,43.261,76.949,65266,0x00,0xd4,0x03,0x00
2026-06-04T08:27:00Z,KZ-TR-001,43.261,76.949,65280,0xc8,0x32,0x00,0x00
2026-06-04T08:28:00Z,KZ-TR-001,43.256,76.944,65265,0x00,0x00,0xa0,0x02
2026-06-04T08:28:00Z,KZ-TR-001,43.256,76.944,65266,0x00,0xd4,0x03,0x00
2026-06-04T08:28:00Z,KZ-TR-001,43.256,76.944,65280,0xc8,0x32,0x00,0x00
2026-06-04T08:29:00Z,KZ-TR-001,43.263,76.949,65265,0x00,0x00,0xa0,0x02
2026-06-04T08:29:00Z,KZ-TR-001,43.263,76.949,65266,0x00,0xd4,0x03,0x00
2026-06-04T08:29:00Z,KZ-TR-001,43.263,76.949,65280,0xc8,0x32,0x00,0x00
2026-06-04T08:30:00Z,KZ-TR-001,43.264,76.946,65265,0x00,0x00,0xa0,0x02
2026-06-04T08:30:00Z,KZ-TR-001,43.264,76.946,65266,0x00,0xd4,0x03,0x00
2026-06-04T08:30:00Z,KZ-TR-001,43.264,76.946,65280,0xc8,0x32,0x00,0x00
2026-06-04T08:31:00Z,KZ-TR-001,43.262,76.949,65265,0x00,0x00,0xa0,0x02
2026-06-04T08:31:00Z,KZ-TR-001,43.262,76.949,65266,0x00,0xd4,0x03,0x00
2026-06-04T08:31:00Z,KZ-TR-001,43.262,76.949,65280,0xc8,0x32,0x00,0x00
2026-06-04T08:32:00Z,KZ-TR-001,43.263,76.946,65265,0x00,0x00,0xa0,0x02
2026-06-04T08:32:00Z,KZ-TR-001,43.263,76.946,65266,0x00,0xd4,0x03,0x00
2026-06-04T08:32:00Z,KZ-TR-001,43.263,76.946,65280,0xc8,0x32,0x00,0x00
2026-06-04T08:33:00Z,KZ-TR-001,43.260,76.943,65265,0x00,0x00,0xa0,0x02
2026-06-04T08:33:00Z,KZ-TR-001,43.260,76.943,65266,0x00,0xd4,0x03,0x00
2026-06-04T08:33:00Z,KZ-TR-001,43.260,76.943,65280,0xc8,0x32,0x00,0x00
2026-06-04T08:34:00Z,KZ-TR-001,43.261,76.943,65265,0x00,0x00,0xa0,0x02
2026-06-04T08:34:00Z,KZ-TR-001,43.261,76.943,65266,0x00,0xd4,0x03,0x00
2026-06-04T08:34:00Z,KZ-TR-001,43.261,76.943,65280,0xc8,0x32,0x00,0x00
2026-06-04T08:35:00Z,KZ-TR-001,43.259,76.948,65265,0x00,0x00,0xa0,0x02
2026-06-04T08:35:00Z,KZ-TR-001,43.259,76.948,65266,0x00,0xd4,0x03,0x00
2026-06-04T08:35:00Z,KZ-TR-001,43.259,76.948,65280,0xc8,0x32,0x00,0x00
2026-06-04T08:36:00Z,KZ-TR-001,43.262,76.950,65265,0x00,0x00,0xa0,0x02
2026-06-04T08:36:00Z,KZ-TR-001,43.262,76.950,65266,0x00,0xd4,0x03,0x00
2026-06-04T08:36:00Z,KZ-TR-001,43.262,76.950,65280,0xc8,0x32,0x00,0x00
2026-06-04T08:37:00Z,KZ-TR-001,43.260,76.947,65265,0x00,0x00,0xa0,0x02
2026-06-04T08:37:00Z,KZ-TR-001,43.260,76.947,65266,0x00,0xd4,0x03,0x00
2026-06-04T08:37:00Z,KZ-TR-001,43.260,76.947,65280,0xc8,0x32,0x00,0x00
2026-06-04T08:38:00Z,KZ-TR-001,43.263,76.944,65265,0x00,0x00,0xa0,0x02
2026-06-04T08:38:00Z,KZ-TR-001,43.263,76.944,65266,0x00,0xd4,0x03,0x00
2026-06-04T08:38:00Z,KZ-TR-001,43.263,76.944,65280,0xc8,0x32,0x00,0x00
2026-06-04T08:39:00Z,KZ-TR-001,43.258,76.942,65265,0x00,0x00,0xa0,0x02
2026-06-04T08:39:00Z,KZ-TR-001,43.258,76.942,65266,0x00,0xd4,0x03,0x00
2026-06-04T08:39:00Z,KZ-TR-001,43.258,76.942,65280,0xc8,0x32,0x00,0x00
2026-06-04T08:40:00Z,KZ-TR-001,43.264,76.943,65265,0x00,0x00,0xa0,0x02
2026-06-04T08:40:00Z,KZ-TR-001,43.264,76.943,65266,0x00,0xd4,0x03,0x00
2026-06-04T08:40:00Z,KZ-TR-001,43.264,76.943,65280,0xc8,0x32,0x00,0x00
2026-06-04T08:41:00Z,KZ-TR-001,43.257,76.948,65265,0x00,0x00,0xa0,0x02
2026-06-04T08:41:00Z,KZ-TR-001,43.257,76.948,65266,0x00,0xd4,0x03,0x00
2026-06-04T08:41:00Z,KZ-TR-001,43.257,76.948,65280,0xc8,0x32,0x00,0x00
2026-06-04T08:42:00Z,KZ-TR-001,43.262,76.949,65265,0x00,0x00,0xa0,0x02
2026-06-04T08:42:00Z,KZ-TR-001,43.262,76.949,65266,0x00,0xd4,0x03,0x00
2026-06-04T08:42:00Z,KZ-TR-001,43.262,76.949,65280,0xc8,0x32,0x00,0x00
2026-06-04T08:43:00Z,KZ-TR-001,43.258,76.944,65265,0x00,0x00,0xa0,0x02
2026-06-04T08:43:00Z,KZ-TR-001,43.258,76.944,65266,0x00,0xd4,0x03,0x00
2026-06-04T08:43:00Z,KZ-TR-001,43.258,76.944,65280,0xc8,0x32,0x00,0x00
2026-06-04T08:44:00Z,KZ-TR-001,43.262,76.943,65265,0x00,0x00,0xa0,0x02
2026-06-04T08:44:00Z,KZ-TR-001,43.262,76.943,65266,0x00,0xd4,0x03,0x00
2026-06-04T08:44:00Z,KZ-TR-001,43.262,76.943,65280,0xc8,0x32,0x00,0x00
2026-06-04T08:45:00Z,KZ-TR-001,43.263,76.943,65265,0x00,0x00,0xa0,0x02
2026-06-04T08:45:00Z,KZ-TR-001,43.263,76.943,65266,0x00,0xd4,0x03,0x00
2026-06-04T08:45:00Z,KZ-TR-001,43.263,76.943,65280,0xc8,0x32,0x00,0x00
2026-06-04T08:46:00Z,KZ-TR-001,43.258,76.947,65265,0x00,0x00,0xa0,0x02
2026-06-04T08:46:00Z,KZ-TR-001,43.258,76.947,65266,0x00,0xd4,0x03,0x00
2026-06-04T08:46:00Z,KZ-TR-001,43.258,76.947,65280,0xc8,0x32,0x00,0x00
2026-06-04T08:47:00Z,KZ-TR-001,43.257,76.943,65265,0x00,0x00,0xa0,0x02
2026-06-04T08:47:00Z,KZ-TR-001,43.257,76.943,65266,0x00,0xd4,0x03,0x00
2026-06-04T08:47:00Z,KZ-TR-001,43.257,76.943,65280,0xc8,0x32,0x00,0x00
2026-06-04T08:48:00Z,KZ-TR-001,43.261,76.943,65265,0x00,0x00,0xa0,0x02
2026-06-04T08:48:00Z,KZ-TR-001,43.261,76.943,65266,0x00,0xd4,0x03,0x00
2026-06-04T08:48:00Z,KZ-TR-001,43.261,76.943,65280,0xc8,0x32,0x00,0x00
2026-06-04T08:49:00Z,KZ-TR-001,43.257,76.942,65265,0x00,0x00,0xa0,0x02
2026-06-04T08:49:00Z,KZ-TR-001,43.257,76.942,65266,0x00,0xd4,0x03,0x00
2026-06-04T08:49:00Z,KZ-TR-001,43.257,76.942,65280,0xc8,0x32,0x00,0x00
2026-06-04T08:50:00Z,KZ-TR-001,43.258,76.949,65265,0x00,0x00,0xa0,0x02
2026-06-04T08:50:00Z,KZ-TR-001,43.258,76.949,65266,0x00,0xd4,0x03,0x00
2026-06-04T08:50:00Z,KZ-TR-001,43.258,76.949,65280,0xc8,0x32,0x00,0x00
2026-06-04T08:51:00Z,KZ-TR-001,43.260,76.943,65265,0x00,0x00,0xa0,0x02
2026-06-04T08:51:00Z,KZ-TR-001,43.260,76.943,65266,0x00,0xd4,0x03,0x00
2026-06-04T08:51:00Z,KZ-TR-001,43.260,76.943,65280,0xc8,0x32,0x00,0x00
2026-06-04T08:52:00Z,KZ-TR-001,43.263,76.948,65265,0x00,0x00,0xa0,0x02
2026-06-04T08:52:00Z,KZ-TR-001,43.263,76.948,65266,0x00,0xd4,0x03,0x00
2026-06-04T08:52:00Z,KZ-TR-001,43.263,76.948,65280,0xc8,0x32,0x00,0x00
2026-06-04T08:53:00Z,KZ-TR-001,43.255,76.942,65265,0x00,0x00,0xa0,0x02
2026-06-04T08:53:00Z,KZ-TR-001,43.255,76.942,65266,0x00,0xd4,0x03,0x00
2026-06-04T08:53:00Z,KZ-TR-001,43.255,76.942,65280,0xc8,0x32,0x00,0x00
2026-06-04T08:54:00Z,KZ-TR-001,43.257,76.944,65265,0x00,0x00,0xa0,0x02
2026-06-04T08:54:00Z,KZ-TR-001,43.257,76.944,65266,0x00,0xd4,0x03,0x00
2026-06-04T08:54:00Z,KZ-TR-001,43.257,76.944,65280,0xc8,0x32,0x00,0x00
2026-06-04T08:55:00Z,KZ-TR-001,43.259,76.946,65265,0x00,0x00,0xa0,0x02
2026-06-04T08:55:00Z,KZ-TR-001,43.259,76.946,65266,0x00,0xd4,0x03,0x00
2026-06-04T08:55:00Z,KZ-TR-001,43.259,76.946,65280,0xc8,0x32,0x00,0x00
2026-06-04T08:56:00Z,KZ-TR-001,43.261,76.949,65265,0x00,0x00,0xa0,0x02
2026-06-04T08:56:00Z,KZ-TR-001,43.261,76.949,65266,0x00,0xd4,0x03,0x00
2026-06-04T08:56:00Z,KZ-TR-001,43.261,76.949,65280,0xc8,0x32,0x00,0x00
2026-06-04T08:57:00Z,KZ-TR-001,43.257,76.947,65265,0x00,0x00,0xa0,0x02
2026-06-04T08:57:00Z,KZ-TR-001,43.257,76.947,65266,0x00,0xd4,0x03,0x00
2026-06-04T08:57:00Z,KZ-TR-001,43.257,76.947,65280,0xc8,0x32,0x00,0x00
2026-06-04T08:58:00Z,KZ-TR-001,43.256,76.941,65265,0x00,0x00,0xa0,0x02
2026-06-04T08:58:00Z,KZ-TR-001,43.256,76.941,65266,0x00,0xd4,0x03,0x00
2026-06-04T08:58:00Z,KZ-TR-001,43.256,76.941,65280,0xc8,0x32,0x00,0x00
2026-06-04T08:59:00Z,KZ-TR-001,43.255,76.940,65265,0x00,0x00,0xa0,0x02
2026-06-04T08:59:00Z,KZ-TR-001,43.255,76.940,65266,0x00,0xd4,0x03,0x00
2026-06-04T08:59:00Z,KZ-TR-001,43.255,76.940,65280,0xc8,0x32,0x00,0x00
2026-06-04T09:00:00Z,KZ-TR-001,43.257,76.942,65265,0x00,0x00,0xa0,0x02
2026-06-04T09:00:00Z,KZ-TR-001,43.257,76.942,65266,0x00,0xd4,0x03,0x00
2026-06-04T09:00:00Z,KZ-TR-001,43.257,76.942,65280,0xc8,0x32,0x00,0x00
2026-06-04T09:01:00Z,KZ-TR-001,43.257,76.947,65265,0x00,0x00,0xa0,0x02
2026-06-04T09:01:00Z,KZ-TR-001,43.257,76.947,65266,0x00,0xd4,0x03,0x00
2026-06-04T09:01:00Z,KZ-TR-001,43.257,76.947,65280,0xc8,0x32,0x00,0x00
2026-06-04T09:02:00Z,KZ-TR-001,43.260,76.948,65265,0x00,0x00,0xa0,0x02
2026-06-04T09:02:00Z,KZ-TR-001,43.260,76.948,65266,0x00,0xd4,0x03,0x00
2026-06-04T09:02:00Z,KZ-TR-001,43.260,76.948,65280,0xc8,0x32,0x00,0x00
2026-06-04T09:03:00Z,KZ-TR-001,43.258,76.950,65265,0x00,0x00,0xa0,0x02
2026-06-04T09:03:00Z,KZ-TR-001,43.258,76.950,65266,0x00,0xd4,0x03,0x00
2026-06-04T09:03:00Z,KZ-TR-001,43.258,76.950,65280,0xc8,0x32,0x00,0x00
2026-06-04T09:04:00Z,KZ-TR-001,43.257,76.946,65265,0x00,0x00,0xa0,0x02
2026-06-04T09:04:00Z,KZ-TR-001,43.257,76.946,65266,0x00,0xd4,0x03,0x00
2026-06-04T09:04:00Z,KZ-TR-001,43.257,76.946,65280,0xc8,0x32,0x00,0x00
2026-06-04T09:05:00Z,KZ-TR-001,43.256,76.949,65265,0x00,0x00,0xa0,0x02
2026-06-04T09:05:00Z,KZ-TR-001,43.256,76.949,65266,0x00,0xd4,0x03,0x00
2026-06-04T09:05:00Z,KZ-TR-001,43.256,76.949,65280,0xc8,0x32,0x00,0x00
2026-06-04T09:06:00Z,KZ-TR-001,43.264,76.945,65265,0x00,0x00,0xa0,0x02
2026-06-04T09:06:00Z,KZ-TR-001,43.264,76.945,65266,0x00,0xd4,0x03,0x00
2026-06-04T09:06:00Z,KZ-TR-001,43.264,76.945,65280,0xc8,0x32,0x00,0x00
2026-06-04T09:07:00Z,KZ-TR-001,43.262,76.945,65265,0x00,0x00,0xa0,0x02
2026-06-04T09:07:00Z,KZ-TR-001,43.262,76.945,65266,0x00,0xd4,0x03,0x00
2026-06-04T09:07:00Z,KZ-TR-001,43.262,76.945,65280,0xc8,0x32,0x00,0x00
2026-06-04T09:08:00Z,KZ-TR-001,43.260,76.944,65265,0x00,0x00,0xa0,0x02
2026-06-04T09:08:00Z,KZ-TR-001,43.260,76.944,65266,0x00,0xd4,0x03,0x00
2026-06-04T09:08:00Z,KZ-TR-001,43.260,76.944,65280,0xc8,0x32,0x00,0x00
2026-06-04T09:09:00Z,KZ-TR-001,43.262,76.943,65265,0x00,0x00,0xa0,0x02
2026-06-04T09:09:00Z,KZ-TR-001,43.262,76.943,65266,0x00,0xd4,0x03,0x00
2026-06-04T09:09:00Z,KZ-TR-001,43.262,76.943,65280,0xc8,0x32,0x00,0x00
2026-06-04T09:10:00Z,KZ-TR-001,43.256,76.948,65265,0x00,0x00,0xa0,0x02
2026-06-04T09:10:00Z,KZ-TR-001,43.256,76.948,65266,0x00,0xd4,0x03,0x00
2026-06-04T09:10:00Z,KZ-TR-001,43.256,76.948,65280,0xc8,0x32,0x00,0x00
2026-06-04T09:11:00Z,KZ-TR-001,43.261,76.950,65265,0x00,0x00,0xa0,0x02
2026-06-04T09:11:00Z,KZ-TR-001,43.261,76.950,65266,0x00,0xd4,0x03,0x00
2026-06-04T09:11:00Z,KZ-TR-001,43.261,76.950,65280,0xc8,0x32,0x00,0x00
2026-06-04T09:12:00Z,KZ-TR-001,43.258,76.944,65265,0x00,0x00,0xa0,0x02
2026-06-04T09:12:00Z,KZ-TR-001,43.258,76.944,65266,0x00,0xd4,0x03,0x00
2026-06-04T09:12:00Z,KZ-TR-001,43.258,76.944,65280,0xc8,0x32,0x00,0x00
2026-06-04T09:13:00Z,KZ-TR-001,43.257,76.942,65265,0x00,0x00,0xa0,0x02
2026-06-04T09:13:00Z,KZ-TR-001,43.257,76.942,65266,0x00,0xd4,0x03,0x00
2026-06-04T09:13:00Z,KZ-TR-001,43.257,76.942,65280,0xc8,0x32,0x00,0x00
2026-06-04T09:14:00Z,KZ-TR-001,43.257,76.940,65265,0x00,0x00,0xa0,0x02
2026-06-04T09:14:00Z,KZ-TR-001,43.257,76.940,65266,0x00,0xd4,0x03,0x00
2026-06-04T09:14:00Z,KZ-TR-001,43.257,76.940,65280,0xc8,0x32,0x00,0x00
2026-06-04T09:15:00Z,KZ-TR-001,43.264,76.941,65265,0x00,0x00,0xa0,0x02
2026-06-04T09:15:00Z,KZ-TR-001,43.264,76.941,65266,0x00,0xd4,0x03,0x00
2026-06-04T09:15:00Z,KZ-TR-001,43.264,76.941,65280,0xc8,0x32,0x00,0x00
2026-06-04T09:16:00Z,KZ-TR-001,43.256,76.948,65265,0x00,0x00,0xa0,0x02
2026-06-04T09:16:00Z,KZ-TR-001,43.256,76.948,65266,0x00,0xd4,0x03,0x00
2026-06-04T09:16:00Z,KZ-TR-001,43.256,76.948,65280,0xc8,0x32,0x00,0x00
2026-06-04T09:17:00Z,KZ-TR-001,43.256,76.945,65265,0x00,0x00,0xa0,0x02
2026-06-04T09:17:00Z,KZ-TR-001,43.256,76.945,65266,0x00,0xd4,0x03,0x00
2026-06-04T09:17:00Z,KZ-TR-001,43.256,76.945,65280,0xc8,0x32,0x00,0x00
2026-06-04T09:18:00Z,KZ-TR-001,43.259,76.947,65265,0x00,0x00,0xa0,0x02
2026-06-04T09:18:00Z,KZ-TR-001,43.259,76.947,65266,0x00,0xd4,0x03,0x00
2026-06-04T09:18:00Z,KZ-TR-001,43.259,76.947,65280,0xc8,0x32,0x00,0x00
2026-06-04T09:19:00Z,KZ-TR-001,43.262,76.943,65265,0x00,0x00,0xa0,0x02
2026-06-04T09:19:00Z,KZ-TR-001,43.262,76.943,65266,0x00,0xd4,0x03,0x00
2026-06-04T09:19:00Z,KZ-TR-001,43.262,76.943,65280,0xc8,0x32,0x00,0x00
2026-06-04T09:20:00Z,KZ-TR-001,43.260,76.940,65265,0x00,0x00,0xa0,0x02
2026-06-04T09:20:00Z,KZ-TR-001,43.260,76.940,65266,0x00,0xd4,0x03,0x00
2026-06-04T09:20:00Z,KZ-TR-001,43.260,76.940,65280,0xc8,0x32,0x00,0x00
2026-06-04T09:21:00Z,KZ-TR-001,43.262,76.949,65265,0x00,0x00,0xa0,0x02
2026-06-04T09:21:00Z,KZ-TR-001,43.262,76.949,65266,0x00,0xd4,0x03,0x00
2026-06-04T09:21:00Z,KZ-TR-001,43.262,76.949,65280,0xc8,0x32,0x00,0x00
2026-06-04T09:22:00Z,KZ-TR-001,43.257,76.945,65265,0x00,0x00,0xa0,0x02
2026-06-04T09:22:00Z,KZ-TR-001,43.257,76.945,65266,0x00,0xd4,0x03,0x00
2026-06-04T09:22:00Z,KZ-TR-001,43.257,76.945,65280,0xc8,0x32,0x00,0x00
2026-06-04T09:23:00Z,KZ-TR-001,43.257,76.949,65265,0x00,0x00,0xa0,0x02
2026-06-04T09:23:00Z,KZ-TR-001,43.257,76.949,65266,0x00,0xd4,0x03,0x00
2026-06-04T09:23:00Z,KZ-TR-001,43.257,76.949,65280,0xc8,0x32,0x00,0x00
2026-06-04T09:24:00Z,KZ-TR-001,43.259,76.943,65265,0x00,0x00,0xa0,0x02
2026-06-04T09:24:00Z,KZ-TR-001,43.259,76.943,65266,0x00,0xd4,0x03,0x00
2026-06-04T09:24:00Z,KZ-TR-001,43.259,76.943,65280,0xc8,0x32,0x00,0x00
2026-06-04T09:25:00Z,KZ-TR-001,43.260,76.945,65265,0x00,0x00,0xa0,0x02
2026-06-04T09:25:00Z,KZ-TR-001,43.260,76.945,65266,0x00,0xd4,0x03,0x00
2026-06-04T09:25:00Z,KZ-TR-001,43.260,76.945,65280,0xc8,0x32,0x00,0x00
2026-06-04T09:26:00Z,KZ-TR-001,43.260,76.949,65265,0x00,0x00,0xa0,0x02
2026-06-04T09:26:00Z,KZ-TR-001,43.260,76.949,65266,0x00,0xd4,0x03,0x00
2026-06-04T09:26:00Z,KZ-TR-001,43.260,76.949,65280,0xc8,0x32,0x00,0x00
2026-06-04T09:27:00Z,KZ-TR-001,43.264,76.941,65265,0x00,0x00,0xa0,0x02
2026-06-04T09:27:00Z,KZ-TR-001,43.264,76.941,65266,0x00,0xd4,0x03,0x00
2026-06-04T09:27:00Z,KZ-TR-001,43.264,76.941,65280,0xc8,0x32,0x00,0x00
2026-06-04T09:28:00Z,KZ-TR-001,43.263,76.949,65265,0x00,0x00,0xa0,0x02
2026-06-04T09:28:00Z,KZ-TR-001,43.263,76.949,65266,0x00,0xd4,0x03,0x00
2026-06-04T09:28:00Z,KZ-TR-001,43.263,76.949,65280,0xc8,0x32,0x00,0x00
2026-06-04T09:29:00Z,KZ-TR-001,43.258,76.941,65265,0x00,0x00,0xa0,0x02
2026-06-04T09:29:00Z,KZ-TR-001,43.258,76.941,65266,0x00,0xd4,0x03,0x00
2026-06-04T09:29:00Z,KZ-TR-001,43.258,76.941,65280,0xc8,0x32,0x00,0x00
2026-06-04T09:30:00Z,KZ-TR-001,43.256,76.947,65265,0x00,0x00,0xa0,0x02
2026-06-04T09:30:00Z,KZ-TR-001,43.256,76.947,65266,0x00,0xd4,0x03,0x00
2026-06-04T09:30:00Z,KZ-TR-001,43.256,76.947,65280,0xc8,0x32,0x00,0x00
2026-06-04T09:31:00Z,KZ-TR-001,43.258,76.940,65265,0x00,0x00,0xa0,0x02
2026-06-04T09:31:00Z,KZ-TR-001,43.258,76.940,65266,0x00,0xd4,0x03,0x00
2026-06-04T09:31:00Z,KZ-TR-001,43.258,76.940,65280,0xc8,0x32,0x00,0x00
2026-06-04T09:32:00Z,KZ-TR-001,43.256,76.949,65265,0x00,0x00,0xa0,0x02
2026-06-04T09:32:00Z,KZ-TR-001,43.256,76.949,65266,0x00,0xd4,0x03,0x00
2026-06-04T09:32:00Z,KZ-TR-001,43.256,76.949,65280,0xc8,0x32,0x00,0x00
2026-06-04T09:33:00Z,KZ-TR-001,43.257,76.948,65265,0x00,0x00,0xa0,0x02
2026-06-04T09:33:00Z,KZ-TR-001,43.257,76.948,65266,0x00,0xd4,0x03,0x00
2026-06-04T09:33:00Z,KZ-TR-001,43.257,76.948,65280,0xc8,0x32,0x00,0x00
2026-06-04T09:34:00Z,KZ-TR-001,43.265,76.945,65265,0x00,0x00,0xa0,0x02
2026-06-04T09:34:00Z,KZ-TR-001,43.265,76.945,65266,0x00,0xd4,0x03,0x00
2026-06-04T09:34:00Z,KZ-TR-001,43.265,76.945,65280,0xc8,0x32,0x00,0x00
2026-06-04T09:35:00Z,KZ-TR-001,43.264,76.941,65265,0x00,0x00,0xa0,0x02
2026-06-04T09:35:00Z,KZ-TR-001,43.264,76.941,65266,0x00,0xd4,0x03,0x00
2026-06-04T09:35:00Z,KZ-TR-001,43.264,76.941,65280,0xc8,0x32,0x00,0x00
2026-06-04T09:36:00Z,KZ-TR-001,43.263,76.941,65265,0x00,0x00,0xa0,0x02
2026-06-04T09:36:00Z,KZ-TR-001,43.263,76.941,65266,0x00,0xd4,0x03,0x00
2026-06-04T09:36:00Z,KZ-TR-001,43.263,76.941,65280,0xc8,0x32,0x00,0x00
2026-06-04T09:37:00Z,KZ-TR-001,43.260,76.946,65265,0x00,0x00,0xa0,0x02
2026-06-04T09:37:00Z,KZ-TR-001,43.260,76.946,65266,0x00,0xd4,0x03,0x00
2026-06-04T09:37:00Z,KZ-TR-001,43.260,76.946,65280,0xc8,0x32,0x00,0x00
2026-06-04T09:38:00Z,KZ-TR-001,43.255,76.942,65265,0x00,0x00,0xa0,0x02
2026-06-04T09:38:00Z,KZ-TR-001,43.255,76.942,65266,0x00,0xd4,0x03,0x00
2026-06-04T09:38:00Z,KZ-TR-001,43.255,76.942,65280,0xc8,0x32,0x00,0x00
2026-06-04T09:39:00Z,KZ-TR-001,43.260,76.943,65265,0x00,0x00,0xa0,0x02
2026-06-04T09:39:00Z,KZ-TR-001,43.260,76.943,65266,0x00,0xd4,0x03,0x00
2026-06-04T09:39:00Z,KZ-TR-001,43.260,76.943,65280,0xc8,0x32,0x00,0x00
2026-06-04T09:40:00Z,KZ-TR-001,43.257,76.942,65265,0x00,0x00,0xa0,0x02
2026-06-04T09:40:00Z,KZ-TR-001,43.257,76.942,65266,0x00,0xd4,0x03,0x00
2026-06-04T09:40:00Z,KZ-TR-001,43.257,76.942,65280,0xc8,0x32,0x00,0x00
2026-06-04T09:41:00Z,KZ-TR-001,43.256,76.946,65265,0x00,0x00,0xa0,0x02
2026-06-04T09:41:00Z,KZ-TR-001,43.256,76.946,65266,0x00,0xd4,0x03,0x00
2026-06-04T09:41:00Z,KZ-TR-001,43.256,76.946,65280,0xc8,0x32,0x00,0x00
2026-06-04T09:42:00Z,KZ-TR-001,43.257,76.945,65265,0x00,0x00,0xa0,0x02
2026-06-04T09:42:00Z,KZ-TR-001,43.257,76.945,65266,0x00,0xd4,0x03,0x00
2026-06-04T09:42:00Z,KZ-TR-001,43.257,76.945,65280,0xc8,0x32,0x00,0x00
2026-06-04T09:43:00Z,KZ-TR-001,43.262,76.943,65265,0x00,0x00,0xa0,0x02
2026-06-04T09:43:00Z,KZ-TR-001,43.262,76.943,65266,0x00,0xd4,0x03,0x00
2026-06-04T09:43:00Z,KZ-TR-001,43.262,76.943,65280,0xc8,0x32,0x00,0x00
2026-06-04T09:44:00Z,KZ-TR-001,43.260,76.945,65265,0x00,0x00,0xa0,0x02
2026-06-04T09:44:00Z,KZ-TR-001,43.260,76.945,65266,0x00,0xd4,0x03,0x00
2026-06-04T09:44:00Z,KZ-TR-001,43.260,76.945,65280,0xc8,0x32,0x00,0x00
2026-06-04T09:45:00Z,KZ-TR-001,43.263,76.941,65265,0x00,0x00,0xa0,0x02
2026-06-04T09:45:00Z,KZ-TR-001,43.263,76.941,65266,0x00,0xd4,0x03,0x00
2026-06-04T09:45:00Z,KZ-TR-001,43.263,76.941,65280,0xc8,0x32,0x00,0x00
2026-06-04T09:46:00Z,KZ-TR-001,43.263,76.944,65265,0x00,0x00,0xa0,0x02
2026-06-04T09:46:00Z,KZ-TR-001,43.263,76.944,65266,0x00,0xd4,0x03,0x00
2026-06-04T09:46:00Z,KZ-TR-001,43.263,76.944,65280,0xc8,0x32,0x00,0x00
2026-06-04T09:47:00Z,KZ-TR-001,43.258,76.942,65265,0x00,0x00,0xa0,0x02
2026-06-04T09:47:00Z,KZ-TR-001,43.258,76.942,65266,0x00,0xd4,0x03,0x00
2026-06-04T09:47:00Z,KZ-TR-001,43.258,76.942,65280,0xc8,0x32,0x00,0x00
2026-06-04T09:48:00Z,KZ-TR-001,43.259,76.949,65265,0x00,0x00,0xa0,0x02
2026-06-04T09:48:00Z,KZ-TR-001,43.259,76.949,65266,0x00,0xd4,0x03,0x00
2026-06-04T09:48:00Z,KZ-TR-001,43.259,76.949,65280,0xc8,0x32,0x00,0x00
2026-06-04T09:49:00Z,KZ-TR-001,43.263,76.943,65265,0x00,0x00,0xa0,0x02
2026-06-04T09:49:00Z,KZ-TR-001,43.263,76.943,65266,0x00,0xd4,0x03,0x00
2026-06-04T09:49:00Z,KZ-TR-001,43.263,76.943,65280,0xc8,0x32,0x00,0x00
2026-06-04T09:50:00Z,KZ-TR-001,43.262,76.942,65265,0x00,0x00,0xa0,0x02
2026-06-04T09:50:00Z,KZ-TR-001,43.262,76.942,65266,0x00,0xd4,0x03,0x00
2026-06-04T09:50:00Z,KZ-TR-001,43.262,76.942,65280,0xc8,0x32,0x00,0x00
2026-06-04T09:51:00Z,KZ-TR-001,43.256,76.944,65265,0x00,0x00,0xa0,0x02
2026-06-04T09:51:00Z,KZ-TR-001,43.256,76.944,65266,0x00,0xd4,0x03,0x00
2026-06-04T09:51:00Z,KZ-TR-001,43.256,76.944,65280,0xc8,0x32,0x00,0x00
2026-06-04T09:52:00Z,KZ-TR-001,43.260,76.942,65265,0x00,0x00,0xa0,0x02
2026-06-04T09:52:00Z,KZ-TR-001,43.260,76.942,65266,0x00,0xd4,0x03,0x00
2026-06-04T09:52:00Z,KZ-TR-001,43.260,76.942,65280,0xc8,0x32,0x00,0x00
2026-06-04T09:53:00Z,KZ-TR-001,43.264,76.948,65265,0x00,0x00,0xa0,0x02
2026-06-04T09:53:00Z,KZ-TR-001,43.264,76.948,65266,0x00,0xd4,0x03,0x00
2026-06-04T09:53:00Z,KZ-TR-001,43.264,76.948,65280,0xc8,0x32,0x00,0x00
2026-06-04T09:54:00Z,KZ-TR-001,43.258,76.946,65265,0x00,0x00,0xa0,0x02
2026-06-04T09:54:00Z,KZ-TR-001,43.258,76.946,65266,0x00,0xd4,0x03,0x00
2026-06-04T09:54:00Z,KZ-TR-001,43.258,76.946,65280,0xc8,0x32,0x00,0x00
2026-06-04T09:55:00Z,KZ-TR-001,43.265,76.948,65265,0x00,0x00,0xa0,0x02
2026-06-04T09:55:00Z,KZ-TR-001,43.265,76.948,65266,0x00,0xd4,0x03,0x00
2026-06-04T09:55:00Z,KZ-TR-001,43.265,76.948,65280,0xc8,0x32,0x00,0x00
2026-06-04T09:56:00Z,KZ-TR-001,43.265,76.945,65265,0x00,0x00,0xa0,0x02
2026-06-04T09:56:00Z,KZ-TR-001,43.265,76.945,65266,0x00,0xd4,0x03,0x00
2026-06-04T09:56:00Z,KZ-TR-001,43.265,76.945,65280,0xc8,0x32,0x00,0x00
2026-06-04T09:57:00Z,KZ-TR-001,43.258,76.945,65265,0x00,0x00,0xa0,0x02
2026-06-04T09:57:00Z,KZ-TR-001,43.258,76.945,65266,0x00,0xd4,0x03,0x00
2026-06-04T09:57:00Z,KZ-TR-001,43.258,76.945,65280,0xc8,0x32,0x00,0x00
2026-06-04T09:58:00Z,KZ-TR-001,43.264,76.949,65265,0x00,0x00,0xa0,0x02
2026-06-04T09:58:00Z,KZ-TR-001,43.264,76.949,65266,0x00,0xd4,0x03,0x00
2026-06-04T09:58:00Z,KZ-TR-001,43.264,76.949,65280,0xc8,0x32,0x00,0x00
2026-06-04T09:59:00Z,KZ-TR-001,43.256,76.943,65265,0x00,0x00,0xa0,0x02
2026-06-04T09:59:00Z,KZ-TR-001,43.256,76.943,65266,0x00,0xd4,0x03,0x00
2026-06-04T09:59:00Z,KZ-TR-001,43.256,76.943,65280,0xc8,0x32,0x00,0x00
2026-06-04T10:00:00Z,KZ-TR-001,43.260,76.945,65265,0x00,0x00,0xa0,0x02
2026-06-04T10:00:00Z,KZ-TR-001,43.260,76.945,65266,0x00,0xd4,0x03,0x00
2026-06-04T10:00:00Z,KZ-TR-001,43.260,76.945,65280,0xc8,0x32,0x00,0x00
2026-06-04T10:01:00Z,KZ-TR-001,43.257,76.940,65265,0x00,0x00,0xa0,0x02
2026-06-04T10:01:00Z,KZ-TR-001,43.257,76.940,65266,0x00,0xd4,0x03,0x00
2026-06-04T10:01:00Z,KZ-TR-001,43.257,76.940,65280,0xc8,0x32,0x00,0x00
2026-06-04T10:02:00Z,KZ-TR-001,43.260,76.947,65265,0x00,0x00,0xa0,0x02
2026-06-04T10:02:00Z,KZ-TR-001,43.260,76.947,65266,0x00,0xd4,0x03,0x00
2026-06-04T10:02:00Z,KZ-TR-001,43.260,76.947,65280,0xc8,0x32,0x00,0x00
2026-06-04T10:03:00Z,KZ-TR-001,43.264,76.942,65265,0x00,0x00,0xa0,0x02
2026-06-04T10:03:00Z,KZ-TR-001,43.264,76.942,65266,0x00,0xd4,0x03,0x00
2026-06-04T10:03:00Z,KZ-TR-001,43.264,76.942,65280,0xc8,0x32,0x00,0x00
2026-06-04T10:04:00Z,KZ-TR-001,43.264,76.940,65265,0x00,0x00,0xa0,0x02
2026-06-04T10:04:00Z,KZ-TR-001,43.264,76.940,65266,0x00,0xd4,0x03,0x00
2026-06-04T10:04:00Z,KZ-TR-001,43.264,76.940,65280,0xc8,0x32,0x00,0x00
2026-06-04T10:05:00Z,KZ-TR-001,43.260,76.943,65265,0x00,0x00,0xa0,0x02
2026-06-04T10:05:00Z,KZ-TR-001,43.260,76.943,65266,0x00,0xd4,0x03,0x00
2026-06-04T10:05:00Z,KZ-TR-001,43.260,76.943,65280,0xc8,0x32,0x00,0x00
2026-06-04T10:06:00Z,KZ-TR-001,43.256,76.942,65265,0x00,0x00,0xa0,0x02
2026-06-04T10:06:00Z,KZ-TR-001,43.256,76.942,65266,0x00,0xd4,0x03,0x00
2026-06-04T10:06:00Z,KZ-TR-001,43.256,76.942,65280,0xc8,0x32,0x00,0x00
2026-06-04T10:07:00Z,KZ-TR-001,43.255,76.943,65265,0x00,0x00,0xa0,0x02
2026-06-04T10:07:00Z,KZ-TR-001,43.255,76.943,65266,0x00,0xd4,0x03,0x00
2026-06-04T10:07:00Z,KZ-TR-001,43.255,76.943,65280,0xc8,0x32,0x00,0x00
2026-06-04T10:08:00Z,KZ-TR-001,43.258,76.943,65265,0x00,0x00,0xa0,0x02
2026-06-04T10:08:00Z,KZ-TR-001,43.258,76.943,65266,0x00,0xd4,0x03,0x00
2026-06-04T10:08:00Z,KZ-TR-001,43.258,76.943,65280,0xc8,0x32,0x00,0x00
2026-06-04T10:09:00Z,KZ-TR-001,43.258,76.947,65265,0x00,0x00,0xa0,0x02
2026-06-04T10:09:00Z,KZ-TR-001,43.258,76.947,65266,0x00,0xd4,0x03,0x00
2026-06-04T10:09:00Z,KZ-TR-001,43.258,76.947,65280,0xc8,0x32,0x00,0x00
2026-06-04T10:10:00Z,KZ-TR-001,43.260,76.949,65265,0x00,0x00,0xa0,0x02
2026-06-04T10:10:00Z,KZ-TR-001,43.260,76.949,65266,0x00,0xd4,0x03,0x00
2026-06-04T10:10:00Z,KZ-TR-001,43.260,76.949,65280,0xc8,0x32,0x00,0x00
2026-06-04T10:11:00Z,KZ-TR-001,43.264,76.948,65265,0x00,0x00,0xa0,0x02
2026-06-04T10:11:00Z,KZ-TR-001,43.264,76.948,65266,0x00,0xd4,0x03,0x00
2026-06-04T10:11:00Z,KZ-TR-001,43.264,76.948,65280,0xc8,0x32,0x00,0x00
2026-06-04T10:12:00Z,KZ-TR-001,43.257,76.943,65265,0x00,0x00,0xa0,0x02
2026-06-04T10:12:00Z,KZ-TR-001,43.257,76.943,65266,0x00,0xd4,0x03,0x00
2026-06-04T10:12:00Z,KZ-TR-001,43.257,76.943,65280,0xc8,0x32,0x00,0x00
2026-06-04T10:13:00Z,KZ-TR-001,43.261,76.943,65265,0x00,0x00,0xa0,0x02
2026-06-04T10:13:00Z,KZ-TR-001,43.261,76.943,65266,0x00,0xd4,0x03,0x00
2026-06-04T10:13:00Z,KZ-TR-001,43.261,76.943,65280,0xc8,0x32,0x00,0x00
2026-06-04T10:14:00Z,KZ-TR-001,43.259,76.943,65265,0x00,0x00,0xa0,0x02
2026-06-04T10:14:00Z,KZ-TR-001,43.259,76.943,65266,0x00,0xd4,0x03,0x00
2026-06-04T10:14:00Z,KZ-TR-001,43.259,76.943,65280,0xc8,0x32,0x00,0x00
2026-06-04T10:15:00Z,KZ-TR-001,43.255,76.942,65265,0x00,0x00,0xa0,0x02
2026-06-04T10:15:00Z,KZ-TR-001,43.255,76.942,65266,0x00,0xd4,0x03,0x00
2026-06-04T10:15:00Z,KZ-TR-001,43.255,76.942,65280,0xc8,0x32,0x00,0x00
2026-06-04T10:16:00Z,KZ-TR-001,43.260,76.950,65265,0x00,0x00,0xa0,0x02
2026-06-04T10:16:00Z,KZ-TR-001,43.260,76.950,65266,0x00,0xd4,0x03,0x00
2026-06-04T10:16:00Z,KZ-TR-001,43.260,76.950,65280,0xc8,0x32,0x00,0x00
2026-06-04T10:17:00Z,KZ-TR-001,43.256,76.942,65265,0x00,0x00,0xa0,0x02
2026-06-04T10:17:00Z,KZ-TR-001,43.256,76.942,65266,0x00,0xd4,0x03,0x00
2026-06-04T10:17:00Z,KZ-TR-001,43.256,76.942,65280,0xc8,0x32,0x00,0x00
2026-06-04T10:18:00Z,KZ-TR-001,43.260,76.949,65265,0x00,0x00,0xa0,0x02
2026-06-04T10:18:00Z,KZ-TR-001,43.260,76.949,65266,0x00,0xd4,0x03,0x00
2026-06-04T10:18:00Z,KZ-TR-001,43.260,76.949,65280,0xc8,0x32,0x00,0x00
2026-06-04T10:19:00Z,KZ-TR-001,43.259,76.943,65265,0x00,0x00,0xa0,0x02
2026-06-04T10:19:00Z,KZ-TR-001,43.259,76.943,65266,0x00,0xd4,0x03,0x00
2026-06-04T10:19:00Z,KZ-TR-001,43.259,76.943,65280,0xc8,0x32,0x00,0x00
2026-06-04T10:20:00Z,KZ-TR-001,43.256,76.946,65265,0x00,0x00,0xa0,0x02
2026-06-04T10:20:00Z,KZ-TR-001,43.256,76.946,65266,0x00,0xd4,0x03,0x00
2026-06-04T10:20:00Z,KZ-TR-001,43.256,76.946,65280,0xc8,0x32,0x00,0x00
2026-06-04T10:21:00Z,KZ-TR-001,43.260,76.942,65265,0x00,0x00,0xa0,0x02
2026-06-04T10:21:00Z,KZ-TR-001,43.260,76.942,65266,0x00,0xd4,0x03,0x00
2026-06-04T10:21:00Z,KZ-TR-001,43.260,76.942,65280,0xc8,0x32,0x00,0x00
2026-06-04T10:22:00Z,KZ-TR-001,43.256,76.947,65265,0x00,0x00,0xa0,0x02
2026-06-04T10:22:00Z,KZ-TR-001,43.256,76.947,65266,0x00,0xd4,0x03,0x00
2026-06-04T10:22:00Z,KZ-TR-001,43.256,76.947,65280,0xc8,0x32,0x00,0x00
2026-06-04T10:23:00Z,KZ-TR-001,43.261,76.945,65265,0x00,0x00,0xa0,0x02
2026-06-04T10:23:00Z,KZ-TR-001,43.261,76.945,65266,0x00,0xd4,0x03,0x00
2026-06-04T10:23:00Z,KZ-TR-001,43.261,76.945,65280,0xc8,0x32,0x00,0x00
2026-06-04T10:24:00Z,KZ-TR-001,43.263,76.943,65265,0x00,0x00,0xa0,0x02
2026-06-04T10:24:00Z,KZ-TR-001,43.263,76.943,65266,0x00,0xd4,0x03,0x00
2026-06-04T10:24:00Z,KZ-TR-001,43.263,76.943,65280,0xc8,0x32,0x00,0x00
2026-06-04T10:25:00Z,KZ-TR-001,43.257,76.946,65265,0x00,0x00,0xa0,0x02
2026-06-04T10:25:00Z,KZ-TR-001,43.257,76.946,65266,0x00,0xd4,0x03,0x00
2026-06-04T10:25:00Z,KZ-TR-001,43.257,76.946,65280,0xc8,0x32,0x00,0x00
2026-06-04T10:26:00Z,KZ-TR-001,43.265,76.947,65265,0x00,0x00,0xa0,0x02
2026-06-04T10:26:00Z,KZ-TR-001,43.265,76.947,65266,0x00,0xd4,0x03,0x00
2026-06-04T10:26:00Z,KZ-TR-001,43.265,76.947,65280,0xc8,0x32,0x00,0x00
2026-06-04T10:27:00Z,KZ-TR-001,43.256,76.942,65265,0x00,0x00,0xa0,0x02
2026-06-04T10:27:00Z,KZ-TR-001,43.256,76.942,65266,0x00,0xd4,0x03,0x00
2026-06-04T10:27:00Z,KZ-TR-001,43.256,76.942,65280,0xc8,0x32,0x00,0x00
2026-06-04T10:28:00Z,KZ-TR-001,43.265,76.941,65265,0x00,0x00,0xa0,0x02
2026-06-04T10:28:00Z,KZ-TR-001,43.265,76.941,65266,0x00,0xd4,0x03,0x00
2026-06-04T10:28:00Z,KZ-TR-001,43.265,76.941,65280,0xc8,0x32,0x00,0x00
2026-06-04T10:29:00Z,KZ-TR-001,43.263,76.945,65265,0x00,0x00,0xa0,0x02
2026-06-04T10:29:00Z,KZ-TR-001,43.263,76.945,65266,0x00,0xd4,0x03,0x00
2026-06-04T10:29:00Z,KZ-TR-001,43.263,76.945,65280,0xc8,0x32,0x00,0x00
2026-06-04T10:30:00Z,KZ-TR-001,43.256,76.949,65265,0x00,0x00,0xa0,0x02
2026-06-04T10:30:00Z,KZ-TR-001,43.256,76.949,65266,0x00,0xd4,0x03,0x00
2026-06-04T10:30:00Z,KZ-TR-001,43.256,76.949,65280,0xc8,0x32,0x00,0x00
2026-06-04T10:31:00Z,KZ-TR-001,43.265,76.946,65265,0x00,0x00,0xa0,0x02
2026-06-04T10:31:00Z,KZ-TR-001,43.265,76.946,65266,0x00,0xd4,0x03,0x00
2026-06-04T10:31:00Z,KZ-TR-001,43.265,76.946,65280,0xc8,0x32,0x00,0x00
2026-06-04T10:32:00Z,KZ-TR-001,43.261,76.948,65265,0x00,0x00,0xa0,0x02
2026-06-04T10:32:00Z,KZ-TR-001,43.261,76.948,65266,0x00,0xd4,0x03,0x00
2026-06-04T10:32:00Z,KZ-TR-001,43.261,76.948,65280,0xc8,0x32,0x00,0x00
2026-06-04T10:33:00Z,KZ-TR-001,43.260,76.947,65265,0x00,0x00,0xa0,0x02
2026-06-04T10:33:00Z,KZ-TR-001,43.260,76.947,65266,0x00,0xd4,0x03,0x00
2026-06-04T10:33:00Z,KZ-TR-001,43.260,76.947,65280,0xc8,0x32,0x00,0x00
2026-06-04T10:34:00Z,KZ-TR-001,43.260,76.941,65265,0x00,0x00,0xa0,0x02
2026-06-04T10:34:00Z,KZ-TR-001,43.260,76.941,65266,0x00,0xd4,0x03,0x00
2026-06-04T10:34:00Z,KZ-TR-001,43.260,76.941,65280,0xc8,0x32,0x00,0x00
2026-06-04T10:35:00Z,KZ-TR-001,43.264,76.941,65265,0x00,0x00,0xa0,0x02
2026-06-04T10:35:00Z,KZ-TR-001,43.264,76.941,65266,0x00,0xd4,0x03,0x00
2026-06-04T10:35:00Z,KZ-TR-001,43.264,76.941,65280,0xc8,0x32,0x00,0x00
2026-06-04T10:36:00Z,KZ-TR-001,43.265,76.941,65265,0x00,0x00,0xa0,0x02
2026-06-04T10:36:00Z,KZ-TR-001,43.265,76.941,65266,0x00,0xd4,0x03,0x00
2026-06-04T10:36:00Z,KZ-TR-001,43.265,76.941,65280,0xc8,0x32,0x00,0x00
2026-06-04T10:37:00Z,KZ-TR-001,43.261,76.941,65265,0x00,0x00,0xa0,0x02
2026-06-04T10:37:00Z,KZ-TR-001,43.261,76.941,65266,0x00,0xd4,0x03,0x00
2026-06-04T10:37:00Z,KZ-TR-001,43.261,76.941,65280,0xc8,0x32,0x00,0x00
2026-06-04T10:38:00Z,KZ-TR-001,43.258,76.947,65265,0x00,0x00,0xa0,0x02
2026-06-04T10:38:00Z,KZ-TR-001,43.258,76.947,65266,0x00,0xd4,0x03,0x00
2026-06-04T10:38:00Z,KZ-TR-001,43.258,76.947,65280,0xc8,0x32,0x00,0x00
2026-06-04T10:39:00Z,KZ-TR-001,43.262,76.944,65265,0x00,0x00,0xa0,0x02
2026-06-04T10:39:00Z,KZ-TR-001,43.262,76.944,65266,0x00,0xd4,0x03,0x00
2026-06-04T10:39:00Z,KZ-TR-001,43.262,76.944,65280,0xc8,0x32,0x00,0x00
2026-06-04T10:40:00Z,KZ-TR-001,43.259,76.943,65265,0x00,0x00,0xa0,0x02
2026-06-04T10:40:00Z,KZ-TR-001,43.259,76.943,65266,0x00,0xd4,0x03,0x00
2026-06-04T10:40:00Z,KZ-TR-001,43.259,76.943,65280,0xc8,0x32,0x00,0x00
2026-06-04T10:41:00Z,KZ-TR-001,43.264,76.946,65265,0x00,0x00,0xa0,0x02
2026-06-04T10:41:00Z,KZ-TR-001,43.264,76.946,65266,0x00,0xd4,0x03,0x00
2026-06-04T10:41:00Z,KZ-TR-001,43.264,76.946,65280,0xc8,0x32,0x00,0x00
2026-06-04T10:42:00Z,KZ-TR-001,43.264,76.941,65265,0x00,0x00,0xa0,0x02
2026-06-04T10:42:00Z,KZ-TR-001,43.264,76.941,65266,0x00,0xd4,0x03,0x00
2026-06-04T10:42:00Z,KZ-TR-001,43.264,76.941,65280,0xc8,0x32,0x00,0x00
2026-06-04T10:43:00Z,KZ-TR-001,43.259,76.943,65265,0x00,0x00,0xa0,0x02
2026-06-04T10:43:00Z,KZ-TR-001,43.259,76.943,65266,0x00,0xd4,0x03,0x00
2026-06-04T10:43:00Z,KZ-TR-001,43.259,76.943,65280,0xc8,0x32,0x00,0x00
2026-06-04T10:44:00Z,KZ-TR-001,43.262,76.942,65265,0x00,0x00,0xa0,0x02
2026-06-04T10:44:00Z,KZ-TR-001,43.262,76.942,65266,0x00,0xd4,0x03,0x00
2026-06-04T10:44:00Z,KZ-TR-001,43.262,76.942,65280,0xc8,0x32,0x00,0x00
2026-06-04T10:45:00Z,KZ-TR-001,43.258,76.948,65265,0x00,0x00,0xa0,0x02
2026-06-04T10:45:00Z,KZ-TR-001,43.258,76.948,65266,0x00,0xd4,0x03,0x00
2026-06-04T10:45:00Z,KZ-TR-001,43.258,76.948,65280,0xc8,0x32,0x00,0x00
2026-06-04T10:46:00Z,KZ-TR-001,43.259,76.944,65265,0x00,0x00,0xa0,0x02
2026-06-04T10:46:00Z,KZ-TR-001,43.259,76.944,65266,0x00,0xd4,0x03,0x00
2026-06-04T10:46:00Z,KZ-TR-001,43.259,76.944,65280,0xc8,0x32,0x00,0x00
2026-06-04T10:47:00Z,KZ-TR-001,43.263,76.943,65265,0x00,0x00,0xa0,0x02
2026-06-04T10:47:00Z,KZ-TR-001,43.263,76.943,65266,0x00,0xd4,0x03,0x00
2026-06-04T10:47:00Z,KZ-TR-001,43.263,76.943,65280,0xc8,0x32,0x00,0x00
2026-06-04T10:48:00Z,KZ-TR-001,43.257,76.944,65265,0x00,0x00,0xa0,0x02
2026-06-04T10:48:00Z,KZ-TR-001,43.257,76.944,65266,0x00,0xd4,0x03,0x00
2026-06-04T10:48:00Z,KZ-TR-001,43.257,76.944,65280,0xc8,0x32,0x00,0x00
2026-06-04T10:49:00Z,KZ-TR-001,43.259,76.949,65265,0x00,0x00,0xa0,0x02
2026-06-04T10:49:00Z,KZ-TR-001,43.259,76.949,65266,0x00,0xd4,0x03,0x00
2026-06-04T10:49:00Z,KZ-TR-001,43.259,76.949,65280,0xc8,0x32,0x00,0x00
2026-06-04T10:50:00Z,KZ-TR-001,43.255,76.946,65265,0x00,0x00,0xa0,0x02
2026-06-04T10:50:00Z,KZ-TR-001,43.255,76.946,65266,0x00,0xd4,0x03,0x00
2026-06-04T10:50:00Z,KZ-TR-001,43.255,76.946,65280,0xc8,0x32,0x00,0x00
2026-06-04T10:51:00Z,KZ-TR-001,43.263,76.949,65265,0x00,0x00,0xa0,0x02
2026-06-04T10:51:00Z,KZ-TR-001,43.263,76.949,65266,0x00,0xd4,0x03,0x00
2026-06-04T10:51:00Z,KZ-TR-001,43.263,76.949,65280,0xc8,0x32,0x00,0x00
2026-06-04T10:52:00Z,KZ-TR-001,43.255,76.949,65265,0x00,0x00,0xa0,0x02
2026-06-04T10:52:00Z,KZ-TR-001,43.255,76.949,65266,0x00,0xd4,0x03,0x00
2026-06-04T10:52:00Z,KZ-TR-001,43.255,76.949,65280,0xc8,0x32,0x00,0x00
2026-06-04T10:53:00Z,KZ-TR-001,43.259,76.943,65265,0x00,0x00,0xa0,0x02
2026-06-04T10:53:00Z,KZ-TR-001,43.259,76.943,65266,0x00,0xd4,0x03,0x00
2026-06-04T10:53:00Z,KZ-TR-001,43.259,76.943,65280,0xc8,0x32,0x00,0x00
2026-06-04T10:54:00Z,KZ-TR-001,43.260,76.944,65265,0x00,0x00,0xa0,0x02
2026-06-04T10:54:00Z,KZ-TR-001,43.260,76.944,65266,0x00,0xd4,0x03,0x00
2026-06-04T10:54:00Z,KZ-TR-001,43.260,76.944,65280,0xc8,0x32,0x00,0x00
2026-06-04T10:55:00Z,KZ-TR-001,43.258,76.946,65265,0x00,0x00,0xa0,0x02
2026-06-04T10:55:00Z,KZ-TR-001,43.258,76.946,65266,0x00,0xd4,0x03,0x00
2026-06-04T10:55:00Z,KZ-TR-001,43.258,76.946,65280,0xc8,0x32,0x00,0x00
2026-06-04T10:56:00Z,KZ-TR-001,43.260,76.940,65265,0x00,0x00,0xa0,0x02
2026-06-04T10:56:00Z,KZ-TR-001,43.260,76.940,65266,0x00,0xd4,0x03,0x00
2026-06-04T10:56:00Z,KZ-TR-001,43.260,76.940,65280,0xc8,0x32,0x00,0x00
2026-06-04T10:57:00Z,KZ-TR-001,43.256,76.948,65265,0x00,0x00,0xa0,0x02
2026-06-04T10:57:00Z,KZ-TR-001,43.256,76.948,65266,0x00,0xd4,0x03,0x00
2026-06-04T10:57:00Z,KZ-TR-001,43.256,76.948,65280,0xc8,0x32,0x00,0x00
2026-06-04T10:58:00Z,KZ-TR-001,43.258,76.947,65265,0x00,0x00,0xa0,0x02
2026-06-04T10:58:00Z,KZ-TR-001,43.258,76.947,65266,0x00,0xd4,0x03,0x00
2026-06-04T10:58:00Z,KZ-TR-001,43.258,76.947,65280,0xc8,0x32,0x00,0x00
2026-06-04T10:59:00Z,KZ-TR-001,43.260,76.940,65265,0x00,0x00,0xa0,0x02
2026-06-04T10:59:00Z,KZ-TR-001,43.260,76.940,65266,0x00,0xd4,0x03,0x00
2026-06-04T10:59:00Z,KZ-TR-001,43.260,76.940,65280,0xc8,0x32,0x00,0x00
2026-06-04T11:00:00Z,KZ-TR-001,43.256,76.943,65265,0x00,0x00,0xa0,0x02
2026-06-04T11:00:00Z,KZ-TR-001,43.256,76.943,65266,0x00,0xd4,0x03,0x00
2026-06-04T11:00:00Z,KZ-TR-001,43.256,76.943,65280,0xc8,0x32,0x00,0x00
2026-06-04T11:01:00Z,KZ-TR-001,43.260,76.949,65265,0x00,0x00,0xa0,0x02
2026-06-04T11:01:00Z,KZ-TR-001,43.260,76.949,65266,0x00,0xd4,0x03,0x00
2026-06-04T11:01:00Z,KZ-TR-001,43.260,76.949,65280,0xc8,0x32,0x00,0x00
2026-06-04T11:02:00Z,KZ-TR-001,43.258,76.949,65265,0x00,0x00,0xa0,0x02
2026-06-04T11:02:00Z,KZ-TR-001,43.258,76.949,65266,0x00,0xd4,0x03,0x00
2026-06-04T11:02:00Z,KZ-TR-001,43.258,76.949,65280,0xc8,0x32,0x00,0x00
2026-06-04T11:03:00Z,KZ-TR-001,43.257,76.941,65265,0x00,0x00,0xa0,0x02
2026-06-04T11:03:00Z,KZ-TR-001,43.257,76.941,65266,0x00,0xd4,0x03,0x00
2026-06-04T11:03:00Z,KZ-TR-001,43.257,76.941,65280,0xc8,0x32,0x00,0x00
2026-06-04T11:04:00Z,KZ-TR-001,43.261,76.946,65265,0x00,0x00,0xa0,0x02
2026-06-04T11:04:00Z,KZ-TR-001,43.261,76.946,65266,0x00,0xd4,0x03,0x00
2026-06-04T11:04:00Z,KZ-TR-001,43.261,76.946,65280,0xc8,0x32,0x00,0x00
2026-06-04T11:05:00Z,KZ-TR-001,43.259,76.942,65265,0x00,0x00,0xa0,0x02
2026-06-04T11:05:00Z,KZ-TR-001,43.259,76.942,65266,0x00,0xd4,0x03,0x00
2026-06-04T11:05:00Z,KZ-TR-001,43.259,76.942,65280,0xc8,0x32,0x00,0x00
2026-06-04T11:06:00Z,KZ-TR-001,43.256,76.947,65265,0x00,0x00,0xa0,0x02
2026-06-04T11:06:00Z,KZ-TR-001,43.256,76.947,65266,0x00,0xd4,0x03,0x00
2026-06-04T11:06:00Z,KZ-TR-001,43.256,76.947,65280,0xc8,0x32,0x00,0x00
2026-06-04T11:07:00Z,KZ-TR-001,43.257,76.940,65265,0x00,0x00,0xa0,0x02
2026-06-04T11:07:00Z,KZ-TR-001,43.257,76.940,65266,0x00,0xd4,0x03,0x00
2026-06-04T11:07:00Z,KZ-TR-001,43.257,76.940,65280,0xc8,0x32,0x00,0x00
2026-06-04T11:08:00Z,KZ-TR-001,43.264,76.942,65265,0x00,0x00,0xa0,0x02
2026-06-04T11:08:00Z,KZ-TR-001,43.264,76.942,65266,0x00,0xd4,0x03,0x00
2026-06-04T11:08:00Z,KZ-TR-001,43.264,76.942,65280,0xc8,0x32,0x00,0x00
2026-06-04T11:09:00Z,KZ-TR-001,43.258,76.949,65265,0x00,0x00,0xa0,0x02
2026-06-04T11:09:00Z,KZ-TR-001,43.258,76.949,65266,0x00,0xd4,0x03,0x00
2026-06-04T11:09:00Z,KZ-TR-001,43.258,76.949,65280,0xc8,0x32,0x00,0x00
2026-06-04T11:10:00Z,KZ-TR-001,43.259,76.941,65265,0x00,0x00,0xa0,0x02
2026-06-04T11:10:00Z,KZ-TR-001,43.259,76.941,65266,0x00,0xd4,0x03,0x00
2026-06-04T11:10:00Z,KZ-TR-001,43.259,76.941,65280,0xc8,0x32,0x00,0x00
2026-06-04T11:11:00Z,KZ-TR-001,43.261,76.949,65265,0x00,0x00,0xa0,0x02
2026-06-04T11:11:00Z,KZ-TR-001,43.261,76.949,65266,0x00,0xd4,0x03,0x00
2026-06-04T11:11:00Z,KZ-TR-001,43.261,76.949,65280,0xc8,0x32,0x00,0x00
2026-06-04T11:12:00Z,KZ-TR-001,43.257,76.948,65265,0x00,0x00,0xa0,0x02
2026-06-04T11:12:00Z,KZ-TR-001,43.257,76.948,65266,0x00,0xd4,0x03,0x00
2026-06-04T11:12:00Z,KZ-TR-001,43.257,76.948,65280,0xc8,0x32,0x00,0x00
2026-06-04T11:13:00Z,KZ-TR-001,43.262,76.942,65265,0x00,0x00,0xa0,0x02
2026-06-04T11:13:00Z,KZ-TR-001,43.262,76.942,65266,0x00,0xd4,0x03,0x00
2026-06-04T11:13:00Z,KZ-TR-001,43.262,76.942,65280,0xc8,0x32,0x00,0x00
2026-06-04T11:14:00Z,KZ-TR-001,43.263,76.950,65265,0x00,0x00,0xa0,0x02
2026-06-04T11:14:00Z,KZ-TR-001,43.263,76.950,65266,0x00,0xd4,0x03,0x00
2026-06-04T11:14:00Z,KZ-TR-001,43.263,76.950,65280,0xc8,0x32,0x00,0x00
2026-06-04T11:15:00Z,KZ-TR-001,43.263,76.945,65265,0x00,0x00,0xa0,0x02
2026-06-04T11:15:00Z,KZ-TR-001,43.263,76.945,65266,0x00,0xd4,0x03,0x00
2026-06-04T11:15:00Z,KZ-TR-001,43.263,76.945,65280,0xc8,0x32,0x00,0x00
2026-06-04T11:16:00Z,KZ-TR-001,43.264,76.943,65265,0x00,0x00,0xa0,0x02
2026-06-04T11:16:00Z,KZ-TR-001,43.264,76.943,65266,0x00,0xd4,0x03,0x00
2026-06-04T11:16:00Z,KZ-TR-001,43.264,76.943,65280,0xc8,0x32,0x00,0x00
2026-06-04T11:17:00Z,KZ-TR-001,43.257,76.944,65265,0x00,0x00,0xa0,0x02
2026-06-04T11:17:00Z,KZ-TR-001,43.257,76.944,65266,0x00,0xd4,0x03,0x00
2026-06-04T11:17:00Z,KZ-TR-001,43.257,76.944,65280,0xc8,0x32,0x00,0x00
2026-06-04T11:18:00Z,KZ-TR-001,43.259,76.946,65265,0x00,0x00,0xa0,0x02
2026-06-04T11:18:00Z,KZ-TR-001,43.259,76.946,65266,0x00,0xd4,0x03,0x00
2026-06-04T11:18:00Z,KZ-TR-001,43.259,76.946,65280,0xc8,0x32,0x00,0x00
2026-06-04T11:19:00Z,KZ-TR-001,43.262,76.947,65265,0x00,0x00,0xa0,0x02
2026-06-04T11:19:00Z,KZ-TR-001,43.262,76.947,65266,0x00,0xd4,0x03,0x00
2026-06-04T11:19:00Z,KZ-TR-001,43.262,76.947,65280,0xc8,0x32,0x00,0x00
2026-06-04T11:20:00Z,KZ-TR-001,43.256,76.945,65265,0x00,0x00,0xa0,0x02
2026-06-04T11:20:00Z,KZ-TR-001,43.256,76.945,65266,0x00,0xd4,0x03,0x00
2026-06-04T11:20:00Z,KZ-TR-001,43.256,76.945,65280,0xc8,0x32,0x00,0x00
2026-06-04T11:21:00Z,KZ-TR-001,43.255,76.946,65265,0x00,0x00,0xa0,0x02
2026-06-04T11:21:00Z,KZ-TR-001,43.255,76.946,65266,0x00,0xd4,0x03,0x00
2026-06-04T11:21:00Z,KZ-TR-001,43.255,76.946,65280,0xc8,0x32,0x00,0x00
2026-06-04T11:22:00Z,KZ-TR-001,43.265,76.942,65265,0x00,0x00,0xa0,0x02
2026-06-04T11:22:00Z,KZ-TR-001,43.265,76.942,65266,0x00,0xd4,0x03,0x00
2026-06-04T11:22:00Z,KZ-TR-001,43.265,76.942,65280,0xc8,0x32,0x00,0x00
2026-06-04T11:23:00Z,KZ-TR-001,43.258,76.950,65265,0x00,0x00,0xa0,0x02
2026-06-04T11:23:00Z,KZ-TR-001,43.258,76.950,65266,0x00,0xd4,0x03,0x00
2026-06-04T11:23:00Z,KZ-TR-001,43.258,76.950,65280,0xc8,0x32,0x00,0x00
2026-06-04T11:24:00Z,KZ-TR-001,43.259,76.948,65265,0x00,0x00,0xa0,0x02
2026-06-04T11:24:00Z,KZ-TR-001,43.259,76.948,65266,0x00,0xd4,0x03,0x00
2026-06-04T11:24:00Z,KZ-TR-001,43.259,76.948,65280,0xc8,0x32,0x00,0x00
2026-06-04T11:25:00Z,KZ-TR-001,43.260,76.945,65265,0x00,0x00,0xa0,0x02
2026-06-04T11:25:00Z,KZ-TR-001,43.260,76.945,65266,0x00,0xd4,0x03,0x00
2026-06-04T11:25:00Z,KZ-TR-001,43.260,76.945,65280,0xc8,0x32,0x00,0x00
2026-06-04T11:26:00Z,KZ-TR-001,43.265,76.943,65265,0x00,0x00,0xa0,0x02
2026-06-04T11:26:00Z,KZ-TR-001,43.265,76.943,65266,0x00,0xd4,0x03,0x00
2026-06-04T11:26:00Z,KZ-TR-001,43.265,76.943,65280,0xc8,0x32,0x00,0x00
2026-06-04T11:27:00Z,KZ-TR-001,43.262,76.942,65265,0x00,0x00,0xa0,0x02
2026-06-04T11:27:00Z,KZ-TR-001,43.262,76.942,65266,0x00,0xd4,0x03,0x00
2026-06-04T11:27:00Z,KZ-TR-001,43.262,76.942,65280,0xc8,0x32,0x00,0x00
2026-06-04T11:28:00Z,KZ-TR-001,43.257,76.944,65265,0x00,0x00,0xa0,0x02
2026-06-04T11:28:00Z,KZ-TR-001,43.257,76.944,65266,0x00,0xd4,0x03,0x00
2026-06-04T11:28:00Z,KZ-TR-001,43.257,76.944,65280,0xc8,0x32,0x00,0x00
2026-06-04T11:29:00Z,KZ-TR-001,43.262,76.945,65265,0x00,0x00,0xa0,0x02
2026-06-04T11:29:00Z,KZ-TR-001,43.262,76.945,65266,0x00,0xd4,0x03,0x00
2026-06-04T11:29:00Z,KZ-TR-001,43.262,76.945,65280,0xc8,0x32,0x00,0x00
2026-06-04T11:30:00Z,KZ-TR-001,43.262,76.944,65265,0x00,0x00,0xa0,0x02
2026-06-04T11:30:00Z,KZ-TR-001,43.262,76.944,65266,0x00,0xd4,0x03,0x00
2026-06-04T11:30:00Z,KZ-TR-001,43.262,76.944,65280,0xc8,0x32,0x00,0x00
2026-06-04T11:31:00Z,KZ-TR-001,43.257,76.946,65265,0x00,0x00,0xa0,0x02
2026-06-04T11:31:00Z,KZ-TR-001,43.257,76.946,65266,0x00,0xd4,0x03,0x00
2026-06-04T11:31:00Z,KZ-TR-001,43.257,76.946,65280,0xc8,0x32,0x00,0x00
2026-06-04T11:32:00Z,KZ-TR-001,43.262,76.945,65265,0x00,0x00,0xa0,0x02
2026-06-04T11:32:00Z,KZ-TR-001,43.262,76.945,65266,0x00,0xd4,0x03,0x00
2026-06-04T11:32:00Z,KZ-TR-001,43.262,76.945,65280,0xc8,0x32,0x00,0x00
2026-06-04T11:33:00Z,KZ-TR-001,43.262,76.943,65265,0x00,0x00,0xa0,0x02
2026-06-04T11:33:00Z,KZ-TR-001,43.262,76.943,65266,0x00,0xd4,0x03,0x00
2026-06-04T11:33:00Z,KZ-TR-001,43.262,76.943,65280,0xc8,0x32,0x00,0x00
2026-06-04T11:34:00Z,KZ-TR-001,43.263,76.945,65265,0x00,0x00,0xa0,0x02
2026-06-04T11:34:00Z,KZ-TR-001,43.263,76.945,65266,0x00,0xd4,0x03,0x00
2026-06-04T11:34:00Z,KZ-TR-001,43.263,76.945,65280,0xc8,0x32,0x00,0x00
2026-06-04T11:35:00Z,KZ-TR-001,43.260,76.948,65265,0x00,0x00,0xa0,0x02
2026-06-04T11:35:00Z,KZ-TR-001,43.260,76.948,65266,0x00,0xd4,0x03,0x00
2026-06-04T11:35:00Z,KZ-TR-001,43.260,76.948,65280,0xc8,0x32,0x00,0x00
2026-06-04T11:36:00Z,KZ-TR-001,43.258,76.949,65265,0x00,0x00,0xa0,0x02
2026-06-04T11:36:00Z,KZ-TR-001,43.258,76.949,65266,0x00,0xd4,0x03,0x00
2026-06-04T11:36:00Z,KZ-TR-001,43.258,76.949,65280,0xc8,0x32,0x00,0x00
2026-06-04T11:37:00Z,KZ-TR-001,43.258,76.949,65265,0x00,0x00,0xa0,0x02
2026-06-04T11:37:00Z,KZ-TR-001,43.258,76.949,65266,0x00,0xd4,0x03,0x00
2026-06-04T11:37:00Z,KZ-TR-001,43.258,76.949,65280,0xc8,0x32,0x00,0x00
2026-06-04T11:38:00Z,KZ-TR-001,43.260,76.946,65265,0x00,0x00,0xa0,0x02
2026-06-04T11:38:00Z,KZ-TR-001,43.260,76.946,65266,0x00,0xd4,0x03,0x00
2026-06-04T11:38:00Z,KZ-TR-001,43.260,76.946,65280,0xc8,0x32,0x00,0x00
2026-06-04T11:39:00Z,KZ-TR-001,43.258,76.949,65265,0x00,0x00,0xa0,0x02
2026-06-04T11:39:00Z,KZ-TR-001,43.258,76.949,65266,0x00,0xd4,0x03,0x00
2026-06-04T11:39:00Z,KZ-TR-001,43.258,76.949,65280,0xc8,0x32,0x00,0x00
2026-06-04T11:40:00Z,KZ-TR-001,43.261,76.942,65265,0x00,0x00,0xa0,0x02
2026-06-04T11:40:00Z,KZ-TR-001,43.261,76.942,65266,0x00,0xd4,0x03,0x00
2026-06-04T11:40:00Z,KZ-TR-001,43.261,76.942,65280,0xc8,0x32,0x00,0x00
2026-06-04T11:41:00Z,KZ-TR-001,43.258,76.946,65265,0x00,0x00,0xa0,0x02
2026-06-04T11:41:00Z,KZ-TR-001,43.258,76.946,65266,0x00,0xd4,0x03,0x00
2026-06-04T11:41:00Z,KZ-TR-001,43.258,76.946,65280,0xc8,0x32,0x00,0x00
2026-06-04T11:42:00Z,KZ-TR-001,43.260,76.942,65265,0x00,0x00,0xa0,0x02
2026-06-04T11:42:00Z,KZ-TR-001,43.260,76.942,65266,0x00,0xd4,0x03,0x00
2026-06-04T11:42:00Z,KZ-TR-001,43.260,76.942,65280,0xc8,0x32,0x00,0x00
2026-06-04T11:43:00Z,KZ-TR-001,43.263,76.944,65265,0x00,0x00,0xa0,0x02
2026-06-04T11:43:00Z,KZ-TR-001,43.263,76.944,65266,0x00,0xd4,0x03,0x00
2026-06-04T11:43:00Z,KZ-TR-001,43.263,76.944,65280,0xc8,0x32,0x00,0x00
2026-06-04T11:44:00Z,KZ-TR-001,43.259,76.946,65265,0x00,0x00,0xa0,0x02
2026-06-04T11:44:00Z,KZ-TR-001,43.259,76.946,65266,0x00,0xd4,0x03,0x00
2026-06-04T11:44:00Z,KZ-TR-001,43.259,76.946,65280,0xc8,0x32,0x00,0x00
2026-06-04T11:45:00Z,KZ-TR-001,43.256,76.942,65265,0x00,0x00,0xa0,0x02
2026-06-04T11:45:00Z,KZ-TR-001,43.256,76.942,65266,0x00,0xd4,0x03,0x00
2026-06-04T11:45:00Z,KZ-TR-001,43.256,76.942,65280,0xc8,0x32,0x00,0x00
2026-06-04T11:46:00Z,KZ-TR-001,43.258,76.941,65265,0x00,0x00,0xa0,0x02
2026-06-04T11:46:00Z,KZ-TR-001,43.258,76.941,65266,0x00,0xd4,0x03,0x00
2026-06-04T11:46:00Z,KZ-TR-001,43.258,76.941,65280,0xc8,0x32,0x00,0x00
2026-06-04T11:47:00Z,KZ-TR-001,43.261,76.941,65265,0x00,0x00,0xa0,0x02
2026-06-04T11:47:00Z,KZ-TR-001,43.261,76.941,65266,0x00,0xd4,0x03,0x00
2026-06-04T11:47:00Z,KZ-TR-001,43.261,76.941,65280,0xc8,0x32,0x00,0x00
2026-06-04T11:48:00Z,KZ-TR-001,43.258,76.949,65265,0x00,0x00,0xa0,0x02
2026-06-04T11:48:00Z,KZ-TR-001,43.258,76.949,65266,0x00,0xd4,0x03,0x00
2026-06-04T11:48:00Z,KZ-TR-001,43.258,76.949,65280,0xc8,0x32,0x00,0x00
2026-06-04T11:49:00Z,KZ-TR-001,43.262,76.943,65265,0x00,0x00,0xa0,0x02
2026-06-04T11:49:00Z,KZ-TR-001,43.262,76.943,65266,0x00,0xd4,0x03,0x00
2026-06-04T11:49:00Z,KZ-TR-001,43.262,76.943,65280,0xc8,0x32,0x00,0x00
2026-06-04T11:50:00Z,KZ-TR-001,43.259,76.947,65265,0x00,0x00,0xa0,0x02
2026-06-04T11:50:00Z,KZ-TR-001,43.259,76.947,65266,0x00,0xd4,0x03,0x00
2026-06-04T11:50:00Z,KZ-TR-001,43.259,76.947,65280,0xc8,0x32,0x00,0x00
2026-06-04T11:51:00Z,KZ-TR-001,43.263,76.942,65265,0x00,0x00,0xa0,0x02
2026-06-04T11:51:00Z,KZ-TR-001,43.263,76.942,65266,0x00,0xd4,0x03,0x00
2026-06-04T11:51:00Z,KZ-TR-001,43.263,76.942,65280,0xc8,0x32,0x00,0x00
2026-06-04T11:52:00Z,KZ-TR-001,43.260,76.944,65265,0x00,0x00,0xa0,0x02
2026-06-04T11:52:00Z,KZ-TR-001,43.260,76.944,65266,0x00,0xd4,0x03,0x00
2026-06-04T11:52:00Z,KZ-TR-001,43.260,76.944,65280,0xc8,0x32,0x00,0x00
2026-06-04T11:53:00Z,KZ-TR-001,43.256,76.947,65265,0x00,0x00,0xa0,0x02
2026-06-04T11:53:00Z,KZ-TR-001,43.256,76.947,65266,0x00,0xd4,0x03,0x00
2026-06-04T11:53:00Z,KZ-TR-001,43.256,76.947,65280,0xc8,0x32,0x00,0x00
2026-06-04T11:54:00Z,KZ-TR-001,43.259,76.941,65265,0x00,0x00,0xa0,0x02
2026-06-04T11:54:00Z,KZ-TR-001,43.259,76.941,65266,0x00,0xd4,0x03,0x00
2026-06-04T11:54:00Z,KZ-TR-001,43.259,76.941,65280,0xc8,0x32,0x00,0x00
2026-06-04T11:55:00Z,KZ-TR-001,43.258,76.942,65265,0x00,0x00,0xa0,0x02
2026-06-04T11:55:00Z,KZ-TR-001,43.258,76.942,65266,0x00,0xd4,0x03,0x00
2026-06-04T11:55:00Z,KZ-TR-001,43.258,76.942,65280,0xc8,0x32,0x00,0x00
2026-06-04T11:56:00Z,KZ-TR-001,43.256,76.950,65265,0x00,0x00,0xa0,0x02
2026-06-04T11:56:00Z,KZ-TR-001,43.256,76.950,65266,0x00,0xd4,0x03,0x00
2026-06-04T11:56:00Z,KZ-TR-001,43.256,76.950,65280,0xc8,0x32,0x00,0x00
2026-06-04T11:57:00Z,KZ-TR-001,43.259,76.945,65265,0x00,0x00,0xa0,0x02
2026-06-04T11:57:00Z,KZ-TR-001,43.259,76.945,65266,0x00,0xd4,0x03,0x00
2026-06-04T11:57:00Z,KZ-TR-001,43.259,76.945,65280,0xc8,0x32,0x00,0x00
2026-06-04T11:58:00Z,KZ-TR-001,43.258,76.946,65265,0x00,0x00,0xa0,0x02
2026-06-04T11:58:00Z,KZ-TR-001,43.258,76.946,65266,0x00,0xd4,0x03,0x00
2026-06-04T11:58:00Z,KZ-TR-001,43.258,76.946,65280,0xc8,0x32,0x00,0x00
2026-06-04T11:59:00Z,KZ-TR-001,43.264,76.943,65265,0x00,0x00,0xa0,0x02
2026-06-04T11:59:00Z,KZ-TR-001,43.264,76.943,65266,0x00,0xd4,0x03,0x00
2026-06-04T11:59:00Z,KZ-TR-001,43.264,76.943,65280,0xc8,0x32,0x00,0x00
2026-06-04T12:00:00Z,KZ-TR-001,43.258,76.948,65265,0x00,0x00,0xa0,0x02
2026-06-04T12:00:00Z,KZ-TR-001,43.258,76.948,65266,0x00,0xd4,0x03,0x00
2026-06-04T12:00:00Z,KZ-TR-001,43.258,76.948,65280,0xc8,0x32,0x00,0x00
2026-06-04T12:01:00Z,KZ-TR-001,43.264,76.943,65265,0x00,0x00,0xa0,0x02
2026-06-04T12:01:00Z,KZ-TR-001,43.264,76.943,65266,0x00,0xd4,0x03,0x00
2026-06-04T12:01:00Z,KZ-TR-001,43.264,76.943,65280,0xc8,0x32,0x00,0x00
2026-06-04T12:02:00Z,KZ-TR-001,43.262,76.948,65265,0x00,0x00,0xa0,0x02
2026-06-04T12:02:00Z,KZ-TR-001,43.262,76.948,65266,0x00,0xd4,0x03,0x00
2026-06-04T12:02:00Z,KZ-TR-001,43.262,76.948,65280,0xc8,0x32,0x00,0x00
2026-06-04T12:03:00Z,KZ-TR-001,43.258,76.949,65265,0x00,0x00,0xa0,0x02
2026-06-04T12:03:00Z,KZ-TR-001,43.258,76.949,65266,0x00,0xd4,0x03,0x00
2026-06-04T12:03:00Z,KZ-TR-001,43.258,76.949,65280,0xc8,0x32,0x00,0x00
2026-06-04T12:04:00Z,KZ-TR-001,43.262,76.945,65265,0x00,0x00,0xa0,0x02
2026-06-04T12:04:00Z,KZ-TR-001,43.262,76.945,65266,0x00,0xd4,0x03,0x00
2026-06-04T12:04:00Z,KZ-TR-001,43.262,76.945,65280,0xc8,0x32,0x00,0x00
2026-06-04T12:05:00Z,KZ-TR-001,43.256,76.948,65265,0x00,0x00,0xa0,0x02
2026-06-04T12:05:00Z,KZ-TR-001,43.256,76.948,65266,0x00,0xd4,0x03,0x00
2026-06-04T12:05:00Z,KZ-TR-001,43.256,76.948,65280,0xc8,0x32,0x00,0x00
2026-06-04T12:06:00Z,KZ-TR-001,43.260,76.944,65265,0x00,0x00,0xa0,0x02
2026-06-04T12:06:00Z,KZ-TR-001,43.260,76.944,65266,0x00,0xd4,0x03,0x00
2026-06-04T12:06:00Z,KZ-TR-001,43.260,76.944,65280,0xc8,0x32,0x00,0x00
2026-06-04T12:07:00Z,KZ-TR-001,43.261,76.947,65265,0x00,0x00,0xa0,0x02
2026-06-04T12:07:00Z,KZ-TR-001,43.261,76.947,65266,0x00,0xd4,0x03,0x00
2026-06-04T12:07:00Z,KZ-TR-001,43.261,76.947,65280,0xc8,0x32,0x00,0x00
2026-06-04T12:08:00Z,KZ-TR-001,43.256,76.947,65265,0x00,0x00,0xa0,0x02
2026-06-04T12:08:00Z,KZ-TR-001,43.256,76.947,65266,0x00,0xd4,0x03,0x00
2026-06-04T12:08:00Z,KZ-TR-001,43.256,76.947,65280,0xc8,0x32,0x00,0x00
2026-06-04T12:09:00Z,KZ-TR-001,43.258,76.944,65265,0x00,0x00,0xa0,0x02
2026-06-04T12:09:00Z,KZ-TR-001,43.258,76.944,65266,0x00,0xd4,0x03,0x00
2026-06-04T12:09:00Z,KZ-TR-001,43.258,76.944,65280,0xc8,0x32,0x00,0x00
2026-06-04T12:10:00Z,KZ-TR-001,43.263,76.945,65265,0x00,0x00,0xa0,0x02
2026-06-04T12:10:00Z,KZ-TR-001,43.263,76.945,65266,0x00,0xd4,0x03,0x00
2026-06-04T12:10:00Z,KZ-TR-001,43.263,76.945,65280,0xc8,0x32,0x00,0x00
2026-06-04T12:11:00Z,KZ-TR-001,43.256,76.948,65265,0x00,0x00,0xa0,0x02
2026-06-04T12:11:00Z,KZ-TR-001,43.256,76.948,65266,0x00,0xd4,0x03,0x00
2026-06-04T12:11:00Z,KZ-TR-001,43.256,76.948,65280,0xc8,0x32,0x00,0x00
2026-06-04T12:12:00Z,KZ-TR-001,43.262,76.942,65265,0x00,0x00,0xa0,0x02
2026-06-04T12:12:00Z,KZ-TR-001,43.262,76.942,65266,0x00,0xd4,0x03,0x00
2026-06-04T12:12:00Z,KZ-TR-001,43.262,76.942,65280,0xc8,0x32,0x00,0x00
2026-06-04T12:13:00Z,KZ-TR-001,43.259,76.950,65265,0x00,0x00,0xa0,0x02
2026-06-04T12:13:00Z,KZ-TR-001,43.259,76.950,65266,0x00,0xd4,0x03,0x00
2026-06-04T12:13:00Z,KZ-TR-001,43.259,76.950,65280,0xc8,0x32,0x00,0x00
2026-06-04T12:14:00Z,KZ-TR-001,43.256,76.946,65265,0x00,0x00,0xa0,0x02
2026-06-04T12:14:00Z,KZ-TR-001,43.256,76.946,65266,0x00,0xd4,0x03,0x00
2026-06-04T12:14:00Z,KZ-TR-001,43.256,76.946,65280,0xc8,0x32,0x00,0x00
2026-06-04T12:15:00Z,KZ-TR-001,43.262,76.941,65265,0x00,0x00,0xa0,0x02
2026-06-04T12:15:00Z,KZ-TR-001,43.262,76.941,65266,0x00,0xd4,0x03,0x00
2026-06-04T12:15:00Z,KZ-TR-001,43.262,76.941,65280,0xc8,0x32,0x00,0x00
2026-06-04T12:16:00Z,KZ-TR-001,43.264,76.944,65265,0x00,0x00,0xa0,0x02
2026-06-04T12:16:00Z,KZ-TR-001,43.264,76.944,65266,0x00,0xd4,0x03,0x00
2026-06-04T12:16:00Z,KZ-TR-001,43.264,76.944,65280,0xc8,0x32,0x00,0x00
2026-06-04T12:17:00Z,KZ-TR-001,43.256,76.945,65265,0x00,0x00,0xa0,0x02
2026-06-04T12:17:00Z,KZ-TR-001,43.256,76.945,65266,0x00,0xd4,0x03,0x00
2026-06-04T12:17:00Z,KZ-TR-001,43.256,76.945,65280,0xc8,0x32,0x00,0x00
2026-06-04T12:18:00Z,KZ-TR-001,43.258,76.949,65265,0x00,0x00,0xa0,0x02
2026-06-04T12:18:00Z,KZ-TR-001,43.258,76.949,65266,0x00,0xd4,0x03,0x00
2026-06-04T12:18:00Z,KZ-TR-001,43.258,76.949,65280,0xc8,0x32,0x00,0x00
2026-06-04T12:19:00Z,KZ-TR-001,43.265,76.947,65265,0x00,0x00,0xa0,0x02
2026-06-04T12:19:00Z,KZ-TR-001,43.265,76.947,65266,0x00,0xd4,0x03,0x00
2026-06-04T12:19:00Z,KZ-TR-001,43.265,76.947,65280,0xc8,0x32,0x00,0x00
2026-06-04T12:20:00Z,KZ-TR-001,43.264,76.945,65265,0x00,0x00,0xa0,0x02
2026-06-04T12:20:00Z,KZ-TR-001,43.264,76.945,65266,0x00,0xd4,0x03,0x00
2026-06-04T12:20:00Z,KZ-TR-001,43.264,76.945,65280,0xc8,0x32,0x00,0x00
2026-06-04T12:21:00Z,KZ-TR-001,43.259,76.942,65265,0x00,0x00,0xa0,0x02
2026-06-04T12:21:00Z,KZ-TR-001,43.259,76.942,65266,0x00,0xd4,0x03,0x00
2026-06-04T12:21:00Z,KZ-TR-001,43.259,76.942,65280,0xc8,0x32,0x00,0x00
2026-06-04T12:22:00Z,KZ-TR-001,43.263,76.949,65265,0x00,0x00,0xa0,0x02
2026-06-04T12:22:00Z,KZ-TR-001,43.263,76.949,65266,0x00,0xd4,0x03,0x00
2026-06-04T12:22:00Z,KZ-TR-001,43.263,76.949,65280,0xc8,0x32,0x00,0x00
2026-06-04T12:23:00Z,KZ-TR-001,43.256,76.944,65265,0x00,0x00,0xa0,0x02
2026-06-04T12:23:00Z,KZ-TR-001,43.256,76.944,65266,0x00,0xd4,0x03,0x00
2026-06-04T12:23:00Z,KZ-TR-001,43.256,76.944,65280,0xc8,0x32,0x00,0x00
2026-06-04T12:24:00Z,KZ-TR-001,43.255,76.943,65265,0x00,0x00,0xa0,0x02
2026-06-04T12:24:00Z,KZ-TR-001,43.255,76.943,65266,0x00,0xd4,0x03,0x00
2026-06-04T12:24:00Z,KZ-TR-001,43.255,76.943,65280,0xc8,0x32,0x00,0x00
2026-06-04T12:25:00Z,KZ-TR-001,43.257,76.949,65265,0x00,0x00,0xa0,0x02
2026-06-04T12:25:00Z,KZ-TR-001,43.257,76.949,65266,0x00,0xd4,0x03,0x00
2026-06-04T12:25:00Z,KZ-TR-001,43.257,76.949,65280,0xc8,0x32,0x00,0x00
2026-06-04T12:26:00Z,KZ-TR-001,43.259,76.949,65265,0x00,0x00,0xa0,0x02
2026-06-04T12:26:00Z,KZ-TR-001,43.259,76.949,65266,0x00,0xd4,0x03,0x00
2026-06-04T12:26:00Z,KZ-TR-001,43.259,76.949,65280,0xc8,0x32,0x00,0x00
2026-06-04T12:27:00Z,KZ-TR-001,43.259,76.949,65265,0x00,0x00,0xa0,0x02
2026-06-04T12:27:00Z,KZ-TR-001,43.259,76.949,65266,0x00,0xd4,0x03,0x00
2026-06-04T12:27:00Z,KZ-TR-001,43.259,76.949,65280,0xc8,0x32,0x00,0x00
2026-06-04T12:28:00Z,KZ-TR-001,43.263,76.943,65265,0x00,0x00,0xa0,0x02
2026-06-04T12:28:00Z,KZ-TR-001,43.263,76.943,65266,0x00,0xd4,0x03,0x00
2026-06-04T12:28:00Z,KZ-TR-001,43.263,76.943,65280,0xc8,0x32,0x00,0x00
2026-06-04T12:29:00Z,KZ-TR-001,43.264,76.944,65265,0x00,0x00,0xa0,0x02
2026-06-04T12:29:00Z,KZ-TR-001,43.264,76.944,65266,0x00,0xd4,0x03,0x00
2026-06-04T12:29:00Z,KZ-TR-001,43.264,76.944,65280,0xc8,0x32,0x00,0x00
2026-06-04T12:30:00Z,KZ-TR-001,43.261,76.944,65265,0x00,0x00,0xa0,0x02
2026-06-04T12:30:00Z,KZ-TR-001,43.261,76.944,65266,0x00,0xd4,0x03,0x00
2026-06-04T12:30:00Z,KZ-TR-001,43.261,76.944,65280,0xc8,0x32,0x00,0x00
2026-06-04T12:31:00Z,KZ-TR-001,43.256,76.945,65265,0x00,0x00,0xa0,0x02
2026-06-04T12:31:00Z,KZ-TR-001,43.256,76.945,65266,0x00,0xd4,0x03,0x00
2026-06-04T12:31:00Z,KZ-TR-001,43.256,76.945,65280,0xc8,0x32,0x00,0x00
2026-06-04T12:32:00Z,KZ-TR-001,43.255,76.950,65265,0x00,0x00,0xa0,0x02
2026-06-04T12:32:00Z,KZ-TR-001,43.255,76.950,65266,0x00,0xd4,0x03,0x00
2026-06-04T12:32:00Z,KZ-TR-001,43.255,76.950,65280,0xc8,0x32,0x00,0x00
2026-06-04T12:33:00Z,KZ-TR-001,43.257,76.940,65265,0x00,0x00,0xa0,0x02
2026-06-04T12:33:00Z,KZ-TR-001,43.257,76.940,65266,0x00,0xd4,0x03,0x00
2026-06-04T12:33:00Z,KZ-TR-001,43.257,76.940,65280,0xc8,0x32,0x00,0x00
2026-06-04T12:34:00Z,KZ-TR-001,43.259,76.949,65265,0x00,0x00,0xa0,0x02
2026-06-04T12:34:00Z,KZ-TR-001,43.259,76.949,65266,0x00,0xd4,0x03,0x00
2026-06-04T12:34:00Z,KZ-TR-001,43.259,76.949,65280,0xc8,0x32,0x00,0x00
2026-06-04T12:35:00Z,KZ-TR-001,43.262,76.946,65265,0x00,0x00,0xa0,0x02
2026-06-04T12:35:00Z,KZ-TR-001,43.262,76.946,65266,0x00,0xd4,0x03,0x00
2026-06-04T12:35:00Z,KZ-TR-001,43.262,76.946,65280,0xc8,0x32,0x00,0x00
2026-06-04T12:36:00Z,KZ-TR-001,43.265,76.941,65265,0x00,0x00,0xa0,0x02
2026-06-04T12:36:00Z,KZ-TR-001,43.265,76.941,65266,0x00,0xd4,0x03,0x00
2026-06-04T12:36:00Z,KZ-TR-001,43.265,76.941,65280,0xc8,0x32,0x00,0x00
2026-06-04T12:37:00Z,KZ-TR-001,43.261,76.948,65265,0x00,0x00,0xa0,0x02
2026-06-04T12:37:00Z,KZ-TR-001,43.261,76.948,65266,0x00,0xd4,0x03,0x00
2026-06-04T12:37:00Z,KZ-TR-001,43.261,76.948,65280,0xc8,0x32,0x00,0x00
2026-06-04T12:38:00Z,KZ-TR-001,43.260,76.944,65265,0x00,0x00,0xa0,0x02
2026-06-04T12:38:00Z,KZ-TR-001,43.260,76.944,65266,0x00,0xd4,0x03,0x00
2026-06-04T12:38:00Z,KZ-TR-001,43.260,76.944,65280,0xc8,0x32,0x00,0x00
2026-06-04T12:39:00Z,KZ-TR-001,43.256,76.948,65265,0x00,0x00,0xa0,0x02
2026-06-04T12:39:00Z,KZ-TR-001,43.256,76.948,65266,0x00,0xd4,0x03,0x00
2026-06-04T12:39:00Z,KZ-TR-001,43.256,76.948,65280,0xc8,0x32,0x00,0x00
2026-06-04T12:40:00Z,KZ-TR-001,43.261,76.946,65265,0x00,0x00,0xa0,0x02
2026-06-04T12:40:00Z,KZ-TR-001,43.261,76.946,65266,0x00,0xd4,0x03,0x00
2026-06-04T12:40:00Z,KZ-TR-001,43.261,76.946,65280,0xc8,0x32,0x00,0x00
2026-06-04T12:41:00Z,KZ-TR-001,43.260,76.950,65265,0x00,0x00,0xa0,0x02
2026-06-04T12:41:00Z,KZ-TR-001,43.260,76.950,65266,0x00,0xd4,0x03,0x00
2026-06-04T12:41:00Z,KZ-TR-001,43.260,76.950,65280,0xc8,0x32,0x00,0x00
2026-06-04T12:42:00Z,KZ-TR-001,43.255,76.941,65265,0x00,0x00,0xa0,0x02
2026-06-04T12:42:00Z,KZ-TR-001,43.255,76.941,65266,0x00,0xd4,0x03,0x00
2026-06-04T12:42:00Z,KZ-TR-001,43.255,76.941,65280,0xc8,0x32,0x00,0x00
2026-06-04T12:43:00Z,KZ-TR-001,43.259,76.949,65265,0x00,0x00,0xa0,0x02
2026-06-04T12:43:00Z,KZ-TR-001,43.259,76.949,65266,0x00,0xd4,0x03,0x00
2026-06-04T12:43:00Z,KZ-TR-001,43.259,76.949,65280,0xc8,0x32,0x00,0x00
2026-06-04T12:44:00Z,KZ-TR-001,43.264,76.947,65265,0x00,0x00,0xa0,0x02
2026-06-04T12:44:00Z,KZ-TR-001,43.264,76.947,65266,0x00,0xd4,0x03,0x00
2026-06-04T12:44:00Z,KZ-TR-001,43.264,76.947,65280,0xc8,0x32,0x00,0x00
2026-06-04T12:45:00Z,KZ-TR-001,43.263,76.946,65265,0x00,0x00,0xa0,0x02
2026-06-04T12:45:00Z,KZ-TR-001,43.263,76.946,65266,0x00,0xd4,0x03,0x00
2026-06-04T12:45:00Z,KZ-TR-001,43.263,76.946,65280,0xc8,0x32,0x00,0x00
2026-06-04T12:46:00Z,KZ-TR-001,43.259,76.947,65265,0x00,0x00,0xa0,0x02
2026-06-04T12:46:00Z,KZ-TR-001,43.259,76.947,65266,0x00,0xd4,0x03,0x00
2026-06-04T12:46:00Z,KZ-TR-001,43.259,76.947,65280,0xc8,0x32,0x00,0x00
2026-06-04T12:47:00Z,KZ-TR-001,43.259,76.943,65265,0x00,0x00,0xa0,0x02
2026-06-04T12:47:00Z,KZ-TR-001,43.259,76.943,65266,0x00,0xd4,0x03,0x00
2026-06-04T12:47:00Z,KZ-TR-001,43.259,76.943,65280,0xc8,0x32,0x00,0x00
2026-06-04T12:48:00Z,KZ-TR-001,43.261,76.948,65265,0x00,0x00,0xa0,0x02
2026-06-04T12:48:00Z,KZ-TR-001,43.261,76.948,65266,0x00,0xd4,0x03,0x00
2026-06-04T12:48:00Z,KZ-TR-001,43.261,76.948,65280,0xc8,0x32,0x00,0x00
2026-06-04T12:49:00Z,KZ-TR-001,43.257,76.942,65265,0x00,0x00,0xa0,0x02
2026-06-04T12:49:00Z,KZ-TR-001,43.257,76.942,65266,0x00,0xd4,0x03,0x00
2026-06-04T12:49:00Z,KZ-TR-001,43.257,76.942,65280,0xc8,0x32,0x00,0x00
2026-06-04T12:50:00Z,KZ-TR-001,43.262,76.949,65265,0x00,0x00,0xa0,0x02
2026-06-04T12:50:00Z,KZ-TR-001,43.262,76.949,65266,0x00,0xd4,0x03,0x00
2026-06-04T12:50:00Z,KZ-TR-001,43.262,76.949,65280,0xc8,0x32,0x00,0x00
2026-06-04T12:51:00Z,KZ-TR-001,43.256,76.946,65265,0x00,0x00,0xa0,0x02
2026-06-04T12:51:00Z,KZ-TR-001,43.256,76.946,65266,0x00,0xd4,0x03,0x00
2026-06-04T12:51:00Z,KZ-TR-001,43.256,76.946,65280,0xc8,0x32,0x00,0x00
2026-06-04T12:52:00Z,KZ-TR-001,43.263,76.942,65265,0x00,0x00,0xa0,0x02
2026-06-04T12:52:00Z,KZ-TR-001,43.263,76.942,65266,0x00,0xd4,0x03,0x00
2026-06-04T12:52:00Z,KZ-TR-001,43.263,76.942,65280,0xc8,0x32,0x00,0x00
2026-06-04T12:53:00Z,KZ-TR-001,43.259,76.949,65265,0x00,0x00,0xa0,0x02
2026-06-04T12:53:00Z,KZ-TR-001,43.259,76.949,65266,0x00,0xd4,0x03,0x00
2026-06-04T12:53:00Z,KZ-TR-001,43.259,76.949,65280,0xc8,0x32,0x00,0x00
2026-06-04T12:54:00Z,KZ-TR-001,43.256,76.947,65265,0x00,0x00,0xa0,0x02
2026-06-04T12:54:00Z,KZ-TR-001,43.256,76.947,65266,0x00,0xd4,0x03,0x00
2026-06-04T12:54:00Z,KZ-TR-001,43.256,76.947,65280,0xc8,0x32,0x00,0x00
2026-06-04T12:55:00Z,KZ-TR-001,43.257,76.945,65265,0x00,0x00,0xa0,0x02
2026-06-04T12:55:00Z,KZ-TR-001,43.257,76.945,65266,0x00,0xd4,0x03,0x00
2026-06-04T12:55:00Z,KZ-TR-001,43.257,76.945,65280,0xc8,0x32,0x00,0x00
2026-06-04T12:56:00Z,KZ-TR-001,43.263,76.943,65265,0x00,0x00,0xa0,0x02
2026-06-04T12:56:00Z,KZ-TR-001,43.263,76.943,65266,0x00,0xd4,0x03,0x00
2026-06-04T12:56:00Z,KZ-TR-001,43.263,76.943,65280,0xc8,0x32,0x00,0x00
2026-06-04T12:57:00Z,KZ-TR-001,43.257,76.941,65265,0x00,0x00,0xa0,0x02
2026-06-04T12:57:00Z,KZ-TR-001,43.257,76.941,65266,0x00,0xd4,0x03,0x00
2026-06-04T12:57:00Z,KZ-TR-001,43.257,76.941,65280,0xc8,0x32,0x00,0x00
2026-06-04T12:58:00Z,KZ-TR-001,43.261,76.947,65265,0x00,0x00,0xa0,0x02
2026-06-04T12:58:00Z,KZ-TR-001,43.261,76.947,65266,0x00,0xd4,0x03,0x00
2026-06-04T12:58:00Z,KZ-TR-001,43.261,76.947,65280,0xc8,0x32,0x00,0x00
2026-06-04T12:59:00Z,KZ-TR-001,43.256,76.944,65265,0x00,0x00,0xa0,0x02
2026-06-04T12:59:00Z,KZ-TR-001,43.256,76.944,65266,0x00,0xd4,0x03,0x00
2026-06-04T12:59:00Z,KZ-TR-001,43.256,76.944,65280,0xc8,0x32,0x00,0x00
2026-06-04T13:00:00Z,KZ-TR-001,43.256,76.941,65265,0x00,0x00,0xa0,0x02
2026-06-04T13:00:00Z,KZ-TR-001,43.256,76.941,65266,0x00,0xd4,0x03,0x00
2026-06-04T13:00:00Z,KZ-TR-001,43.256,76.941,65280,0xc8,0x32,0x00,0x00
2026-06-04T13:01:00Z,KZ-TR-001,43.258,76.948,65265,0x00,0x00,0xa0,0x02
2026-06-04T13:01:00Z,KZ-TR-001,43.258,76.948,65266,0x00,0xd4,0x03,0x00
2026-06-04T13:01:00Z,KZ-TR-001,43.258,76.948,65280,0xc8,0x32,0x00,0x00
2026-06-04T13:02:00Z,KZ-TR-001,43.264,76.945,65265,0x00,0x00,0xa0,0x02
2026-06-04T13:02:00Z,KZ-TR-001,43.264,76.945,65266,0x00,0xd4,0x03,0x00
2026-06-04T13:02:00Z,KZ-TR-001,43.264,76.945,65280,0xc8,0x32,0x00,0x00
2026-06-04T13:03:00Z,KZ-TR-001,43.261,76.945,65265,0x00,0x00,0xa0,0x02
2026-06-04T13:03:00Z,KZ-TR-001,43.261,76.945,65266,0x00,0xd4,0x03,0x00
2026-06-04T13:03:00Z,KZ-TR-001,43.261,76.945,65280,0xc8,0x32,0x00,0x00
2026-06-04T13:04:00Z,KZ-TR-001,43.256,76.949,65265,0x00,0x00,0xa0,0x02
2026-06-04T13:04:00Z,KZ-TR-001,43.256,76.949,65266,0x00,0xd4,0x03,0x00
2026-06-04T13:04:00Z,KZ-TR-001,43.256,76.949,65280,0xc8,0x32,0x00,0x00
2026-06-04T13:05:00Z,KZ-TR-001,43.256,76.946,65265,0x00,0x00,0xa0,0x02
2026-06-04T13:05:00Z,KZ-TR-001,43.256,76.946,65266,0x00,0xd4,0x03,0x00
2026-06-04T13:05:00Z,KZ-TR-001,43.256,76.946,65280,0xc8,0x32,0x00,0x00
2026-06-04T13:06:00Z,KZ-TR-001,43.262,76.943,65265,0x00,0x00,0xa0,0x02
2026-06-04T13:06:00Z,KZ-TR-001,43.262,76.943,65266,0x00,0xd4,0x03,0x00
2026-06-04T13:06:00Z,KZ-TR-001,43.262,76.943,65280,0xc8,0x32,0x00,0x00
2026-06-04T13:07:00Z,KZ-TR-001,43.265,76.944,65265,0x00,0x00,0xa0,0x02
2026-06-04T13:07:00Z,KZ-TR-001,43.265,76.944,65266,0x00,0xd4,0x03,0x00
2026-06-04T13:07:00Z,KZ-TR-001,43.265,76.944,65280,0xc8,0x32,0x00,0x00
2026-06-04T13:08:00Z,KZ-TR-001,43.257,76.944,65265,0x00,0x00,0xa0,0x02
2026-06-04T13:08:00Z,KZ-TR-001,43.257,76.944,65266,0x00,0xd4,0x03,0x00
2026-06-04T13:08:00Z,KZ-TR-001,43.257,76.944,65280,0xc8,0x32,0x00,0x00
2026-06-04T13:09:00Z,KZ-TR-001,43.262,76.945,65265,0x00,0x00,0xa0,0x02
2026-06-04T13:09:00Z,KZ-TR-001,43.262,76.945,65266,0x00,0xd4,0x03,0x00
2026-06-04T13:09:00Z,KZ-TR-001,43.262,76.945,65280,0xc8,0x32,0x00,0x00
2026-06-04T13:10:00Z,KZ-TR-001,43.264,76.948,65265,0x00,0x00,0xa0,0x02
2026-06-04T13:10:00Z,KZ-TR-001,43.264,76.948,65266,0x00,0xd4,0x03,0x00
2026-06-04T13:10:00Z,KZ-TR-001,43.264,76.948,65280,0xc8,0x32,0x00,0x00
2026-06-04T13:11:00Z,KZ-TR-001,43.255,76.941,65265,0x00,0x00,0xa0,0x02
2026-06-04T13:11:00Z,KZ-TR-001,43.255,76.941,65266,0x00,0xd4,0x03,0x00
2026-06-04T13:11:00Z,KZ-TR-001,43.255,76.941,65280,0xc8,0x32,0x00,0x00
2026-06-04T13:12:00Z,KZ-TR-001,43.263,76.948,65265,0x00,0x00,0xa0,0x02
2026-06-04T13:12:00Z,KZ-TR-001,43.263,76.948,65266,0x00,0xd4,0x03,0x00
2026-06-04T13:12:00Z,KZ-TR-001,43.263,76.948,65280,0xc8,0x32,0x00,0x00
2026-06-04T13:13:00Z,KZ-TR-001,43.263,76.943,65265,0x00,0x00,0xa0,0x02
2026-06-04T13:13:00Z,KZ-TR-001,43.263,76.943,65266,0x00,0xd4,0x03,0x00
2026-06-04T13:13:00Z,KZ-TR-001,43.263,76.943,65280,0xc8,0x32,0x00,0x00
2026-06-04T13:14:00Z,KZ-TR-001,43.259,76.944,65265,0x00,0x00,0xa0,0x02
2026-06-04T13:14:00Z,KZ-TR-001,43.259,76.944,65266,0x00,0xd4,0x03,0x00
2026-06-04T13:14:00Z,KZ-TR-001,43.259,76.944,65280,0xc8,0x32,0x00,0x00
2026-06-04T13:15:00Z,KZ-TR-001,43.261,76.940,65265,0x00,0x00,0xa0,0x02
2026-06-04T13:15:00Z,KZ-TR-001,43.261,76.940,65266,0x00,0xd4,0x03,0x00
2026-06-04T13:15:00Z,KZ-TR-001,43.261,76.940,65280,0xc8,0x32,0x00,0x00
2026-06-04T13:16:00Z,KZ-TR-001,43.264,76.946,65265,0x00,0x00,0xa0,0x02
2026-06-04T13:16:00Z,KZ-TR-001,43.264,76.946,65266,0x00,0xd4,0x03,0x00
2026-06-04T13:16:00Z,KZ-TR-001,43.264,76.946,65280,0xc8,0x32,0x00,0x00
2026-06-04T13:17:00Z,KZ-TR-001,43.262,76.942,65265,0x00,0x00,0xa0,0x02
2026-06-04T13:17:00Z,KZ-TR-001,43.262,76.942,65266,0x00,0xd4,0x03,0x00
2026-06-04T13:17:00Z,KZ-TR-001,43.262,76.942,65280,0xc8,0x32,0x00,0x00
2026-06-04T13:18:00Z,KZ-TR-001,43.259,76.941,65265,0x00,0x00,0xa0,0x02
2026-06-04T13:18:00Z,KZ-TR-001,43.259,76.941,65266,0x00,0xd4,0x03,0x00
2026-06-04T13:18:00Z,KZ-TR-001,43.259,76.941,65280,0xc8,0x32,0x00,0x00
2026-06-04T13:19:00Z,KZ-TR-001,43.260,76.947,65265,0x00,0x00,0xa0,0x02
2026-06-04T13:19:00Z,KZ-TR-001,43.260,76.947,65266,0x00,0xd4,0x03,0x00
2026-06-04T13:19:00Z,KZ-TR-001,43.260,76.947,65280,0xc8,0x32,0x00,0x00
2026-06-04T13:20:00Z,KZ-TR-001,43.257,76.942,65265,0x00,0x00,0xa0,0x02
2026-06-04T13:20:00Z,KZ-TR-001,43.257,76.942,65266,0x00,0xd4,0x03,0x00
2026-06-04T13:20:00Z,KZ-TR-001,43.257,76.942,65280,0xc8,0x32,0x00,0x00
2026-06-04T13:21:00Z,KZ-TR-001,43.259,76.946,65265,0x00,0x00,0xa0,0x02
2026-06-04T13:21:00Z,KZ-TR-001,43.259,76.946,65266,0x00,0xd4,0x03,0x00
2026-06-04T13:21:00Z,KZ-TR-001,43.259,76.946,65280,0xc8,0x32,0x00,0x00
2026-06-04T13:22:00Z,KZ-TR-001,43.262,76.942,65265,0x00,0x00,0xa0,0x02
2026-06-04T13:22:00Z,KZ-TR-001,43.262,76.942,65266,0x00,0xd4,0x03,0x00
2026-06-04T13:22:00Z,KZ-TR-001,43.262,76.942,65280,0xc8,0x32,0x00,0x00
2026-06-04T13:23:00Z,KZ-TR-001,43.260,76.947,65265,0x00,0x00,0xa0,0x02
2026-06-04T13:23:00Z,KZ-TR-001,43.260,76.947,65266,0x00,0xd4,0x03,0x00
2026-06-04T13:23:00Z,KZ-TR-001,43.260,76.947,65280,0xc8,0x32,0x00,0x00
2026-06-04T13:24:00Z,KZ-TR-001,43.258,76.950,65265,0x00,0x00,0xa0,0x02
2026-06-04T13:24:00Z,KZ-TR-001,43.258,76.950,65266,0x00,0xd4,0x03,0x00
2026-06-04T13:24:00Z,KZ-TR-001,43.258,76.950,65280,0xc8,0x32,0x00,0x00
2026-06-04T13:25:00Z,KZ-TR-001,43.264,76.940,65265,0x00,0x00,0xa0,0x02
2026-06-04T13:25:00Z,KZ-TR-001,43.264,76.940,65266,0x00,0xd4,0x03,0x00
2026-06-04T13:25:00Z,KZ-TR-001,43.264,76.940,65280,0xc8,0x32,0x00,0x00
2026-06-04T13:26:00Z,KZ-TR-001,43.260,76.949,65265,0x00,0x00,0xa0,0x02
2026-06-04T13:26:00Z,KZ-TR-001,43.260,76.949,65266,0x00,0xd4,0x03,0x00
2026-06-04T13:26:00Z,KZ-TR-001,43.260,76.949,65280,0xc8,0x32,0x00,0x00
2026-06-04T13:27:00Z,KZ-TR-001,43.257,76.942,65265,0x00,0x00,0xa0,0x02
2026-06-04T13:27:00Z,KZ-TR-001,43.257,76.942,65266,0x00,0xd4,0x03,0x00
2026-06-04T13:27:00Z,KZ-TR-001,43.257,76.942,65280,0xc8,0x32,0x00,0x00
2026-06-04T13:28:00Z,KZ-TR-001,43.262,76.941,65265,0x00,0x00,0xa0,0x02
2026-06-04T13:28:00Z,KZ-TR-001,43.262,76.941,65266,0x00,0xd4,0x03,0x00
2026-06-04T13:28:00Z,KZ-TR-001,43.262,76.941,65280,0xc8,0x32,0x00,0x00
2026-06-04T13:29:00Z,KZ-TR-001,43.260,76.949,65265,0x00,0x00,0xa0,0x02
2026-06-04T13:29:00Z,KZ-TR-001,43.260,76.949,65266,0x00,0xd4,0x03,0x00
2026-06-04T13:29:00Z,KZ-TR-001,43.260,76.949,65280,0xc8,0x32,0x00,0x00
2026-06-04T13:30:00Z,KZ-TR-001,43.261,76.946,65265,0x00,0x00,0xa0,0x02
2026-06-04T13:30:00Z,KZ-TR-001,43.261,76.946,65266,0x00,0xd4,0x03,0x00
2026-06-04T13:30:00Z,KZ-TR-001,43.261,76.946,65280,0xc8,0x32,0x00,0x00
2026-06-04T13:31:00Z,KZ-TR-001,43.263,76.941,65265,0x00,0x00,0xa0,0x02
2026-06-04T13:31:00Z,KZ-TR-001,43.263,76.941,65266,0x00,0xd4,0x03,0x00
2026-06-04T13:31:00Z,KZ-TR-001,43.263,76.941,65280,0xc8,0x32,0x00,0x00
2026-06-04T13:32:00Z,KZ-TR-001,43.262,76.945,65265,0x00,0x00,0xa0,0x02
2026-06-04T13:32:00Z,KZ-TR-001,43.262,76.945,65266,0x00,0xd4,0x03,0x00
2026-06-04T13:32:00Z,KZ-TR-001,43.262,76.945,65280,0xc8,0x32,0x00,0x00
2026-06-04T13:33:00Z,KZ-TR-001,43.265,76.950,65265,0x00,0x00,0xa0,0x02
2026-06-04T13:33:00Z,KZ-TR-001,43.265,76.950,65266,0x00,0xd4,0x03,0x00
2026-06-04T13:33:00Z,KZ-TR-001,43.265,76.950,65280,0xc8,0x32,0x00,0x00
2026-06-04T13:34:00Z,KZ-TR-001,43.258,76.945,65265,0x00,0x00,0xa0,0x02
2026-06-04T13:34:00Z,KZ-TR-001,43.258,76.945,65266,0x00,0xd4,0x03,0x00
2026-06-04T13:34:00Z,KZ-TR-001,43.258,76.945,65280,0xc8,0x32,0x00,0x00
2026-06-04T13:35:00Z,KZ-TR-001,43.261,76.944,65265,0x00,0x00,0xa0,0x02
2026-06-04T13:35:00Z,KZ-TR-001,43.261,76.944,65266,0x00,0xd4,0x03,0x00
2026-06-04T13:35:00Z,KZ-TR-001,43.261,76.944,65280,0xc8,0x32,0x00,0x00
2026-06-04T13:36:00Z,KZ-TR-001,43.261,76.941,65265,0x00,0x00,0xa0,0x02
2026-06-04T13:36:00Z,KZ-TR-001,43.261,76.941,65266,0x00,0xd4,0x03,0x00
2026-06-04T13:36:00Z,KZ-TR-001,43.261,76.941,65280,0xc8,0x32,0x00,0x00
2026-06-04T13:37:00Z,KZ-TR-001,43.263,76.948,65265,0x00,0x00,0xa0,0x02
2026-06-04T13:37:00Z,KZ-TR-001,43.263,76.948,65266,0x00,0xd4,0x03,0x00
2026-06-04T13:37:00Z,KZ-TR-001,43.263,76.948,65280,0xc8,0x32,0x00,0x00
2026-06-04T13:38:00Z,KZ-TR-001,43.264,76.945,65265,0x00,0x00,0xa0,0x02
2026-06-04T13:38:00Z,KZ-TR-001,43.264,76.945,65266,0x00,0xd4,0x03,0x00
2026-06-04T13:38:00Z,KZ-TR-001,43.264,76.945,65280,0xc8,0x32,0x00,0x00
2026-06-04T13:39:00Z,KZ-TR-001,43.262,76.948,65265,0x00,0x00,0xa0,0x02
2026-06-04T13:39:00Z,KZ-TR-001,43.262,76.948,65266,0x00,0xd4,0x03,0x00
2026-06-04T13:39:00Z,KZ-TR-001,43.262,76.948,65280,0xc8,0x32,0x00,0x00
2026-06-04T13:40:00Z,KZ-TR-001,43.258,76.942,65265,0x00,0x00,0xa0,0x02
2026-06-04T13:40:00Z,KZ-TR-001,43.258,76.942,65266,0x00,0xd4,0x03,0x00
2026-06-04T13:40:00Z,KZ-TR-001,43.258,76.942,65280,0xc8,0x32,0x00,0x00
2026-06-04T13:41:00Z,KZ-TR-001,43.260,76.948,65265,0x00,0x00,0xa0,0x02
2026-06-04T13:41:00Z,KZ-TR-001,43.260,76.948,65266,0x00,0xd4,0x03,0x00
2026-06-04T13:41:00Z,KZ-TR-001,43.260,76.948,65280,0xc8,0x32,0x00,0x00
2026-06-04T13:42:00Z,KZ-TR-001,43.255,76.941,65265,0x00,0x00,0xa0,0x02
2026-06-04T13:42:00Z,KZ-TR-001,43.255,76.941,65266,0x00,0xd4,0x03,0x00
2026-06-04T13:42:00Z,KZ-TR-001,43.255,76.941,65280,0xc8,0x32,0x00,0x00
2026-06-04T13:43:00Z,KZ-TR-001,43.259,76.947,65265,0x00,0x00,0xa0,0x02
2026-06-04T13:43:00Z,KZ-TR-001,43.259,76.947,65266,0x00,0xd4,0x03,0x00
2026-06-04T13:43:00Z,KZ-TR-001,43.259,76.947,65280,0xc8,0x32,0x00,0x00
2026-06-04T13:44:00Z,KZ-TR-001,43.260,76.949,65265,0x00,0x00,0xa0,0x02
2026-06-04T13:44:00Z,KZ-TR-001,43.260,76.949,65266,0x00,0xd4,0x03,0x00
2026-06-04T13:44:00Z,KZ-TR-001,43.260,76.949,65280,0xc8,0x32,0x00,0x00
2026-06-04T13:45:00Z,KZ-TR-001,43.261,76.943,65265,0x00,0x00,0xa0,0x02
2026-06-04T13:45:00Z,KZ-TR-001,43.261,76.943,65266,0x00,0xd4,0x03,0x00
2026-06-04T13:45:00Z,KZ-TR-001,43.261,76.943,65280,0xc8,0x32,0x00,0x00
2026-06-04T13:46:00Z,KZ-TR-001,43.263,76.948,65265,0x00,0x00,0xa0,0x02
2026-06-04T13:46:00Z,KZ-TR-001,43.263,76.948,65266,0x00,0xd4,0x03,0x00
2026-06-04T13:46:00Z,KZ-TR-001,43.263,76.948,65280,0xc8,0x32,0x00,0x00
2026-06-04T13:47:00Z,KZ-TR-001,43.265,76.943,65265,0x00,0x00,0xa0,0x02
2026-06-04T13:47:00Z,KZ-TR-001,43.265,76.943,65266,0x00,0xd4,0x03,0x00
2026-06-04T13:47:00Z,KZ-TR-001,43.265,76.943,65280,0xc8,0x32,0x00,0x00
2026-06-04T13:48:00Z,KZ-TR-001,43.261,76.941,65265,0x00,0x00,0xa0,0x02
2026-06-04T13:48:00Z,KZ-TR-001,43.261,76.941,65266,0x00,0xd4,0x03,0x00
2026-06-04T13:48:00Z,KZ-TR-001,43.261,76.941,65280,0xc8,0x32,0x00,0x00
2026-06-04T13:49:00Z,KZ-TR-001,43.261,76.946,65265,0x00,0x00,0xa0,0x02
2026-06-04T13:49:00Z,KZ-TR-001,43.261,76.946,65266,0x00,0xd4,0x03,0x00
2026-06-04T13:49:00Z,KZ-TR-001,43.261,76.946,65280,0xc8,0x32,0x00,0x00
2026-06-04T13:50:00Z,KZ-TR-001,43.264,76.943,65265,0x00,0x00,0xa0,0x02
2026-06-04T13:50:00Z,KZ-TR-001,43.264,76.943,65266,0x00,0xd4,0x03,0x00
2026-06-04T13:50:00Z,KZ-TR-001,43.264,76.943,65280,0xc8,0x32,0x00,0x00
2026-06-04T13:51:00Z,KZ-TR-001,43.264,76.947,65265,0x00,0x00,0xa0,0x02
2026-06-04T13:51:00Z,KZ-TR-001,43.264,76.947,65266,0x00,0xd4,0x03,0x00
2026-06-04T13:51:00Z,KZ-TR-001,43.264,76.947,65280,0xc8,0x32,0x00,0x00
2026-06-04T13:52:00Z,KZ-TR-001,43.262,76.942,65265,0x00,0x00,0xa0,0x02
2026-06-04T13:52:00Z,KZ-TR-001,43.262,76.942,65266,0x00,0xd4,0x03,0x00
2026-06-04T13:52:00Z,KZ-TR-001,43.262,76.942,65280,0xc8,0x32,0x00,0x00
2026-06-04T13:53:00Z,KZ-TR-001,43.263,76.946,65265,0x00,0x00,0xa0,0x02
2026-06-04T13:53:00Z,KZ-TR-001,43.263,76.946,65266,0x00,0xd4,0x03,0x00
2026-06-04T13:53:00Z,KZ-TR-001,43.263,76.946,65280,0xc8,0x32,0x00,0x00
2026-06-04T13:54:00Z,KZ-TR-001,43.257,76.949,65265,0x00,0x00,0xa0,0x02
2026-06-04T13:54:00Z,KZ-TR-001,43.257,76.949,65266,0x00,0xd4,0x03,0x00
2026-06-04T13:54:00Z,KZ-TR-001,43.257,76.949,65280,0xc8,0x32,0x00,0x00
2026-06-04T13:55:00Z,KZ-TR-001,43.262,76.949,65265,0x00,0x00,0xa0,0x02
2026-06-04T13:55:00Z,KZ-TR-001,43.262,76.949,65266,0x00,0xd4,0x03,0x00
2026-06-04T13:55:00Z,KZ-TR-001,43.262,76.949,65280,0xc8,0x32,0x00,0x00
2026-06-04T13:56:00Z,KZ-TR-001,43.260,76.944,65265,0x00,0x00,0xa0,0x02
2026-06-04T13:56:00Z,KZ-TR-001,43.260,76.944,65266,0x00,0xd4,0x03,0x00
2026-06-04T13:56:00Z,KZ-TR-001,43.260,76.944,65280,0xc8,0x32,0x00,0x00
2026-06-04T13:57:00Z,KZ-TR-001,43.263,76.943,65265,0x00,0x00,0xa0,0x02
2026-06-04T13:57:00Z,KZ-TR-001,43.263,76.943,65266,0x00,0xd4,0x03,0x00
2026-06-04T13:57:00Z,KZ-TR-001,43.263,76.943,65280,0xc8,0x32,0x00,0x00
2026-06-04T13:58:00Z,KZ-TR-001,43.259,76.940,65265,0x00,0x00,0xa0,0x02
2026-06-04T13:58:00Z,KZ-TR-001,43.259,76.940,65266,0x00,0xd4,0x03,0x00
2026-06-04T13:58:00Z,KZ-TR-001,43.259,76.940,65280,0xc8,0x32,0x00,0x00
2026-06-04T13:59:00Z,KZ-TR-001,43.257,76.942,65265,0x00,0x00,0xa0,0x02
2026-06-04T13:59:00Z,KZ-TR-001,43.257,76.942,65266,0x00,0xd4,0x03,0x00
2026-06-04T13:59:00Z,KZ-TR-001,43.257,76.942,65280,0xc8,0x32,0x00,0x00
2026-06-04T14:00:00Z,KZ-TR-001,43.263,76.949,65265,0x00,0x00,0xa0,0x02
2026-06-04T14:00:00Z,KZ-TR-001,43.263,76.949,65266,0x00,0xd4,0x03,0x00
2026-06-04T14:00:00Z,KZ-TR-001,43.263,76.949,65280,0xc8,0x32,0x00,0x00
2026-06-04T14:01:00Z,KZ-TR-001,43.259,76.945,65265,0x00,0x00,0xa0,0x02
2026-06-04T14:01:00Z,KZ-TR-001,43.259,76.945,65266,0x00,0xd4,0x03,0x00
2026-06-04T14:01:00Z,KZ-TR-001,43.259,76.945,65280,0xc8,0x32,0x00,0x00
2026-06-04T14:02:00Z,KZ-TR-001,43.264,76.947,65265,0x00,0x00,0xa0,0x02
2026-06-04T14:02:00Z,KZ-TR-001,43.264,76.947,65266,0x00,0xd4,0x03,0x00
2026-06-04T14:02:00Z,KZ-TR-001,43.264,76.947,65280,0xc8,0x32,0x00,0x00
2026-06-04T14:03:00Z,KZ-TR-001,43.256,76.940,65265,0x00,0x00,0xa0,0x02
2026-06-04T14:03:00Z,KZ-TR-001,43.256,76.940,65266,0x00,0xd4,0x03,0x00
2026-06-04T14:03:00Z,KZ-TR-001,43.256,76.940,65280,0xc8,0x32,0x00,0x00
2026-06-04T14:04:00Z,KZ-TR-001,43.260,76.948,65265,0x00,0x00,0xa0,0x02
2026-06-04T14:04:00Z,KZ-TR-001,43.260,76.948,65266,0x00,0xd4,0x03,0x00
2026-06-04T14:04:00Z,KZ-TR-001,43.260,76.948,65280,0xc8,0x32,0x00,0x00
2026-06-04T14:05:00Z,KZ-TR-001,43.260,76.950,65265,0x00,0x00,0xa0,0x02
2026-06-04T14:05:00Z,KZ-TR-001,43.260,76.950,65266,0x00,0xd4,0x03,0x00
2026-06-04T14:05:00Z,KZ-TR-001,43.260,76.950,65280,0xc8,0x32,0x00,0x00
2026-06-04T14:06:00Z,KZ-TR-001,43.263,76.940,65265,0x00,0x00,0xa0,0x02
2026-06-04T14:06:00Z,KZ-TR-001,43.263,76.940,65266,0x00,0xd4,0x03,0x00
2026-06-04T14:06:00Z,KZ-TR-001,43.263,76.940,65280,0xc8,0x32,0x00,0x00
2026-06-04T14:07:00Z,KZ-TR-001,43.258,76.948,65265,0x00,0x00,0xa0,0x02
2026-06-04T14:07:00Z,KZ-TR-001,43.258,76.948,65266,0x00,0xd4,0x03,0x00
2026-06-04T14:07:00Z,KZ-TR-001,43.258,76.948,65280,0xc8,0x32,0x00,0x00
2026-06-04T14:08:00Z,KZ-TR-001,43.262,76.947,65265,0x00,0x00,0xa0,0x02
2026-06-04T14:08:00Z,KZ-TR-001,43.262,76.947,65266,0x00,0xd4,0x03,0x00
2026-06-04T14:08:00Z,KZ-TR-001,43.262,76.947,65280,0xc8,0x32,0x00,0x00
2026-06-04T14:09:00Z,KZ-TR-001,43.260,76.945,65265,0x00,0x00,0xa0,0x02
2026-06-04T14:09:00Z,KZ-TR-001,43.260,76.945,65266,0x00,0xd4,0x03,0x00
2026-06-04T14:09:00Z,KZ-TR-001,43.260,76.945,65280,0xc8,0x32,0x00,0x00
2026-06-04T14:10:00Z,KZ-TR-001,43.264,76.950,65265,0x00,0x00,0xa0,0x02
2026-06-04T14:10:00Z,KZ-TR-001,43.264,76.950,65266,0x00,0xd4,0x03,0x00
2026-06-04T14:10:00Z,KZ-TR-001,43.264,76.950,65280,0xc8,0x32,0x00,0x00
2026-06-04T14:11:00Z,KZ-TR-001,43.260,76.944,65265,0x00,0x00,0xa0,0x02
2026-06-04T14:11:00Z,KZ-TR-001,43.260,76.944,65266,0x00,0xd4,0x03,0x00
2026-06-04T14:11:00Z,KZ-TR-001,43.260,76.944,65280,0xc8,0x32,0x00,0x00
2026-06-04T14:12:00Z,KZ-TR-001,43.256,76.942,65265,0x00,0x00,0xa0,0x02
2026-06-04T14:12:00Z,KZ-TR-001,43.256,76.942,65266,0x00,0xd4,0x03,0x00
2026-06-04T14:12:00Z,KZ-TR-001,43.256,76.942,65280,0xc8,0x32,0x00,0x00
2026-06-04T14:13:00Z,KZ-TR-001,43.262,76.941,65265,0x00,0x00,0xa0,0x02
2026-06-04T14:13:00Z,KZ-TR-001,43.262,76.941,65266,0x00,0xd4,0x03,0x00
2026-06-04T14:13:00Z,KZ-TR-001,43.262,76.941,65280,0xc8,0x32,0x00,0x00
2026-06-04T14:14:00Z,KZ-TR-001,43.259,76.947,65265,0x00,0x00,0xa0,0x02
2026-06-04T14:14:00Z,KZ-TR-001,43.259,76.947,65266,0x00,0xd4,0x03,0x00
2026-06-04T14:14:00Z,KZ-TR-001,43.259,76.947,65280,0xc8,0x32,0x00,0x00
2026-06-04T14:15:00Z,KZ-TR-001,43.260,76.941,65265,0x00,0x00,0xa0,0x02
2026-06-04T14:15:00Z,KZ-TR-001,43.260,76.941,65266,0x00,0xd4,0x03,0x00
2026-06-04T14:15:00Z,KZ-TR-001,43.260,76.941,65280,0xc8,0x32,0x00,0x00
2026-06-04T14:16:00Z,KZ-TR-001,43.257,76.947,65265,0x00,0x00,0xa0,0x02
2026-06-04T14:16:00Z,KZ-TR-001,43.257,76.947,65266,0x00,0xd4,0x03,0x00
2026-06-04T14:16:00Z,KZ-TR-001,43.257,76.947,65280,0xc8,0x32,0x00,0x00
2026-06-04T14:17:00Z,KZ-TR-001,43.260,76.949,65265,0x00,0x00,0xa0,0x02
2026-06-04T14:17:00Z,KZ-TR-001,43.260,76.949,65266,0x00,0xd4,0x03,0x00
2026-06-04T14:17:00Z,KZ-TR-001,43.260,76.949,65280,0xc8,0x32,0x00,0x00
2026-06-04T14:18:00Z,KZ-TR-001,43.264,76.949,65265,0x00,0x00,0xa0,0x02
2026-06-04T14:18:00Z,KZ-TR-001,43.264,76.949,65266,0x00,0xd4,0x03,0x00
2026-06-04T14:18:00Z,KZ-TR-001,43.264,76.949,65280,0xc8,0x32,0x00,0x00
2026-06-04T14:19:00Z,KZ-TR-001,43.258,76.940,65265,0x00,0x00,0xa0,0x02
2026-06-04T14:19:00Z,KZ-TR-001,43.258,76.940,65266,0x00,0xd4,0x03,0x00
2026-06-04T14:19:00Z,KZ-TR-001,43.258,76.940,65280,0xc8,0x32,0x00,0x00
2026-06-04T14:20:00Z,KZ-TR-001,43.264,76.948,65265,0x00,0x00,0xa0,0x02
2026-06-04T14:20:00Z,KZ-TR-001,43.264,76.948,65266,0x00,0xd4,0x03,0x00
2026-06-04T14:20:00Z,KZ-TR-001,43.264,76.948,65280,0xc8,0x32,0x00,0x00
2026-06-04T14:21:00Z,KZ-TR-001,43.265,76.948,65265,0x00,0x00,0xa0,0x02
2026-06-04T14:21:00Z,KZ-TR-001,43.265,76.948,65266,0x00,0xd4,0x03,0x00
2026-06-04T14:21:00Z,KZ-TR-001,43.265,76.948,65280,0xc8,0x32,0x00,0x00
2026-06-04T14:22:00Z,KZ-TR-001,43.258,76.949,65265,0x00,0x00,0xa0,0x02
2026-06-04T14:22:00Z,KZ-TR-001,43.258,76.949,65266,0x00,0xd4,0x03,0x00
2026-06-04T14:22:00Z,KZ-TR-001,43.258,76.949,65280,0xc8,0x32,0x00,0x00
2026-06-04T14:23:00Z,KZ-TR-001,43.265,76.947,65265,0x00,0x00,0xa0,0x02
2026-06-04T14:23:00Z,KZ-TR-001,43.265,76.947,65266,0x00,0xd4,0x03,0x00
2026-06-04T14:23:00Z,KZ-TR-001,43.265,76.947,65280,0xc8,0x32,0x00,0x00
2026-06-04T14:24:00Z,KZ-TR-001,43.256,76.948,65265,0x00,0x00,0xa0,0x02
2026-06-04T14:24:00Z,KZ-TR-001,43.256,76.948,65266,0x00,0xd4,0x03,0x00
2026-06-04T14:24:00Z,KZ-TR-001,43.256,76.948,65280,0xc8,0x32,0x00,0x00
2026-06-04T14:25:00Z,KZ-TR-001,43.264,76.948,65265,0x00,0x00,0xa0,0x02
2026-06-04T14:25:00Z,KZ-TR-001,43.264,76.948,65266,0x00,0xd4,0x03,0x00
2026-06-04T14:25:00Z,KZ-TR-001,43.264,76.948,65280,0xc8,0x32,0x00,0x00
2026-06-04T14:26:00Z,KZ-TR-001,43.259,76.945,65265,0x00,0x00,0xa0,0x02
2026-06-04T14:26:00Z,KZ-TR-001,43.259,76.945,65266,0x00,0xd4,0x03,0x00
2026-06-04T14:26:00Z,KZ-TR-001,43.259,76.945,65280,0xc8,0x32,0x00,0x00
2026-06-04T14:27:00Z,KZ-TR-001,43.262,76.940,65265,0x00,0x00,0xa0,0x02
2026-06-04T14:27:00Z,KZ-TR-001,43.262,76.940,65266,0x00,0xd4,0x03,0x00
2026-06-04T14:27:00Z,KZ-TR-001,43.262,76.940,65280,0xc8,0x32,0x00,0x00
2026-06-04T14:28:00Z,KZ-TR-001,43.259,76.941,65265,0x00,0x00,0xa0,0x02
2026-06-04T14:28:00Z,KZ-TR-001,43.259,76.941,65266,0x00,0xd4,0x03,0x00
2026-06-04T14:28:00Z,KZ-TR-001,43.259,76.941,65280,0xc8,0x32,0x00,0x00
2026-06-04T14:29:00Z,KZ-TR-001,43.261,76.949,65265,0x00,0x00,0xa0,0x02
2026-06-04T14:29:00Z,KZ-TR-001,43.261,76.949,65266,0x00,0xd4,0x03,0x00
2026-06-04T14:29:00Z,KZ-TR-001,43.261,76.949,65280,0xc8,0x32,0x00,0x00
2026-06-04T14:30:00Z,KZ-TR-001,43.264,76.947,65265,0x00,0x00,0xa0,0x02
2026-06-04T14:30:00Z,KZ-TR-001,43.264,76.947,65266,0x00,0xd4,0x03,0x00
2026-06-04T14:30:00Z,KZ-TR-001,43.264,76.947,65280,0xc8,0x32,0x00,0x00
2026-06-04T14:31:00Z,KZ-TR-001,43.260,76.949,65265,0x00,0x00,0xa0,0x02
2026-06-04T14:31:00Z,KZ-TR-001,43.260,76.949,65266,0x00,0xd4,0x03,0x00
2026-06-04T14:31:00Z,KZ-TR-001,43.260,76.949,65280,0xc8,0x32,0x00,0x00
2026-06-04T14:32:00Z,KZ-TR-001,43.262,76.941,65265,0x00,0x00,0xa0,0x02
2026-06-04T14:32:00Z,KZ-TR-001,43.262,76.941,65266,0x00,0xd4,0x03,0x00
2026-06-04T14:32:00Z,KZ-TR-001,43.262,76.941,65280,0xc8,0x32,0x00,0x00
2026-06-04T14:33:00Z,KZ-TR-001,43.262,76.947,65265,0x00,0x00,0xa0,0x02
2026-06-04T14:33:00Z,KZ-TR-001,43.262,76.947,65266,0x00,0xd4,0x03,0x00
2026-06-04T14:33:00Z,KZ-TR-001,43.262,76.947,65280,0xc8,0x32,0x00,0x00
2026-06-04T14:34:00Z,KZ-TR-001,43.264,76.948,65265,0x00,0x00,0xa0,0x02
2026-06-04T14:34:00Z,KZ-TR-001,43.264,76.948,65266,0x00,0xd4,0x03,0x00
2026-06-04T14:34:00Z,KZ-TR-001,43.264,76.948,65280,0xc8,0x32,0x00,0x00
2026-06-04T14:35:00Z,KZ-TR-001,43.260,76.941,65265,0x00,0x00,0xa0,0x02
2026-06-04T14:35:00Z,KZ-TR-001,43.260,76.941,65266,0x00,0xd4,0x03,0x00
2026-06-04T14:35:00Z,KZ-TR-001,43.260,76.941,65280,0xc8,0x32,0x00,0x00
2026-06-04T14:36:00Z,KZ-TR-001,43.256,76.948,65265,0x00,0x00,0xa0,0x02
2026-06-04T14:36:00Z,KZ-TR-001,43.256,76.948,65266,0x00,0xd4,0x03,0x00
2026-06-04T14:36:00Z,KZ-TR-001,43.256,76.948,65280,0xc8,0x32,0x00,0x00
2026-06-04T14:37:00Z,KZ-TR-001,43.256,76.949,65265,0x00,0x00,0xa0,0x02
2026-06-04T14:37:00Z,KZ-TR-001,43.256,76.949,65266,0x00,0xd4,0x03,0x00
2026-06-04T14:37:00Z,KZ-TR-001,43.256,76.949,65280,0xc8,0x32,0x00,0x00
2026-06-04T14:38:00Z,KZ-TR-001,43.259,76.945,65265,0x00,0x00,0xa0,0x02
2026-06-04T14:38:00Z,KZ-TR-001,43.259,76.945,65266,0x00,0xd4,0x03,0x00
2026-06-04T14:38:00Z,KZ-TR-001,43.259,76.945,65280,0xc8,0x32,0x00,0x00
2026-06-04T14:39:00Z,KZ-TR-001,43.265,76.941,65265,0x00,0x00,0xa0,0x02
2026-06-04T14:39:00Z,KZ-TR-001,43.265,76.941,65266,0x00,0xd4,0x03,0x00
2026-06-04T14:39:00Z,KZ-TR-001,43.265,76.941,65280,0xc8,0x32,0x00,0x00
2026-06-04T14:40:00Z,KZ-TR-001,43.263,76.943,65265,0x00,0x00,0xa0,0x02
2026-06-04T14:40:00Z,KZ-TR-001,43.263,76.943,65266,0x00,0xd4,0x03,0x00
2026-06-04T14:40:00Z,KZ-TR-001,43.263,76.943,65280,0xc8,0x32,0x00,0x00
2026-06-04T14:41:00Z,KZ-TR-001,43.257,76.948,65265,0x00,0x00,0xa0,0x02
2026-06-04T14:41:00Z,KZ-TR-001,43.257,76.948,65266,0x00,0xd4,0x03,0x00
2026-06-04T14:41:00Z,KZ-TR-001,43.257,76.948,65280,0xc8,0x32,0x00,0x00
2026-06-04T14:42:00Z,KZ-TR-001,43.255,76.948,65265,0x00,0x00,0xa0,0x02
2026-06-04T14:42:00Z,KZ-TR-001,43.255,76.948,65266,0x00,0xd4,0x03,0x00
2026-06-04T14:42:00Z,KZ-TR-001,43.255,76.948,65280,0xc8,0x32,0x00,0x00
2026-06-04T14:43:00Z,KZ-TR-001,43.257,76.946,65265,0x00,0x00,0xa0,0x02
2026-06-04T14:43:00Z,KZ-TR-001,43.257,76.946,65266,0x00,0xd4,0x03,0x00
2026-06-04T14:43:00Z,KZ-TR-001,43.257,76.946,65280,0xc8,0x32,0x00,0x00
2026-06-04T14:44:00Z,KZ-TR-001,43.261,76.942,65265,0x00,0x00,0xa0,0x02
2026-06-04T14:44:00Z,KZ-TR-001,43.261,76.942,65266,0x00,0xd4,0x03,0x00
2026-06-04T14:44:00Z,KZ-TR-001,43.261,76.942,65280,0xc8,0x32,0x00,0x00
2026-06-04T14:45:00Z,KZ-TR-001,43.261,76.944,65265,0x00,0x00,0xa0,0x02
2026-06-04T14:45:00Z,KZ-TR-001,43.261,76.944,65266,0x00,0xd4,0x03,0x00
2026-06-04T14:45:00Z,KZ-TR-001,43.261,76.944,65280,0xc8,0x32,0x00,0x00
2026-06-04T14:46:00Z,KZ-TR-001,43.255,76.945,65265,0x00,0x00,0xa0,0x02
2026-06-04T14:46:00Z,KZ-TR-001,43.255,76.945,65266,0x00,0xd4,0x03,0x00
2026-06-04T14:46:00Z,KZ-TR-001,43.255,76.945,65280,0xc8,0x32,0x00,0x00
2026-06-04T14:47:00Z,KZ-TR-001,43.256,76.944,65265,0x00,0x00,0xa0,0x02
2026-06-04T14:47:00Z,KZ-TR-001,43.256,76.944,65266,0x00,0xd4,0x03,0x00
2026-06-04T14:47:00Z,KZ-TR-001,43.256,76.944,65280,0xc8,0x32,0x00,0x00
2026-06-04T14:48:00Z,KZ-TR-001,43.264,76.945,65265,0x00,0x00,0xa0,0x02
2026-06-04T14:48:00Z,KZ-TR-001,43.264,76.945,65266,0x00,0xd4,0x03,0x00
2026-06-04T14:48:00Z,KZ-TR-001,43.264,76.945,65280,0xc8,0x32,0x00,0x00
2026-06-04T14:49:00Z,KZ-TR-001,43.258,76.940,65265,0x00,0x00,0xa0,0x02
2026-06-04T14:49:00Z,KZ-TR-001,43.258,76.940,65266,0x00,0xd4,0x03,0x00
2026-06-04T14:49:00Z,KZ-TR-001,43.258,76.940,65280,0xc8,0x32,0x00,0x00
2026-06-04T14:50:00Z,KZ-TR-001,43.264,76.947,65265,0x00,0x00,0xa0,0x02
2026-06-04T14:50:00Z,KZ-TR-001,43.264,76.947,65266,0x00,0xd4,0x03,0x00
2026-06-04T14:50:00Z,KZ-TR-001,43.264,76.947,65280,0xc8,0x32,0x00,0x00
2026-06-04T14:51:00Z,KZ-TR-001,43.263,76.941,65265,0x00,0x00,0xa0,0x02
2026-06-04T14:51:00Z,KZ-TR-001,43.263,76.941,65266,0x00,0xd4,0x03,0x00
2026-06-04T14:51:00Z,KZ-TR-001,43.263,76.941,65280,0xc8,0x32,0x00,0x00
2026-06-04T14:52:00Z,KZ-TR-001,43.262,76.946,65265,0x00,0x00,0xa0,0x02
2026-06-04T14:52:00Z,KZ-TR-001,43.262,76.946,65266,0x00,0xd4,0x03,0x00
2026-06-04T14:52:00Z,KZ-TR-001,43.262,76.946,65280,0xc8,0x32,0x00,0x00
2026-06-04T14:53:00Z,KZ-TR-001,43.261,76.948,65265,0x00,0x00,0xa0,0x02
2026-06-04T14:53:00Z,KZ-TR-001,43.261,76.948,65266,0x00,0xd4,0x03,0x00
2026-06-04T14:53:00Z,KZ-TR-001,43.261,76.948,65280,0xc8,0x32,0x00,0x00
2026-06-04T14:54:00Z,KZ-TR-001,43.255,76.941,65265,0x00,0x00,0xa0,0x02
2026-06-04T14:54:00Z,KZ-TR-001,43.255,76.941,65266,0x00,0xd4,0x03,0x00
2026-06-04T14:54:00Z,KZ-TR-001,43.255,76.941,65280,0xc8,0x32,0x00,0x00
2026-06-04T14:55:00Z,KZ-TR-001,43.264,76.948,65265,0x00,0x00,0xa0,0x02
2026-06-04T14:55:00Z,KZ-TR-001,43.264,76.948,65266,0x00,0xd4,0x03,0x00
2026-06-04T14:55:00Z,KZ-TR-001,43.264,76.948,65280,0xc8,0x32,0x00,0x00
2026-06-04T14:56:00Z,KZ-TR-001,43.255,76.947,65265,0x00,0x00,0xa0,0x02
2026-06-04T14:56:00Z,KZ-TR-001,43.255,76.947,65266,0x00,0xd4,0x03,0x00
2026-06-04T14:56:00Z,KZ-TR-001,43.255,76.947,65280,0xc8,0x32,0x00,0x00
2026-06-04T14:57:00Z,KZ-TR-001,43.258,76.946,65265,0x00,0x00,0xa0,0x02
2026-06-04T14:57:00Z,KZ-TR-001,43.258,76.946,65266,0x00,0xd4,0x03,0x00
2026-06-04T14:57:00Z,KZ-TR-001,43.258,76.946,65280,0xc8,0x32,0x00,0x00
2026-06-04T14:58:00Z,KZ-TR-001,43.265,76.946,65265,0x00,0x00,0xa0,0x02
2026-06-04T14:58:00Z,KZ-TR-001,43.265,76.946,65266,0x00,0xd4,0x03,0x00
2026-06-04T14:58:00Z,KZ-TR-001,43.265,76.946,65280,0xc8,0x32,0x00,0x00
2026-06-04T14:59:00Z,KZ-TR-001,43.255,76.946,65265,0x00,0x00,0xa0,0x02
2026-06-04T14:59:00Z,KZ-TR-001,43.255,76.946,65266,0x00,0xd4,0x03,0x00
2026-06-04T14:59:00Z,KZ-TR-001,43.255,76.946,65280,0xc8,0x32,0x00,0x00
2026-06-04T15:00:00Z,KZ-TR-001,43.257,76.943,65265,0x00,0x00,0xa0,0x02
2026-06-04T15:00:00Z,KZ-TR-001,43.257,76.943,65266,0x00,0xd4,0x03,0x00
2026-06-04T15:00:00Z,KZ-TR-001,43.257,76.943,65280,0xc8,0x32,0x00,0x00
2026-06-04T15:01:00Z,KZ-TR-001,43.258,76.948,65265,0x00,0x00,0xa0,0x02
2026-06-04T15:01:00Z,KZ-TR-001,43.258,76.948,65266,0x00,0xd4,0x03,0x00
2026-06-04T15:01:00Z,KZ-TR-001,43.258,76.948,65280,0xc8,0x32,0x00,0x00
2026-06-04T15:02:00Z,KZ-TR-001,43.263,76.946,65265,0x00,0x00,0xa0,0x02
2026-06-04T15:02:00Z,KZ-TR-001,43.263,76.946,65266,0x00,0xd4,0x03,0x00
2026-06-04T15:02:00Z,KZ-TR-001,43.263,76.946,65280,0xc8,0x32,0x00,0x00
2026-06-04T15:03:00Z,KZ-TR-001,43.259,76.944,65265,0x00,0x00,0xa0,0x02
2026-06-04T15:03:00Z,KZ-TR-001,43.259,76.944,65266,0x00,0xd4,0x03,0x00
2026-06-04T15:03:00Z,KZ-TR-001,43.259,76.944,65280,0xc8,0x32,0x00,0x00
2026-06-04T15:04:00Z,KZ-TR-001,43.259,76.942,65265,0x00,0x00,0xa0,0x02
2026-06-04T15:04:00Z,KZ-TR-001,43.259,76.942,65266,0x00,0xd4,0x03,0x00
2026-06-04T15:04:00Z,KZ-TR-001,43.259,76.942,65280,0xc8,0x32,0x00,0x00
2026-06-04T15:05:00Z,KZ-TR-001,43.255,76.945,65265,0x00,0x00,0xa0,0x02
2026-06-04T15:05:00Z,KZ-TR-001,43.255,76.945,65266,0x00,0xd4,0x03,0x00
2026-06-04T15:05:00Z,KZ-TR-001,43.255,76.945,65280,0xc8,0x32,0x00,0x00
2026-06-04T15:06:00Z,KZ-TR-001,43.256,76.947,65265,0x00,0x00,0xa0,0x02
2026-06-04T15:06:00Z,KZ-TR-001,43.256,76.947,65266,0x00,0xd4,0x03,0x00
2026-06-04T15:06:00Z,KZ-TR-001,43.256,76.947,65280,0xc8,0x32,0x00,0x00
2026-06-04T15:07:00Z,KZ-TR-001,43.260,76.947,65265,0x00,0x00,0xa0,0x02
2026-06-04T15:07:00Z,KZ-TR-001,43.260,76.947,65266,0x00,0xd4,0x03,0x00
2026-06-04T15:07:00Z,KZ-TR-001,43.260,76.947,65280,0xc8,0x32,0x00,0x00
2026-06-04T15:08:00Z,KZ-TR-001,43.263,76.941,65265,0x00,0x00,0xa0,0x02
2026-06-04T15:08:00Z,KZ-TR-001,43.263,76.941,65266,0x00,0xd4,0x03,0x00
2026-06-04T15:08:00Z,KZ-TR-001,43.263,76.941,65280,0xc8,0x32,0x00,0x00
2026-06-04T15:09:00Z,KZ-TR-001,43.257,76.946,65265,0x00,0x00,0xa0,0x02
2026-06-04T15:09:00Z,KZ-TR-001,43.257,76.946,65266,0x00,0xd4,0x03,0x00
2026-06-04T15:09:00Z,KZ-TR-001,43.257,76.946,65280,0xc8,0x32,0x00,0x00
2026-06-04T15:10:00Z,KZ-TR-001,43.258,76.949,65265,0x00,0x00,0xa0,0x02
2026-06-04T15:10:00Z,KZ-TR-001,43.258,76.949,65266,0x00,0xd4,0x03,0x00
2026-06-04T15:10:00Z,KZ-TR-001,43.258,76.949,65280,0xc8,0x32,0x00,0x00
2026-06-04T15:11:00Z,KZ-TR-001,43.256,76.944,65265,0x00,0x00,0xa0,0x02
2026-06-04T15:11:00Z,KZ-TR-001,43.256,76.944,65266,0x00,0xd4,0x03,0x00
2026-06-04T15:11:00Z,KZ-TR-001,43.256,76.944,65280,0xc8,0x32,0x00,0x00
2026-06-04T15:12:00Z,KZ-TR-001,43.256,76.941,65265,0x00,0x00,0xa0,0x02
2026-06-04T15:12:00Z,KZ-TR-001,43.256,76.941,65266,0x00,0xd4,0x03,0x00
2026-06-04T15:12:00Z,KZ-TR-001,43.256,76.941,65280,0xc8,0x32,0x00,0x00
2026-06-04T15:13:00Z,KZ-TR-001,43.260,76.942,65265,0x00,0x00,0xa0,0x02
2026-06-04T15:13:00Z,KZ-TR-001,43.260,76.942,65266,0x00,0xd4,0x03,0x00
2026-06-04T15:13:00Z,KZ-TR-001,43.260,76.942,65280,0xc8,0x32,0x00,0x00
2026-06-04T15:14:00Z,KZ-TR-001,43.263,76.950,65265,0x00,0x00,0xa0,0x02
2026-06-04T15:14:00Z,KZ-TR-001,43.263,76.950,65266,0x00,0xd4,0x03,0x00
2026-06-04T15:14:00Z,KZ-TR-001,43.263,76.950,65280,0xc8,0x32,0x00,0x00
2026-06-04T15:15:00Z,KZ-TR-001,43.258,76.949,65265,0x00,0x00,0xa0,0x02
2026-06-04T15:15:00Z,KZ-TR-001,43.258,76.949,65266,0x00,0xd4,0x03,0x00
2026-06-04T15:15:00Z,KZ-TR-001,43.258,76.949,65280,0xc8,0x32,0x00,0x00
2026-06-04T15:16:00Z,KZ-TR-001,43.257,76.943,65265,0x00,0x00,0xa0,0x02
2026-06-04T15:16:00Z,KZ-TR-001,43.257,76.943,65266,0x00,0xd4,0x03,0x00
2026-06-04T15:16:00Z,KZ-TR-001,43.257,76.943,65280,0xc8,0x32,0x00,0x00
2026-06-04T15:17:00Z,KZ-TR-001,43.263,76.948,65265,0x00,0x00,0xa0,0x02
2026-06-04T15:17:00Z,KZ-TR-001,43.263,76.948,65266,0x00,0xd4,0x03,0x00
2026-06-04T15:17:00Z,KZ-TR-001,43.263,76.948,65280,0xc8,0x32,0x00,0x00
2026-06-04T15:18:00Z,KZ-TR-001,43.256,76.947,65265,0x00,0x00,0xa0,0x02
2026-06-04T15:18:00Z,KZ-TR-001,43.256,76.947,65266,0x00,0xd4,0x03,0x00
2026-06-04T15:18:00Z,KZ-TR-001,43.256,76.947,65280,0xc8,0x32,0x00,0x00
2026-06-04T15:19:00Z,KZ-TR-001,43.256,76.945,65265,0x00,0x00,0xa0,0x02
2026-06-04T15:19:00Z,KZ-TR-001,43.256,76.945,65266,0x00,0xd4,0x03,0x00
2026-06-04T15:19:00Z,KZ-TR-001,43.256,76.945,65280,0xc8,0x32,0x00,0x00
2026-06-04T15:20:00Z,KZ-TR-001,43.261,76.940,65265,0x00,0x00,0xa0,0x02
2026-06-04T15:20:00Z,KZ-TR-001,43.261,76.940,65266,0x00,0xd4,0x03,0x00
2026-06-04T15:20:00Z,KZ-TR-001,43.261,76.940,65280,0xc8,0x32,0x00,0x00
2026-06-04T15:21:00Z,KZ-TR-001,43.259,76.941,65265,0x00,0x00,0xa0,0x02
2026-06-04T15:21:00Z,KZ-TR-001,43.259,76.941,65266,0x00,0xd4,0x03,0x00
2026-06-04T15:21:00Z,KZ-TR-001,43.259,76.941,65280,0xc8,0x32,0x00,0x00
2026-06-04T15:22:00Z,KZ-TR-001,43.258,76.949,65265,0x00,0x00,0xa0,0x02
2026-06-04T15:22:00Z,KZ-TR-001,43.258,76.949,65266,0x00,0xd4,0x03,0x00
2026-06-04T15:22:00Z,KZ-TR-001,43.258,76.949,65280,0xc8,0x32,0x00,0x00
2026-06-04T15:23:00Z,KZ-TR-001,43.256,76.946,65265,0x00,0x00,0xa0,0x02
2026-06-04T15:23:00Z,KZ-TR-001,43.256,76.946,65266,0x00,0xd4,0x03,0x00
2026-06-04T15:23:00Z,KZ-TR-001,43.256,76.946,65280,0xc8,0x32,0x00,0x00
2026-06-04T15:24:00Z,KZ-TR-001,43.263,76.944,65265,0x00,0x00,0xa0,0x02
2026-06-04T15:24:00Z,KZ-TR-001,43.263,76.944,65266,0x00,0xd4,0x03,0x00
2026-06-04T15:24:00Z,KZ-TR-001,43.263,76.944,65280,0xc8,0x32,0x00,0x00
2026-06-04T15:25:00Z,KZ-TR-001,43.255,76.949,65265,0x00,0x00,0xa0,0x02
2026-06-04T15:25:00Z,KZ-TR-001,43.255,76.949,65266,0x00,0xd4,0x03,0x00
2026-06-04T15:25:00Z,KZ-TR-001,43.255,76.949,65280,0xc8,0x32,0x00,0x00
2026-06-04T15:26:00Z,KZ-TR-001,43.259,76.945,65265,0x00,0x00,0xa0,0x02
2026-06-04T15:26:00Z,KZ-TR-001,43.259,76.945,65266,0x00,0xd4,0x03,0x00
2026-06-04T15:26:00Z,KZ-TR-001,43.259,76.945,65280,0xc8,0x32,0x00,0x00
2026-06-04T15:27:00Z,KZ-TR-001,43.264,76.947,65265,0x00,0x00,0xa0,0x02
2026-06-04T15:27:00Z,KZ-TR-001,43.264,76.947,65266,0x00,0xd4,0x03,0x00
2026-06-04T15:27:00Z,KZ-TR-001,43.264,76.947,65280,0xc8,0x32,0x00,0x00
2026-06-04T15:28:00Z,KZ-TR-001,43.264,76.948,65265,0x00,0x00,0xa0,0x02
2026-06-04T15:28:00Z,KZ-TR-001,43.264,76.948,65266,0x00,0xd4,0x03,0x00
2026-06-04T15:28:00Z,KZ-TR-001,43.264,76.948,65280,0xc8,0x32,0x00,0x00
2026-06-04T15:29:00Z,KZ-TR-001,43.258,76.947,65265,0x00,0x00,0xa0,0x02
2026-06-04T15:29:00Z,KZ-TR-001,43.258,76.947,65266,0x00,0xd4,0x03,0x00
2026-06-04T15:29:00Z,KZ-TR-001,43.258,76.947,65280,0xc8,0x32,0x00,0x00
2026-06-04T15:30:00Z,KZ-TR-001,43.256,76.943,65265,0x00,0x00,0xa0,0x02
2026-06-04T15:30:00Z,KZ-TR-001,43.256,76.943,65266,0x00,0xd4,0x03,0x00
2026-06-04T15:30:00Z,KZ-TR-001,43.256,76.943,65280,0xc8,0x32,0x00,0x00
2026-06-04T15:31:00Z,KZ-TR-001,43.264,76.948,65265,0x00,0x00,0xa0,0x02
2026-06-04T15:31:00Z,KZ-TR-001,43.264,76.948,65266,0x00,0xd4,0x03,0x00
2026-06-04T15:31:00Z,KZ-TR-001,43.264,76.948,65280,0xc8,0x32,0x00,0x00
2026-06-04T15:32:00Z,KZ-TR-001,43.263,76.941,65265,0x00,0x00,0xa0,0x02
2026-06-04T15:32:00Z,KZ-TR-001,43.263,76.941,65266,0x00,0xd4,0x03,0x00
2026-06-04T15:32:00Z,KZ-TR-001,43.263,76.941,65280,0xc8,0x32,0x00,0x00
2026-06-04T15:33:00Z,KZ-TR-001,43.259,76.946,65265,0x00,0x00,0xa0,0x02
2026-06-04T15:33:00Z,KZ-TR-001,43.259,76.946,65266,0x00,0xd4,0x03,0x00
2026-06-04T15:33:00Z,KZ-TR-001,43.259,76.946,65280,0xc8,0x32,0x00,0x00
2026-06-04T15:34:00Z,KZ-TR-001,43.258,76.948,65265,0x00,0x00,0xa0,0x02
2026-06-04T15:34:00Z,KZ-TR-001,43.258,76.948,65266,0x00,0xd4,0x03,0x00
2026-06-04T15:34:00Z,KZ-TR-001,43.258,76.948,65280,0xc8,0x32,0x00,0x00
2026-06-04T15:35:00Z,KZ-TR-001,43.260,76.946,65265,0x00,0x00,0xa0,0x02
2026-06-04T15:35:00Z,KZ-TR-001,43.260,76.946,65266,0x00,0xd4,0x03,0x00
2026-06-04T15:35:00Z,KZ-TR-001,43.260,76.946,65280,0xc8,0x32,0x00,0x00
2026-06-04T15:36:00Z,KZ-TR-001,43.257,76.949,65265,0x00,0x00,0xa0,0x02
2026-06-04T15:36:00Z,KZ-TR-001,43.257,76.949,65266,0x00,0xd4,0x03,0x00
2026-06-04T15:36:00Z,KZ-TR-001,43.257,76.949,65280,0xc8,0x32,0x00,0x00
2026-06-04T15:37:00Z,KZ-TR-001,43.263,76.945,65265,0x00,0x00,0xa0,0x02
2026-06-04T15:37:00Z,KZ-TR-001,43.263,76.945,65266,0x00,0xd4,0x03,0x00
2026-06-04T15:37:00Z,KZ-TR-001,43.263,76.945,65280,0xc8,0x32,0x00,0x00
2026-06-04T15:38:00Z,KZ-TR-001,43.263,76.942,65265,0x00,0x00,0xa0,0x02
2026-06-04T15:38:00Z,KZ-TR-001,43.263,76.942,65266,0x00,0xd4,0x03,0x00
2026-06-04T15:38:00Z,KZ-TR-001,43.263,76.942,65280,0xc8,0x32,0x00,0x00
2026-06-04T15:39:00Z,KZ-TR-001,43.262,76.947,65265,0x00,0x00,0xa0,0x02
2026-06-04T15:39:00Z,KZ-TR-001,43.262,76.947,65266,0x00,0xd4,0x03,0x00
2026-06-04T15:39:00Z,KZ-TR-001,43.262,76.947,65280,0xc8,0x32,0x00,0x00
2026-06-04T15:40:00Z,KZ-TR-001,43.261,76.946,65265,0x00,0x00,0xa0,0x02
2026-06-04T15:40:00Z,KZ-TR-001,43.261,76.946,65266,0x00,0xd4,0x03,0x00
2026-06-04T15:40:00Z,KZ-TR-001,43.261,76.946,65280,0xc8,0x32,0x00,0x00
2026-06-04T15:41:00Z,KZ-TR-001,43.260,76.946,65265,0x00,0x00,0xa0,0x02
2026-06-04T15:41:00Z,KZ-TR-001,43.260,76.946,65266,0x00,0xd4,0x03,0x00
2026-06-04T15:41:00Z,KZ-TR-001,43.260,76.946,65280,0xc8,0x32,0x00,0x00
2026-06-04T15:42:00Z,KZ-TR-001,43.257,76.946,65265,0x00,0x00,0xa0,0x02
2026-06-04T15:42:00Z,KZ-TR-001,43.257,76.946,65266,0x00,0xd4,0x03,0x00
2026-06-04T15:42:00Z,KZ-TR-001,43.257,76.946,65280,0xc8,0x32,0x00,0x00
2026-06-04T15:43:00Z,KZ-TR-001,43.257,76.950,65265,0x00,0x00,0xa0,0x02
2026-06-04T15:43:00Z,KZ-TR-001,43.257,76.950,65266,0x00,0xd4,0x03,0x00
2026-06-04T15:43:00Z,KZ-TR-001,43.257,76.950,65280,0xc8,0x32,0x00,0x00
2026-06-04T15:44:00Z,KZ-TR-001,43.265,76.941,65265,0x00,0x00,0xa0,0x02
2026-06-04T15:44:00Z,KZ-TR-001,43.265,76.941,65266,0x00,0xd4,0x03,0x00
2026-06-04T15:44:00Z,KZ-TR-001,43.265,76.941,65280,0xc8,0x32,0x00,0x00
2026-06-04T15:45:00Z,KZ-TR-001,43.257,76.946,65265,0x00,0x00,0xa0,0x02
2026-06-04T15:45:00Z,KZ-TR-001,43.257,76.946,65266,0x00,0xd4,0x03,0x00
2026-06-04T15:45:00Z,KZ-TR-001,43.257,76.946,65280,0xc8,0x32,0x00,0x00
2026-06-04T15:46:00Z,KZ-TR-001,43.264,76.941,65265,0x00,0x00,0xa0,0x02
2026-06-04T15:46:00Z,KZ-TR-001,43.264,76.941,65266,0x00,0xd4,0x03,0x00
2026-06-04T15:46:00Z,KZ-TR-001,43.264,76.941,65280,0xc8,0x32,0x00,0x00
2026-06-04T15:47:00Z,KZ-TR-001,43.259,76.943,65265,0x00,0x00,0xa0,0x02
2026-06-04T15:47:00Z,KZ-TR-001,43.259,76.943,65266,0x00,0xd4,0x03,0x00
2026-06-04T15:47:00Z,KZ-TR-001,43.259,76.943,65280,0xc8,0x32,0x00,0x00
2026-06-04T15:48:00Z,KZ-TR-001,43.265,76.947,65265,0x00,0x00,0xa0,0x02
2026-06-04T15:48:00Z,KZ-TR-001,43.265,76.947,65266,0x00,0xd4,0x03,0x00
2026-06-04T15:48:00Z,KZ-TR-001,43.265,76.947,65280,0xc8,0x32,0x00,0x00
2026-06-04T15:49:00Z,KZ-TR-001,43.260,76.945,65265,0x00,0x00,0xa0,0x02
2026-06-04T15:49:00Z,KZ-TR-001,43.260,76.945,65266,0x00,0xd4,0x03,0x00
2026-06-04T15:49:00Z,KZ-TR-001,43.260,76.945,65280,0xc8,0x32,0x00,0x00
2026-06-04T15:50:00Z,KZ-TR-001,43.265,76.947,65265,0x00,0x00,0xa0,0x02
2026-06-04T15:50:00Z,KZ-TR-001,43.265,76.947,65266,0x00,0xd4,0x03,0x00
2026-06-04T15:50:00Z,KZ-TR-001,43.265,76.947,65280,0xc8,0x32,0x00,0x00
2026-06-04T15:51:00Z,KZ-TR-001,43.262,76.941,65265,0x00,0x00,0xa0,0x02
2026-06-04T15:51:00Z,KZ-TR-001,43.262,76.941,65266,0x00,0xd4,0x03,0x00
2026-06-04T15:51:00Z,KZ-TR-001,43.262,76.941,65280,0xc8,0x32,0x00,0x00
2026-06-04T15:52:00Z,KZ-TR-001,43.264,76.943,65265,0x00,0x00,0xa0,0x02
2026-06-04T15:52:00Z,KZ-TR-001,43.264,76.943,65266,0x00,0xd4,0x03,0x00
2026-06-04T15:52:00Z,KZ-TR-001,43.264,76.943,65280,0xc8,0x32,0x00,0x00
2026-06-04T15:53:00Z,KZ-TR-001,43.257,76.946,65265,0x00,0x00,0xa0,0x02
2026-06-04T15:53:00Z,KZ-TR-001,43.257,76.946,65266,0x00,0xd4,0x03,0x00
2026-06-04T15:53:00Z,KZ-TR-001,43.257,76.946,65280,0xc8,0x32,0x00,0x00
2026-06-04T15:54:00Z,KZ-TR-001,43.264,76.941,65265,0x00,0x00,0xa0,0x02
2026-06-04T15:54:00Z,KZ-TR-001,43.264,76.941,65266,0x00,0xd4,0x03,0x00
2026-06-04T15:54:00Z,KZ-TR-001,43.264,76.941,65280,0xc8,0x32,0x00,0x00
2026-06-04T15:55:00Z,KZ-TR-001,43.258,76.941,65265,0x00,0x00,0xa0,0x02
2026-06-04T15:55:00Z,KZ-TR-001,43.258,76.941,65266,0x00,0xd4,0x03,0x00
2026-06-04T15:55:00Z,KZ-TR-001,43.258,76.941,65280,0xc8,0x32,0x00,0x00
2026-06-04T15:56:00Z,KZ-TR-001,43.261,76.942,65265,0x00,0x00,0xa0,0x02
2026-06-04T15:56:00Z,KZ-TR-001,43.261,76.942,65266,0x00,0xd4,0x03,0x00
2026-06-04T15:56:00Z,KZ-TR-001,43.261,76.942,65280,0xc8,0x32,0x00,0x00
2026-06-04T15:57:00Z,KZ-TR-001,43.264,76.946,65265,0x00,0x00,0xa0,0x02
2026-06-04T15:57:00Z,KZ-TR-001,43.264,76.946,65266,0x00,0xd4,0x03,0x00
2026-06-04T15:57:00Z,KZ-TR-001,43.264,76.946,65280,0xc8,0x32,0x00,0x00
2026-06-04T15:58:00Z,KZ-TR-001,43.265,76.949,65265,0x00,0x00,0xa0,0x02
2026-06-04T15:58:00Z,KZ-TR-001,43.265,76.949,65266,0x00,0xd4,0x03,0x00
2026-06-04T15:58:00Z,KZ-TR-001,43.265,76.949,65280,0xc8,0x32,0x00,0x00
2026-06-04T15:59:00Z,KZ-TR-001,43.262,76.949,65265,0x00,0x00,0xa0,0x02
2026-06-04T15:59:00Z,KZ-TR-001,43.262,76.949,65266,0x00,0xd4,0x03,0x00
2026-06-04T15:59:00Z,KZ-TR-001,43.262,76.949,65280,0xc8,0x32,0x00,0x00
2026-06-04T16:00:00Z,KZ-TR-001,43.263,76.949,65265,0x00,0x00,0xa0,0x02
2026-06-04T16:00:00Z,KZ-TR-001,43.263,76.949,65266,0x00,0xd4,0x03,0x00
2026-06-04T16:00:00Z,KZ-TR-001,43.263,76.949,65280,0xc8,0x32,0x00,0x00
2026-06-04T16:01:00Z,KZ-TR-001,43.256,76.944,65265,0x00,0x00,0xa0,0x02
2026-06-04T16:01:00Z,KZ-TR-001,43.256,76.944,65266,0x00,0xd4,0x03,0x00
2026-06-04T16:01:00Z,KZ-TR-001,43.256,76.944,65280,0xc8,0x32,0x00,0x00
2026-06-04T16:02:00Z,KZ-TR-001,43.255,76.941,65265,0x00,0x00,0xa0,0x02
2026-06-04T16:02:00Z,KZ-TR-001,43.255,76.941,65266,0x00,0xd4,0x03,0x00
2026-06-04T16:02:00Z,KZ-TR-001,43.255,76.941,65280,0xc8,0x32,0x00,0x00
2026-06-04T16:03:00Z,KZ-TR-001,43.260,76.942,65265,0x00,0x00,0xa0,0x02
2026-06-04T16:03:00Z,KZ-TR-001,43.260,76.942,65266,0x00,0xd4,0x03,0x00
2026-06-04T16:03:00Z,KZ-TR-001,43.260,76.942,65280,0xc8,0x32,0x00,0x00
2026-06-04T16:04:00Z,KZ-TR-001,43.262,76.947,65265,0x00,0x00,0xa0,0x02
2026-06-04T16:04:00Z,KZ-TR-001,43.262,76.947,65266,0x00,0xd4,0x03,0x00
2026-06-04T16:04:00Z,KZ-TR-001,43.262,76.947,65280,0xc8,0x32,0x00,0x00
2026-06-04T16:05:00Z,KZ-TR-001,43.260,76.942,65265,0x00,0x00,0xa0,0x02
2026-06-04T16:05:00Z,KZ-TR-001,43.260,76.942,65266,0x00,0xd4,0x03,0x00
2026-06-04T16:05:00Z,KZ-TR-001,43.260,76.942,65280,0xc8,0x32,0x00,0x00
2026-06-04T16:06:00Z,KZ-TR-001,43.259,76.946,65265,0x00,0x00,0xa0,0x02
2026-06-04T16:06:00Z,KZ-TR-001,43.259,76.946,65266,0x00,0xd4,0x03,0x00
2026-06-04T16:06:00Z,KZ-TR-001,43.259,76.946,65280,0xc8,0x32,0x00,0x00
2026-06-04T16:07:00Z,KZ-TR-001,43.259,76.942,65265,0x00,0x00,0xa0,0x02
2026-06-04T16:07:00Z,KZ-TR-001,43.259,76.942,65266,0x00,0xd4,0x03,0x00
2026-06-04T16:07:00Z,KZ-TR-001,43.259,76.942,65280,0xc8,0x32,0x00,0x00
2026-06-04T16:08:00Z,KZ-TR-001,43.265,76.947,65265,0x00,0x00,0xa0,0x02
2026-06-04T16:08:00Z,KZ-TR-001,43.265,76.947,65266,0x00,0xd4,0x03,0x00
2026-06-04T16:08:00Z,KZ-TR-001,43.265,76.947,65280,0xc8,0x32,0x00,0x00
2026-06-04T16:09:00Z,KZ-TR-001,43.261,76.940,65265,0x00,0x00,0xa0,0x02
2026-06-04T16:09:00Z,KZ-TR-001,43.261,76.940,65266,0x00,0xd4,0x03,0x00
2026-06-04T16:09:00Z,KZ-TR-001,43.261,76.940,65280,0xc8,0x32,0x00,0x00
2026-06-04T16:10:00Z,KZ-TR-001,43.256,76.946,65265,0x00,0x00,0xa0,0x02
2026-06-04T16:10:00Z,KZ-TR-001,43.256,76.946,65266,0x00,0xd4,0x03,0x00
2026-06-04T16:10:00Z,KZ-TR-001,43.256,76.946,65280,0xc8,0x32,0x00,0x00
2026-06-04T16:11:00Z,KZ-TR-001,43.255,76.944,65265,0x00,0x00,0xa0,0x02
2026-06-04T16:11:00Z,KZ-TR-001,43.255,76.944,65266,0x00,0xd4,0x03,0x00
2026-06-04T16:11:00Z,KZ-TR-001,43.255,76.944,65280,0xc8,0x32,0x00,0x00
2026-06-04T16:12:00Z,KZ-TR-001,43.263,76.945,65265,0x00,0x00,0xa0,0x02
2026-06-04T16:12:00Z,KZ-TR-001,43.263,76.945,65266,0x00,0xd4,0x03,0x00
2026-06-04T16:12:00Z,KZ-TR-001,43.263,76.945,65280,0xc8,0x32,0x00,0x00
2026-06-04T16:13:00Z,KZ-TR-001,43.264,76.948,65265,0x00,0x00,0xa0,0x02
2026-06-04T16:13:00Z,KZ-TR-001,43.264,76.948,65266,0x00,0xd4,0x03,0x00
2026-06-04T16:13:00Z,KZ-TR-001,43.264,76.948,65280,0xc8,0x32,0x00,0x00
2026-06-04T16:14:00Z,KZ-TR-001,43.258,76.943,65265,0x00,0x00,0xa0,0x02
2026-06-04T16:14:00Z,KZ-TR-001,43.258,76.943,65266,0x00,0xd4,0x03,0x00
2026-06-04T16:14:00Z,KZ-TR-001,43.258,76.943,65280,0xc8,0x32,0x00,0x00
2026-06-04T16:15:00Z,KZ-TR-001,43.262,76.947,65265,0x00,0x00,0xa0,0x02
2026-06-04T16:15:00Z,KZ-TR-001,43.262,76.947,65266,0x00,0xd4,0x03,0x00
2026-06-04T16:15:00Z,KZ-TR-001,43.262,76.947,65280,0xc8,0x32,0x00,0x00
2026-06-04T16:16:00Z,KZ-TR-001,43.264,76.945,65265,0x00,0x00,0xa0,0x02
2026-06-04T16:16:00Z,KZ-TR-001,43.264,76.945,65266,0x00,0xd4,0x03,0x00
2026-06-04T16:16:00Z,KZ-TR-001,43.264,76.945,65280,0xc8,0x32,0x00,0x00
2026-06-04T16:17:00Z,KZ-TR-001,43.264,76.942,65265,0x00,0x00,0xa0,0x02
2026-06-04T16:17:00Z,KZ-TR-001,43.264,76.942,65266,0x00,0xd4,0x03,0x00
2026-06-04T16:17:00Z,KZ-TR-001,43.264,76.942,65280,0xc8,0x32,0x00,0x00
2026-06-04T16:18:00Z,KZ-TR-001,43.263,76.942,65265,0x00,0x00,0xa0,0x02
2026-06-04T16:18:00Z,KZ-TR-001,43.263,76.942,65266,0x00,0xd4,0x03,0x00
2026-06-04T16:18:00Z,KZ-TR-001,43.263,76.942,65280,0xc8,0x32,0x00,0x00
2026-06-04T16:19:00Z,KZ-TR-001,43.260,76.944,65265,0x00,0x00,0xa0,0x02
2026-06-04T16:19:00Z,KZ-TR-001,43.260,76.944,65266,0x00,0xd4,0x03,0x00
2026-06-04T16:19:00Z,KZ-TR-001,43.260,76.944,65280,0xc8,0x32,0x00,0x00
2026-06-04T16:20:00Z,KZ-TR-001,43.262,76.948,65265,0x00,0x00,0xa0,0x02
2026-06-04T16:20:00Z,KZ-TR-001,43.262,76.948,65266,0x00,0xd4,0x03,0x00
2026-06-04T16:20:00Z,KZ-TR-001,43.262,76.948,65280,0xc8,0x32,0x00,0x00
2026-06-04T16:21:00Z,KZ-TR-001,43.262,76.947,65265,0x00,0x00,0xa0,0x02
2026-06-04T16:21:00Z,KZ-TR-001,43.262,76.947,65266,0x00,0xd4,0x03,0x00
2026-06-04T16:21:00Z,KZ-TR-001,43.262,76.947,65280,0xc8,0x32,0x00,0x00
2026-06-04T16:22:00Z,KZ-TR-001,43.264,76.945,65265,0x00,0x00,0xa0,0x02
2026-06-04T16:22:00Z,KZ-TR-001,43.264,76.945,65266,0x00,0xd4,0x03,0x00
2026-06-04T16:22:00Z,KZ-TR-001,43.264,76.945,65280,0xc8,0x32,0x00,0x00
2026-06-04T16:23:00Z,KZ-TR-001,43.259,76.942,65265,0x00,0x00,0xa0,0x02
2026-06-04T16:23:00Z,KZ-TR-001,43.259,76.942,65266,0x00,0xd4,0x03,0x00
2026-06-04T16:23:00Z,KZ-TR-001,43.259,76.942,65280,0xc8,0x32,0x00,0x00
2026-06-04T16:24:00Z,KZ-TR-001,43.255,76.945,65265,0x00,0x00,0xa0,0x02
2026-06-04T16:24:00Z,KZ-TR-001,43.255,76.945,65266,0x00,0xd4,0x03,0x00
2026-06-04T16:24:00Z,KZ-TR-001,43.255,76.945,65280,0xc8,0x32,0x00,0x00
2026-06-04T16:25:00Z,KZ-TR-001,43.256,76.944,65265,0x00,0x00,0xa0,0x02
2026-06-04T16:25:00Z,KZ-TR-001,43.256,76.944,65266,0x00,0xd4,0x03,0x00
2026-06-04T16:25:00Z,KZ-TR-001,43.256,76.944,65280,0xc8,0x32,0x00,0x00
2026-06-04T16:26:00Z,KZ-TR-001,43.263,76.942,65265,0x00,0x00,0xa0,0x02
2026-06-04T16:26:00Z,KZ-TR-001,43.263,76.942,65266,0x00,0xd4,0x03,0x00
2026-06-04T16:26:00Z,KZ-TR-001,43.263,76.942,65280,0xc8,0x32,0x00,0x00
2026-06-04T16:27:00Z,KZ-TR-001,43.255,76.941,65265,0x00,0x00,0xa0,0x02
2026-06-04T16:27:00Z,KZ-TR-001,43.255,76.941,65266,0x00,0xd4,0x03,0x00
2026-06-04T16:27:00Z,KZ-TR-001,43.255,76.941,65280,0xc8,0x32,0x00,0x00
2026-06-04T16:28:00Z,KZ-TR-001,43.263,76.942,65265,0x00,0x00,0xa0,0x02
2026-06-04T16:28:00Z,KZ-TR-001,43.263,76.942,65266,0x00,0xd4,0x03,0x00
2026-06-04T16:28:00Z,KZ-TR-001,43.263,76.942,65280,0xc8,0x32,0x00,0x00
2026-06-04T16:29:00Z,KZ-TR-001,43.258,76.948,65265,0x00,0x00,0xa0,0x02
2026-06-04T16:29:00Z,KZ-TR-001,43.258,76.948,65266,0x00,0xd4,0x03,0x00
2026-06-04T16:29:00Z,KZ-TR-001,43.258,76.948,65280,0xc8,0x32,0x00,0x00
2026-06-04T16:30:00Z,KZ-TR-001,43.262,76.946,65265,0x00,0x00,0xa0,0x02
2026-06-04T16:30:00Z,KZ-TR-001,43.262,76.946,65266,0x00,0xd4,0x03,0x00
2026-06-04T16:30:00Z,KZ-TR-001,43.262,76.946,65280,0xc8,0x32,0x00,0x00
2026-06-04T16:31:00Z,KZ-TR-001,43.261,76.949,65265,0x00,0x00,0xa0,0x02
2026-06-04T16:31:00Z,KZ-TR-001,43.261,76.949,65266,0x00,0xd4,0x03,0x00
2026-06-04T16:31:00Z,KZ-TR-001,43.261,76.949,65280,0xc8,0x32,0x00,0x00
2026-06-04T16:32:00Z,KZ-TR-001,43.264,76.949,65265,0x00,0x00,0xa0,0x02
2026-06-04T16:32:00Z,KZ-TR-001,43.264,76.949,65266,0x00,0xd4,0x03,0x00
2026-06-04T16:32:00Z,KZ-TR-001,43.264,76.949,65280,0xc8,0x32,0x00,0x00
2026-06-04T16:33:00Z,KZ-TR-001,43.262,76.941,65265,0x00,0x00,0xa0,0x02
2026-06-04T16:33:00Z,KZ-TR-001,43.262,76.941,65266,0x00,0xd4,0x03,0x00
2026-06-04T16:33:00Z,KZ-TR-001,43.262,76.941,65280,0xc8,0x32,0x00,0x00
2026-06-04T16:34:00Z,KZ-TR-001,43.262,76.940,65265,0x00,0x00,0xa0,0x02
2026-06-04T16:34:00Z,KZ-TR-001,43.262,76.940,65266,0x00,0xd4,0x03,0x00
2026-06-04T16:34:00Z,KZ-TR-001,43.262,76.940,65280,0xc8,0x32,0x00,0x00
2026-06-04T16:35:00Z,KZ-TR-001,43.262,76.947,65265,0x00,0x00,0xa0,0x02
2026-06-04T16:35:00Z,KZ-TR-001,43.262,76.947,65266,0x00,0xd4,0x03,0x00
2026-06-04T16:35:00Z,KZ-TR-001,43.262,76.947,65280,0xc8,0x32,0x00,0x00
2026-06-04T16:36:00Z,KZ-TR-001,43.256,76.945,65265,0x00,0x00,0xa0,0x02
2026-06-04T16:36:00Z,KZ-TR-001,43.256,76.945,65266,0x00,0xd4,0x03,0x00
2026-06-04T16:36:00Z,KZ-TR-001,43.256,76.945,65280,0xc8,0x32,0x00,0x00
2026-06-04T16:37:00Z,KZ-TR-001,43.259,76.948,65265,0x00,0x00,0xa0,0x02
2026-06-04T16:37:00Z,KZ-TR-001,43.259,76.948,65266,0x00,0xd4,0x03,0x00
2026-06-04T16:37:00Z,KZ-TR-001,43.259,76.948,65280,0xc8,0x32,0x00,0x00
2026-06-04T16:38:00Z,KZ-TR-001,43.263,76.946,65265,0x00,0x00,0xa0,0x02
2026-06-04T16:38:00Z,KZ-TR-001,43.263,76.946,65266,0x00,0xd4,0x03,0x00
2026-06-04T16:38:00Z,KZ-TR-001,43.263,76.946,65280,0xc8,0x32,0x00,0x00
2026-06-04T16:39:00Z,KZ-TR-001,43.260,76.947,65265,0x00,0x00,0xa0,0x02
2026-06-04T16:39:00Z,KZ-TR-001,43.260,76.947,65266,0x00,0xd4,0x03,0x00
2026-06-04T16:39:00Z,KZ-TR-001,43.260,76.947,65280,0xc8,0x32,0x00,0x00
2026-06-04T16:40:00Z,KZ-TR-001,43.263,76.947,65265,0x00,0x00,0xa0,0x02
2026-06-04T16:40:00Z,KZ-TR-001,43.263,76.947,65266,0x00,0xd4,0x03,0x00
2026-06-04T16:40:00Z,KZ-TR-001,43.263,76.947,65280,0xc8,0x32,0x00,0x00
2026-06-04T16:41:00Z,KZ-TR-001,43.260,76.944,65265,0x00,0x00,0xa0,0x02
2026-06-04T16:41:00Z,KZ-TR-001,43.260,76.944,65266,0x00,0xd4,0x03,0x00
2026-06-04T16:41:00Z,KZ-TR-001,43.260,76.944,65280,0xc8,0x32,0x00,0x00
2026-06-04T16:42:00Z,KZ-TR-001,43.257,76.940,65265,0x00,0x00,0xa0,0x02
2026-06-04T16:42:00Z,KZ-TR-001,43.257,76.940,65266,0x00,0xd4,0x03,0x00
2026-06-04T16:42:00Z,KZ-TR-001,43.257,76.940,65280,0xc8,0x32,0x00,0x00
2026-06-04T16:43:00Z,KZ-TR-001,43.259,76.943,65265,0x00,0x00,0xa0,0x02
2026-06-04T16:43:00Z,KZ-TR-001,43.259,76.943,65266,0x00,0xd4,0x03,0x00
2026-06-04T16:43:00Z,KZ-TR-001,43.259,76.943,65280,0xc8,0x32,0x00,0x00
2026-06-04T16:44:00Z,KZ-TR-001,43.256,76.945,65265,0x00,0x00,0xa0,0x02
2026-06-04T16:44:00Z,KZ-TR-001,43.256,76.945,65266,0x00,0xd4,0x03,0x00
2026-06-04T16:44:00Z,KZ-TR-001,43.256,76.945,65280,0xc8,0x32,0x00,0x00
2026-06-04T16:45:00Z,KZ-TR-001,43.255,76.943,65265,0x00,0x00,0xa0,0x02
2026-06-04T16:45:00Z,KZ-TR-001,43.255,76.943,65266,0x00,0xd4,0x03,0x00
2026-06-04T16:45:00Z,KZ-TR-001,43.255,76.943,65280,0xc8,0x32,0x00,0x00
2026-06-04T16:46:00Z,KZ-TR-001,43.262,76.942,65265,0x00,0x00,0xa0,0x02
2026-06-04T16:46:00Z,KZ-TR-001,43.262,76.942,65266,0x00,0xd4,0x03,0x00
2026-06-04T16:46:00Z,KZ-TR-001,43.262,76.942,65280,0xc8,0x32,0x00,0x00
2026-06-04T16:47:00Z,KZ-TR-001,43.256,76.946,65265,0x00,0x00,0xa0,0x02
2026-06-04T16:47:00Z,KZ-TR-001,43.256,76.946,65266,0x00,0xd4,0x03,0x00
2026-06-04T16:47:00Z,KZ-TR-001,43.256,76.946,65280,0xc8,0x32,0x00,0x00
2026-06-04T16:48:00Z,KZ-TR-001,43.256,76.946,65265,0x00,0x00,0xa0,0x02
2026-06-04T16:48:00Z,KZ-TR-001,43.256,76.946,65266,0x00,0xd4,0x03,0x00
2026-06-04T16:48:00Z,KZ-TR-001,43.256,76.946,65280,0xc8,0x32,0x00,0x00
2026-06-04T16:49:00Z,KZ-TR-001,43.255,76.946,65265,0x00,0x00,0xa0,0x02
2026-06-04T16:49:00Z,KZ-TR-001,43.255,76.946,65266,0x00,0xd4,0x03,0x00
2026-06-04T16:49:00Z,KZ-TR-001,43.255,76.946,65280,0xc8,0x32,0x00,0x00
2026-06-04T16:50:00Z,KZ-TR-001,43.264,76.948,65265,0x00,0x00,0xa0,0x02
2026-06-04T16:50:00Z,KZ-TR-001,43.264,76.948,65266,0x00,0xd4,0x03,0x00
2026-06-04T16:50:00Z,KZ-TR-001,43.264,76.948,65280,0xc8,0x32,0x00,0x00
2026-06-04T16:51:00Z,KZ-TR-001,43.263,76.946,65265,0x00,0x00,0xa0,0x02
2026-06-04T16:51:00Z,KZ-TR-001,43.263,76.946,65266,0x00,0xd4,0x03,0x00
2026-06-04T16:51:00Z,KZ-TR-001,43.263,76.946,65280,0xc8,0x32,0x00,0x00
2026-06-04T16:52:00Z,KZ-TR-001,43.260,76.950,65265,0x00,0x00,0xa0,0x02
2026-06-04T16:52:00Z,KZ-TR-001,43.260,76.950,65266,0x00,0xd4,0x03,0x00
2026-06-04T16:52:00Z,KZ-TR-001,43.260,76.950,65280,0xc8,0x32,0x00,0x00
2026-06-04T16:53:00Z,KZ-TR-001,43.264,76.941,65265,0x00,0x00,0xa0,0x02
2026-06-04T16:53:00Z,KZ-TR-001,43.264,76.941,65266,0x00,0xd4,0x03,0x00
2026-06-04T16:53:00Z,KZ-TR-001,43.264,76.941,65280,0xc8,0x32,0x00,0x00
2026-06-04T16:54:00Z,KZ-TR-001,43.261,76.943,65265,0x00,0x00,0xa0,0x02
2026-06-04T16:54:00Z,KZ-TR-001,43.261,76.943,65266,0x00,0xd4,0x03,0x00
2026-06-04T16:54:00Z,KZ-TR-001,43.261,76.943,65280,0xc8,0x32,0x00,0x00
2026-06-04T16:55:00Z,KZ-TR-001,43.258,76.946,65265,0x00,0x00,0xa0,0x02
2026-06-04T16:55:00Z,KZ-TR-001,43.258,76.946,65266,0x00,0xd4,0x03,0x00
2026-06-04T16:55:00Z,KZ-TR-001,43.258,76.946,65280,0xc8,0x32,0x00,0x00
2026-06-04T16:56:00Z,KZ-TR-001,43.261,76.946,65265,0x00,0x00,0xa0,0x02
2026-06-04T16:56:00Z,KZ-TR-001,43.261,76.946,65266,0x00,0xd4,0x03,0x00
2026-06-04T16:56:00Z,KZ-TR-001,43.261,76.946,65280,0xc8,0x32,0x00,0x00
2026-06-04T16:57:00Z,KZ-TR-001,43.262,76.948,65265,0x00,0x00,0xa0,0x02
2026-06-04T16:57:00Z,KZ-TR-001,43.262,76.948,65266,0x00,0xd4,0x03,0x00
2026-06-04T16:57:00Z,KZ-TR-001,43.262,76.948,65280,0xc8,0x32,0x00,0x00
2026-06-04T16:58:00Z,KZ-TR-001,43.263,76.946,65265,0x00,0x00,0xa0,0x02
2026-06-04T16:58:00Z,KZ-TR-001,43.263,76.946,65266,0x00,0xd4,0x03,0x00
2026-06-04T16:58:00Z,KZ-TR-001,43.263,76.946,65280,0xc8,0x32,0x00,0x00
2026-06-04T16:59:00Z,KZ-TR-001,43.264,76.947,65265,0x00,0x00,0xa0,0x02
2026-06-04T16:59:00Z,KZ-TR-001,43.264,76.947,65266,0x00,0xd4,0x03,0x00
2026-06-04T16:59:00Z,KZ-TR-001,43.264,76.947,65280,0xc8,0x32,0x00,0x00
2026-06-04T17:00:00Z,KZ-TR-001,43.259,76.941,65265,0x00,0x00,0xa0,0x02
2026-06-04T17:00:00Z,KZ-TR-001,43.259,76.941,65266,0x00,0xd4,0x03,0x00
2026-06-04T17:00:00Z,KZ-TR-001,43.259,76.941,65280,0xc8,0x32,0x00,0x00
2026-06-04T17:01:00Z,KZ-TR-001,43.263,76.944,65265,0x00,0x00,0xa0,0x02
2026-06-04T17:01:00Z,KZ-TR-001,43.263,76.944,65266,0x00,0xd4,0x03,0x00
2026-06-04T17:01:00Z,KZ-TR-001,43.263,76.944,65280,0xc8,0x32,0x00,0x00
2026-06-04T17:02:00Z,KZ-TR-001,43.255,76.947,65265,0x00,0x00,0xa0,0x02
2026-06-04T17:02:00Z,KZ-TR-001,43.255,76.947,65266,0x00,0xd4,0x03,0x00
2026-06-04T17:02:00Z,KZ-TR-001,43.255,76.947,65280,0xc8,0x32,0x00,0x00
2026-06-04T17:03:00Z,KZ-TR-001,43.258,76.946,65265,0x00,0x00,0xa0,0x02
2026-06-04T17:03:00Z,KZ-TR-001,43.258,76.946,65266,0x00,0xd4,0x03,0x00
2026-06-04T17:03:00Z,KZ-TR-001,43.258,76.946,65280,0xc8,0x32,0x00,0x00
2026-06-04T17:04:00Z,KZ-TR-001,43.259,76.942,65265,0x00,0x00,0xa0,0x02
2026-06-04T17:04:00Z,KZ-TR-001,43.259,76.942,65266,0x00,0xd4,0x03,0x00
2026-06-04T17:04:00Z,KZ-TR-001,43.259,76.942,65280,0xc8,0x32,0x00,0x00
2026-06-04T17:05:00Z,KZ-TR-001,43.255,76.942,65265,0x00,0x00,0xa0,0x02
2026-06-04T17:05:00Z,KZ-TR-001,43.255,76.942,65266,0x00,0xd4,0x03,0x00
2026-06-04T17:05:00Z,KZ-TR-001,43.255,76.942,65280,0xc8,0x32,0x00,0x00
2026-06-04T17:06:00Z,KZ-TR-001,43.263,76.945,65265,0x00,0x00,0xa0,0x02
2026-06-04T17:06:00Z,KZ-TR-001,43.263,76.945,65266,0x00,0xd4,0x03,0x00
2026-06-04T17:06:00Z,KZ-TR-001,43.263,76.945,65280,0xc8,0x32,0x00,0x00
2026-06-04T17:07:00Z,KZ-TR-001,43.258,76.940,65265,0x00,0x00,0xa0,0x02
2026-06-04T17:07:00Z,KZ-TR-001,43.258,76.940,65266,0x00,0xd4,0x03,0x00
2026-06-04T17:07:00Z,KZ-TR-001,43.258,76.940,65280,0xc8,0x32,0x00,0x00
2026-06-04T17:08:00Z,KZ-TR-001,43.258,76.946,65265,0x00,0x00,0xa0,0x02
2026-06-04T17:08:00Z,KZ-TR-001,43.258,76.946,65266,0x00,0xd4,0x03,0x00
2026-06-04T17:08:00Z,KZ-TR-001,43.258,76.946,65280,0xc8,0x32,0x00,0x00
2026-06-04T17:09:00Z,KZ-TR-001,43.262,76.945,65265,0x00,0x00,0xa0,0x02
2026-06-04T17:09:00Z,KZ-TR-001,43.262,76.945,65266,0x00,0xd4,0x03,0x00
2026-06-04T17:09:00Z,KZ-TR-001,43.262,76.945,65280,0xc8,0x32,0x00,0x00
2026-06-04T17:10:00Z,KZ-TR-001,43.264,76.944,65265,0x00,0x00,0xa0,0x02
2026-06-04T17:10:00Z,KZ-TR-001,43.264,76.944,65266,0x00,0xd4,0x03,0x00
2026-06-04T17:10:00Z,KZ-TR-001,43.264,76.944,65280,0xc8,0x32,0x00,0x00
2026-06-04T17:11:00Z,KZ-TR-001,43.261,76.947,65265,0x00,0x00,0xa0,0x02
2026-06-04T17:11:00Z,KZ-TR-001,43.261,76.947,65266,0x00,0xd4,0x03,0x00
2026-06-04T17:11:00Z,KZ-TR-001,43.261,76.947,65280,0xc8,0x32,0x00,0x00
2026-06-04T17:12:00Z,KZ-TR-001,43.261,76.949,65265,0x00,0x00,0xa0,0x02
2026-06-04T17:12:00Z,KZ-TR-001,43.261,76.949,65266,0x00,0xd4,0x03,0x00
2026-06-04T17:12:00Z,KZ-TR-001,43.261,76.949,65280,0xc8,0x32,0x00,0x00
2026-06-04T17:13:00Z,KZ-TR-001,43.263,76.945,65265,0x00,0x00,0xa0,0x02
2026-06-04T17:13:00Z,KZ-TR-001,43.263,76.945,65266,0x00,0xd4,0x03,0x00
2026-06-04T17:13:00Z,KZ-TR-001,43.263,76.945,65280,0xc8,0x32,0x00,0x00
2026-06-04T17:14:00Z,KZ-TR-001,43.260,76.945,65265,0x00,0x00,0xa0,0x02
2026-06-04T17:14:00Z,KZ-TR-001,43.260,76.945,65266,0x00,0xd4,0x03,0x00
2026-06-04T17:14:00Z,KZ-TR-001,43.260,76.945,65280,0xc8,0x32,0x00,0x00
2026-06-04T17:15:00Z,KZ-TR-001,43.259,76.943,65265,0x00,0x00,0xa0,0x02
2026-06-04T17:15:00Z,KZ-TR-001,43.259,76.943,65266,0x00,0xd4,0x03,0x00
2026-06-04T17:15:00Z,KZ-TR-001,43.259,76.943,65280,0xc8,0x32,0x00,0x00
2026-06-04T17:16:00Z,KZ-TR-001,43.255,76.941,65265,0x00,0x00,0xa0,0x02
2026-06-04T17:16:00Z,KZ-TR-001,43.255,76.941,65266,0x00,0xd4,0x03,0x00
2026-06-04T17:16:00Z,KZ-TR-001,43.255,76.941,65280,0xc8,0x32,0x00,0x00
2026-06-04T17:17:00Z,KZ-TR-001,43.257,76.942,65265,0x00,0x00,0xa0,0x02
2026-06-04T17:17:00Z,KZ-TR-001,43.257,76.942,65266,0x00,0xd4,0x03,0x00
2026-06-04T17:17:00Z,KZ-TR-001,43.257,76.942,65280,0xc8,0x32,0x00,0x00
2026-06-04T17:18:00Z,KZ-TR-001,43.258,76.942,65265,0x00,0x00,0xa0,0x02
2026-06-04T17:18:00Z,KZ-TR-001,43.258,76.942,65266,0x00,0xd4,0x03,0x00
2026-06-04T17:18:00Z,KZ-TR-001,43.258,76.942,65280,0xc8,0x32,0x00,0x00
2026-06-04T17:19:00Z,KZ-TR-001,43.258,76.945,65265,0x00,0x00,0xa0,0x02
2026-06-04T17:19:00Z,KZ-TR-001,43.258,76.945,65266,0x00,0xd4,0x03,0x00
2026-06-04T17:19:00Z,KZ-TR-001,43.258,76.945,65280,0xc8,0x32,0x00,0x00
2026-06-04T17:20:00Z,KZ-TR-001,43.263,76.945,65265,0x00,0x00,0xa0,0x02
2026-06-04T17:20:00Z,KZ-TR-001,43.263,76.945,65266,0x00,0xd4,0x03,0x00
2026-06-04T17:20:00Z,KZ-TR-001,43.263,76.945,65280,0xc8,0x32,0x00,0x00
2026-06-04T17:21:00Z,KZ-TR-001,43.256,76.941,65265,0x00,0x00,0xa0,0x02
2026-06-04T17:21:00Z,KZ-TR-001,43.256,76.941,65266,0x00,0xd4,0x03,0x00
2026-06-04T17:21:00Z,KZ-TR-001,43.256,76.941,65280,0xc8,0x32,0x00,0x00
2026-06-04T17:22:00Z,KZ-TR-001,43.256,76.943,65265,0x00,0x00,0xa0,0x02
2026-06-04T17:22:00Z,KZ-TR-001,43.256,76.943,65266,0x00,0xd4,0x03,0x00
2026-06-04T17:22:00Z,KZ-TR-001,43.256,76.943,65280,0xc8,0x32,0x00,0x00
2026-06-04T17:23:00Z,KZ-TR-001,43.261,76.949,65265,0x00,0x00,0xa0,0x02
2026-06-04T17:23:00Z,KZ-TR-001,43.261,76.949,65266,0x00,0xd4,0x03,0x00
2026-06-04T17:23:00Z,KZ-TR-001,43.261,76.949,65280,0xc8,0x32,0x00,0x00
2026-06-04T17:24:00Z,KZ-TR-001,43.264,76.949,65265,0x00,0x00,0xa0,0x02
2026-06-04T17:24:00Z,KZ-TR-001,43.264,76.949,65266,0x00,0xd4,0x03,0x00
2026-06-04T17:24:00Z,KZ-TR-001,43.264,76.949,65280,0xc8,0x32,0x00,0x00
2026-06-04T17:25:00Z,KZ-TR-001,43.263,76.945,65265,0x00,0x00,0xa0,0x02
2026-06-04T17:25:00Z,KZ-TR-001,43.263,76.945,65266,0x00,0xd4,0x03,0x00
2026-06-04T17:25:00Z,KZ-TR-001,43.263,76.945,65280,0xc8,0x32,0x00,0x00
2026-06-04T17:26:00Z,KZ-TR-001,43.264,76.945,65265,0x00,0x00,0xa0,0x02
2026-06-04T17:26:00Z,KZ-TR-001,43.264,76.945,65266,0x00,0xd4,0x03,0x00
2026-06-04T17:26:00Z,KZ-TR-001,43.264,76.945,65280,0xc8,0x32,0x00,0x00
2026-06-04T17:27:00Z,KZ-TR-001,43.258,76.950,65265,0x00,0x00,0xa0,0x02
2026-06-04T17:27:00Z,KZ-TR-001,43.258,76.950,65266,0x00,0xd4,0x03,0x00
2026-06-04T17:27:00Z,KZ-TR-001,43.258,76.950,65280,0xc8,0x32,0x00,0x00
2026-06-04T17:28:00Z,KZ-TR-001,43.264,76.940,65265,0x00,0x00,0xa0,0x02
2026-06-04T17:28:00Z,KZ-TR-001,43.264,76.940,65266,0x00,0xd4,0x03,0x00
2026-06-04T17:28:00Z,KZ-TR-001,43.264,76.940,65280,0xc8,0x32,0x00,0x00
2026-06-04T17:29:00Z,KZ-TR-001,43.262,76.942,65265,0x00,0x00,0xa0,0x02
2026-06-04T17:29:00Z,KZ-TR-001,43.262,76.942,65266,0x00,0xd4,0x03,0x00
2026-06-04T17:29:00Z,KZ-TR-001,43.262,76.942,65280,0xc8,0x32,0x00,0x00
2026-06-04T17:30:00Z,KZ-TR-001,43.265,76.941,65265,0x00,0x00,0xa0,0x02
2026-06-04T17:30:00Z,KZ-TR-001,43.265,76.941,65266,0x00,0xd4,0x03,0x00
2026-06-04T17:30:00Z,KZ-TR-001,43.265,76.941,65280,0xc8,0x32,0x00,0x00
2026-06-04T17:31:00Z,KZ-TR-001,43.262,76.942,65265,0x00,0x00,0xa0,0x02
2026-06-04T17:31:00Z,KZ-TR-001,43.262,76.942,65266,0x00,0xd4,0x03,0x00
2026-06-04T17:31:00Z,KZ-TR-001,43.262,76.942,65280,0xc8,0x32,0x00,0x00
2026-06-04T17:32:00Z,KZ-TR-001,43.260,76.944,65265,0x00,0x00,0xa0,0x02
2026-06-04T17:32:00Z,KZ-TR-001,43.260,76.944,65266,0x00,0xd4,0x03,0x00
2026-06-04T17:32:00Z,KZ-TR-001,43.260,76.944,65280,0xc8,0x32,0x00,0x00
2026-06-04T17:33:00Z,KZ-TR-001,43.261,76.944,65265,0x00,0x00,0xa0,0x02
2026-06-04T17:33:00Z,KZ-TR-001,43.261,76.944,65266,0x00,0xd4,0x03,0x00
2026-06-04T17:33:00Z,KZ-TR-001,43.261,76.944,65280,0xc8,0x32,0x00,0x00
2026-06-04T17:34:00Z,KZ-TR-001,43.262,76.943,65265,0x00,0x00,0xa0,0x02
2026-06-04T17:34:00Z,KZ-TR-001,43.262,76.943,65266,0x00,0xd4,0x03,0x00
2026-06-04T17:34:00Z,KZ-TR-001,43.262,76.943,65280,0xc8,0x32,0x00,0x00
2026-06-04T17:35:00Z,KZ-TR-001,43.260,76.949,65265,0x00,0x00,0xa0,0x02
2026-06-04T17:35:00Z,KZ-TR-001,43.260,76.949,65266,0x00,0xd4,0x03,0x00
2026-06-04T17:35:00Z,KZ-TR-001,43.260,76.949,65280,0xc8,0x32,0x00,0x00
2026-06-04T17:36:00Z,KZ-TR-001,43.264,76.941,65265,0x00,0x00,0xa0,0x02
2026-06-04T17:36:00Z,KZ-TR-001,43.264,76.941,65266,0x00,0xd4,0x03,0x00
2026-06-04T17:36:00Z,KZ-TR-001,43.264,76.941,65280,0xc8,0x32,0x00,0x00
2026-06-04T17:37:00Z,KZ-TR-001,43.257,76.948,65265,0x00,0x00,0xa0,0x02
2026-06-04T17:37:00Z,KZ-TR-001,43.257,76.948,65266,0x00,0xd4,0x03,0x00
2026-06-04T17:37:00Z,KZ-TR-001,43.257,76.948,65280,0xc8,0x32,0x00,0x00
2026-06-04T17:38:00Z,KZ-TR-001,43.264,76.941,65265,0x00,0x00,0xa0,0x02
2026-06-04T17:38:00Z,KZ-TR-001,43.264,76.941,65266,0x00,0xd4,0x03,0x00
2026-06-04T17:38:00Z,KZ-TR-001,43.264,76.941,65280,0xc8,0x32,0x00,0x00
2026-06-04T17:39:00Z,KZ-TR-001,43.256,76.945,65265,0x00,0x00,0xa0,0x02
2026-06-04T17:39:00Z,KZ-TR-001,43.256,76.945,65266,0x00,0xd4,0x03,0x00
2026-06-04T17:39:00Z,KZ-TR-001,43.256,76.945,65280,0xc8,0x32,0x00,0x00
2026-06-04T17:40:00Z,KZ-TR-001,43.258,76.945,65265,0x00,0x00,0xa0,0x02
2026-06-04T17:40:00Z,KZ-TR-001,43.258,76.945,65266,0x00,0xd4,0x03,0x00
2026-06-04T17:40:00Z,KZ-TR-001,43.258,76.945,65280,0xc8,0x32,0x00,0x00
2026-06-04T17:41:00Z,KZ-TR-001,43.264,76.940,65265,0x00,0x00,0xa0,0x02
2026-06-04T17:41:00Z,KZ-TR-001,43.264,76.940,65266,0x00,0xd4,0x03,0x00
2026-06-04T17:41:00Z,KZ-TR-001,43.264,76.940,65280,0xc8,0x32,0x00,0x00
2026-06-04T17:42:00Z,KZ-TR-001,43.262,76.947,65265,0x00,0x00,0xa0,0x02
2026-06-04T17:42:00Z,KZ-TR-001,43.262,76.947,65266,0x00,0xd4,0x03,0x00
2026-06-04T17:42:00Z,KZ-TR-001,43.262,76.947,65280,0xc8,0x32,0x00,0x00
2026-06-04T17:43:00Z,KZ-TR-001,43.257,76.942,65265,0x00,0x00,0xa0,0x02
2026-06-04T17:43:00Z,KZ-TR-001,43.257,76.942,65266,0x00,0xd4,0x03,0x00
2026-06-04T17:43:00Z,KZ-TR-001,43.257,76.942,65280,0xc8,0x32,0x00,0x00
2026-06-04T17:44:00Z,KZ-TR-001,43.257,76.946,65265,0x00,0x00,0xa0,0x02
2026-06-04T17:44:00Z,KZ-TR-001,43.257,76.946,65266,0x00,0xd4,0x03,0x00
2026-06-04T17:44:00Z,KZ-TR-001,43.257,76.946,65280,0xc8,0x32,0x00,0x00
2026-06-04T17:45:00Z,KZ-TR-001,43.263,76.943,65265,0x00,0x00,0xa0,0x02
2026-06-04T17:45:00Z,KZ-TR-001,43.263,76.943,65266,0x00,0xd4,0x03,0x00
2026-06-04T17:45:00Z,KZ-TR-001,43.263,76.943,65280,0xc8,0x32,0x00,0x00
2026-06-04T17:46:00Z,KZ-TR-001,43.264,76.943,65265,0x00,0x00,0xa0,0x02
2026-06-04T17:46:00Z,KZ-TR-001,43.264,76.943,65266,0x00,0xd4,0x03,0x00
2026-06-04T17:46:00Z,KZ-TR-001,43.264,76.943,65280,0xc8,0x32,0x00,0x00
2026-06-04T17:47:00Z,KZ-TR-001,43.262,76.947,65265,0x00,0x00,0xa0,0x02
2026-06-04T17:47:00Z,KZ-TR-001,43.262,76.947,65266,0x00,0xd4,0x03,0x00
2026-06-04T17:47:00Z,KZ-TR-001,43.262,76.947,65280,0xc8,0x32,0x00,0x00
2026-06-04T17:48:00Z,KZ-TR-001,43.255,76.944,65265,0x00,0x00,0xa0,0x02
2026-06-04T17:48:00Z,KZ-TR-001,43.255,76.944,65266,0x00,0xd4,0x03,0x00
2026-06-04T17:48:00Z,KZ-TR-001,43.255,76.944,65280,0xc8,0x32,0x00,0x00
2026-06-04T17:49:00Z,KZ-TR-001,43.258,76.947,65265,0x00,0x00,0xa0,0x02
2026-06-04T17:49:00Z,KZ-TR-001,43.258,76.947,65266,0x00,0xd4,0x03,0x00
2026-06-04T17:49:00Z,KZ-TR-001,43.258,76.947,65280,0xc8,0x32,0x00,0x00
2026-06-04T17:50:00Z,KZ-TR-001,43.262,76.948,65265,0x00,0x00,0xa0,0x02
2026-06-04T17:50:00Z,KZ-TR-001,43.262,76.948,65266,0x00,0xd4,0x03,0x00
2026-06-04T17:50:00Z,KZ-TR-001,43.262,76.948,65280,0xc8,0x32,0x00,0x00
2026-06-04T17:51:00Z,KZ-TR-001,43.255,76.943,65265,0x00,0x00,0xa0,0x02
2026-06-04T17:51:00Z,KZ-TR-001,43.255,76.943,65266,0x00,0xd4,0x03,0x00
2026-06-04T17:51:00Z,KZ-TR-001,43.255,76.943,65280,0xc8,0x32,0x00,0x00
2026-06-04T17:52:00Z,KZ-TR-001,43.255,76.943,65265,0x00,0x00,0xa0,0x02
2026-06-04T17:52:00Z,KZ-TR-001,43.255,76.943,65266,0x00,0xd4,0x03,0x00
2026-06-04T17:52:00Z,KZ-TR-001,43.255,76.943,65280,0xc8,0x32,0x00,0x00
2026-06-04T17:53:00Z,KZ-TR-001,43.264,76.948,65265,0x00,0x00,0xa0,0x02
2026-06-04T17:53:00Z,KZ-TR-001,43.264,76.948,65266,0x00,0xd4,0x03,0x00
2026-06-04T17:53:00Z,KZ-TR-001,43.264,76.948,65280,0xc8,0x32,0x00,0x00
2026-06-04T17:54:00Z,KZ-TR-001,43.261,76.941,65265,0x00,0x00,0xa0,0x02
2026-06-04T17:54:00Z,KZ-TR-001,43.261,76.941,65266,0x00,0xd4,0x03,0x00
2026-06-04T17:54:00Z,KZ-TR-001,43.261,76.941,65280,0xc8,0x32,0x00,0x00
2026-06-04T17:55:00Z,KZ-TR-001,43.260,76.948,65265,0x00,0x00,0xa0,0x02
2026-06-04T17:55:00Z,KZ-TR-001,43.260,76.948,65266,0x00,0xd4,0x03,0x00
2026-06-04T17:55:00Z,KZ-TR-001,43.260,76.948,65280,0xc8,0x32,0x00,0x00
2026-06-04T17:56:00Z,KZ-TR-001,43.261,76.944,65265,0x00,0x00,0xa0,0x02
2026-06-04T17:56:00Z,KZ-TR-001,43.261,76.944,65266,0x00,0xd4,0x03,0x00
2026-06-04T17:56:00Z,KZ-TR-001,43.261,76.944,65280,0xc8,0x32,0x00,0x00
2026-06-04T17:57:00Z,KZ-TR-001,43.257,76.943,65265,0x00,0x00,0xa0,0x02
2026-06-04T17:57:00Z,KZ-TR-001,43.257,76.943,65266,0x00,0xd4,0x03,0x00
2026-06-04T17:57:00Z,KZ-TR-001,43.257,76.943,65280,0xc8,0x32,0x00,0x00
2026-06-04T17:58:00Z,KZ-TR-001,43.259,76.941,65265,0x00,0x00,0xa0,0x02
2026-06-04T17:58:00Z,KZ-TR-001,43.259,76.941,65266,0x00,0xd4,0x03,0x00
2026-06-04T17:58:00Z,KZ-TR-001,43.259,76.941,65280,0xc8,0x32,0x00,0x00
2026-06-04T17:59:00Z,KZ-TR-001,43.264,76.945,65265,0x00,0x00,0xa0,0x02
2026-06-04T17:59:00Z,KZ-TR-001,43.264,76.945,65266,0x00,0xd4,0x03,0x00
2026-06-04T17:59:00Z,KZ-TR-001,43.264,76.945,65280,0xc8,0x32,0x00,0x00
2026-06-05T08:00:00Z,KZ-TR-001,43.263,76.950,65265,0x00,0x00,0xc0,0x02
2026-06-05T08:00:00Z,KZ-TR-001,43.263,76.950,65266,0x00,0x10,0x04,0x00
2026-06-05T08:00:00Z,KZ-TR-001,43.263,76.950,65280,0xb0,0x36,0x00,0x00
2026-06-05T08:01:00Z,KZ-TR-001,43.264,76.949,65265,0x00,0x00,0xc0,0x02
2026-06-05T08:01:00Z,KZ-TR-001,43.264,76.949,65266,0x00,0x10,0x04,0x00
2026-06-05T08:01:00Z,KZ-TR-001,43.264,76.949,65280,0xb0,0x36,0x00,0x00
2026-06-05T08:02:00Z,KZ-TR-001,43.260,76.944,65265,0x00,0x00,0xc0,0x02
2026-06-05T08:02:00Z,KZ-TR-001,43.260,76.944,65266,0x00,0x10,0x04,0x00
2026-06-05T08:02:00Z,KZ-TR-001,43.260,76.944,65280,0xb0,0x36,0x00,0x00
2026-06-05T08:03:00Z,KZ-TR-001,43.259,76.949,65265,0x00,0x00,0xc0,0x02
2026-06-05T08:03:00Z,KZ-TR-001,43.259,76.949,65266,0x00,0x10,0x04,0x00
2026-06-05T08:03:00Z,KZ-TR-001,43.259,76.949,65280,0xb0,0x36,0x00,0x00
2026-06-05T08:04:00Z,KZ-TR-001,43.264,76.941,65265,0x00,0x00,0xc0,0x02
2026-06-05T08:04:00Z,KZ-TR-001,43.264,76.941,65266,0x00,0x10,0x04,0x00
2026-06-05T08:04:00Z,KZ-TR-001,43.264,76.941,65280,0xb0,0x36,0x00,0x00
2026-06-05T08:05:00Z,KZ-TR-001,43.257,76.940,65265,0x00,0x00,0xc0,0x02
2026-06-05T08:05:00Z,KZ-TR-001,43.257,76.940,65266,0x00,0x10,0x04,0x00
2026-06-05T08:05:00Z,KZ-TR-001,43.257,76.940,65280,0xb0,0x36,0x00,0x00
2026-06-05T08:06:00Z,KZ-TR-001,43.259,76.941,65265,0x00,0x00,0xc0,0x02
2026-06-05T08:06:00Z,KZ-TR-001,43.259,76.941,65266,0x00,0x10,0x04,0x00
2026-06-05T08:06:00Z,KZ-TR-001,43.259,76.941,65280,0xb0,0x36,0x00,0x00
2026-06-05T08:07:00Z,KZ-TR-001,43.257,76.944,65265,0x00,0x00,0xc0,0x02
2026-06-05T08:07:00Z,KZ-TR-001,43.257,76.944,65266,0x00,0x10,0x04,0x00
2026-06-05T08:07:00Z,KZ-TR-001,43.257,76.944,65280,0xb0,0x36,0x00,0x00
2026-06-05T08:08:00Z,KZ-TR-001,43.263,76.946,65265,0x00,0x00,0xc0,0x02
2026-06-05T08:08:00Z,KZ-TR-001,43.263,76.946,65266,0x00,0x10,0x04,0x00
2026-06-05T08:08:00Z,KZ-TR-001,43.263,76.946,65280,0xb0,0x36,0x00,0x00
2026-06-05T08:09:00Z,KZ-TR-001,43.262,76.949,65265,0x00,0x00,0xc0,0x02
2026-06-05T08:09:00Z,KZ-TR-001,43.262,76.949,65266,0x00,0x10,0x04,0x00
2026-06-05T08:09:00Z,KZ-TR-001,43.262,76.949,65280,0xb0,0x36,0x00,0x00
2026-06-05T08:10:00Z,KZ-TR-001,43.261,76.950,65265,0x00,0x00,0xc0,0x02
2026-06-05T08:10:00Z,KZ-TR-001,43.261,76.950,65266,0x00,0x10,0x04,0x00
2026-06-05T08:10:00Z,KZ-TR-001,43.261,76.950,65280,0xb0,0x36,0x00,0x00
2026-06-05T08:11:00Z,KZ-TR-001,43.261,76.945,65265,0x00,0x00,0xc0,0x02
2026-06-05T08:11:00Z,KZ-TR-001,43.261,76.945,65266,0x00,0x10,0x04,0x00
2026-06-05T08:11:00Z,KZ-TR-001,43.261,76.945,65280,0xb0,0x36,0x00,0x00
2026-06-05T08:12:00Z,KZ-TR-001,43.256,76.948,65265,0x00,0x00,0xc0,0x02
2026-06-05T08:12:00Z,KZ-TR-001,43.256,76.948,65266,0x00,0x10,0x04,0x00
2026-06-05T08:12:00Z,KZ-TR-001,43.256,76.948,65280,0xb0,0x36,0x00,0x00
2026-06-05T08:13:00Z,KZ-TR-001,43.264,76.946,65265,0x00,0x00,0xc0,0x02
2026-06-05T08:13:00Z,KZ-TR-001,43.264,76.946,65266,0x00,0x10,0x04,0x00
2026-06-05T08:13:00Z,KZ-TR-001,43.264,76.946,65280,0xb0,0x36,0x00,0x00
2026-06-05T08:14:00Z,KZ-TR-001,43.264,76.947,65265,0x00,0x00,0xc0,0x02
2026-06-05T08:14:00Z,KZ-TR-001,43.264,76.947,65266,0x00,0x10,0x04,0x00
2026-06-05T08:14:00Z,KZ-TR-001,43.264,76.947,65280,0xb0,0x36,0x00,0x00
2026-06-05T08:15:00Z,KZ-TR-001,43.263,76.948,65265,0x00,0x00,0xc0,0x02
2026-06-05T08:15:00Z,KZ-TR-001,43.263,76.948,65266,0x00,0x10,0x04,0x00
2026-06-05T08:15:00Z,KZ-TR-001,43.263,76.948,65280,0xb0,0x36,0x00,0x00
2026-06-05T08:16:00Z,KZ-TR-001,43.265,76.945,65265,0x00,0x00,0xc0,0x02
2026-06-05T08:16:00Z,KZ-TR-001,43.265,76.945,65266,0x00,0x10,0x04,0x00
2026-06-05T08:16:00Z,KZ-TR-001,43.265,76.945,65280,0xb0,0x36,0x00,0x00
2026-06-05T08:17:00Z,KZ-TR-001,43.263,76.945,65265,0x00,0x00,0xc0,0x02
2026-06-05T08:17:00Z,KZ-TR-001,43.263,76.945,65266,0x00,0x10,0x04,0x00
2026-06-05T08:17:00Z,KZ-TR-001,43.263,76.945,65280,0xb0,0x36,0x00,0x00
2026-06-05T08:18:00Z,KZ-TR-001,43.260,76.943,65265,0x00,0x00,0xc0,0x02
2026-06-05T08:18:00Z,KZ-TR-001,43.260,76.943,65266,0x00,0x10,0x04,0x00
2026-06-05T08:18:00Z,KZ-TR-001,43.260,76.943,65280,0xb0,0x36,0x00,0x00
2026-06-05T08:19:00Z,KZ-TR-001,43.259,76.945,65265,0x00,0x00,0xc0,0x02
2026-06-05T08:19:00Z,KZ-TR-001,43.259,76.945,65266,0x00,0x10,0x04,0x00
2026-06-05T08:19:00Z,KZ-TR-001,43.259,76.945,65280,0xb0,0x36,0x00,0x00
2026-06-05T08:20:00Z,KZ-TR-001,43.264,76.946,65265,0x00,0x00,0xc0,0x02
2026-06-05T08:20:00Z,KZ-TR-001,43.264,76.946,65266,0x00,0x10,0x04,0x00
2026-06-05T08:20:00Z,KZ-TR-001,43.264,76.946,65280,0xb0,0x36,0x00,0x00
2026-06-05T08:21:00Z,KZ-TR-001,43.261,76.943,65265,0x00,0x00,0xc0,0x02
2026-06-05T08:21:00Z,KZ-TR-001,43.261,76.943,65266,0x00,0x10,0x04,0x00
2026-06-05T08:21:00Z,KZ-TR-001,43.261,76.943,65280,0xb0,0x36,0x00,0x00
2026-06-05T08:22:00Z,KZ-TR-001,43.255,76.945,65265,0x00,0x00,0xc0,0x02
2026-06-05T08:22:00Z,KZ-TR-001,43.255,76.945,65266,0x00,0x10,0x04,0x00
2026-06-05T08:22:00Z,KZ-TR-001,43.255,76.945,65280,0xb0,0x36,0x00,0x00
2026-06-05T08:23:00Z,KZ-TR-001,43.263,76.947,65265,0x00,0x00,0xc0,0x02
2026-06-05T08:23:00Z,KZ-TR-001,43.263,76.947,65266,0x00,0x10,0x04,0x00
2026-06-05T08:23:00Z,KZ-TR-001,43.263,76.947,65280,0xb0,0x36,0x00,0x00
2026-06-05T08:24:00Z,KZ-TR-001,43.259,76.944,65265,0x00,0x00,0xc0,0x02
2026-06-05T08:24:00Z,KZ-TR-001,43.259,76.944,65266,0x00,0x10,0x04,0x00
2026-06-05T08:24:00Z,KZ-TR-001,43.259,76.944,65280,0xb0,0x36,0x00,0x00
2026-06-05T08:25:00Z,KZ-TR-001,43.261,76.948,65265,0x00,0x00,0xc0,0x02
2026-06-05T08:25:00Z,KZ-TR-001,43.261,76.948,65266,0x00,0x10,0x04,0x00
2026-06-05T08:25:00Z,KZ-TR-001,43.261,76.948,65280,0xb0,0x36,0x00,0x00
2026-06-05T08:26:00Z,KZ-TR-001,43.256,76.949,65265,0x00,0x00,0xc0,0x02
2026-06-05T08:26:00Z,KZ-TR-001,43.256,76.949,65266,0x00,0x10,0x04,0x00
2026-06-05T08:26:00Z,KZ-TR-001,43.256,76.949,65280,0xb0,0x36,0x00,0x00
2026-06-05T08:27:00Z,KZ-TR-001,43.258,76.941,65265,0x00,0x00,0xc0,0x02
2026-06-05T08:27:00Z,KZ-TR-001,43.258,76.941,65266,0x00,0x10,0x04,0x00
2026-06-05T08:27:00Z,KZ-TR-001,43.258,76.941,65280,0xb0,0x36,0x00,0x00
2026-06-05T08:28:00Z,KZ-TR-001,43.260,76.947,65265,0x00,0x00,0xc0,0x02
2026-06-05T08:28:00Z,KZ-TR-001,43.260,76.947,65266,0x00,0x10,0x04,0x00
2026-06-05T08:28:00Z,KZ-TR-001,43.260,76.947,65280,0xb0,0x36,0x00,0x00
2026-06-05T08:29:00Z,KZ-TR-001,43.262,76.944,65265,0x00,0x00,0xc0,0x02
2026-06-05T08:29:00Z,KZ-TR-001,43.262,76.944,65266,0x00,0x10,0x04,0x00
2026-06-05T08:29:00Z,KZ-TR-001,43.262,76.944,65280,0xb0,0x36,0x00,0x00
2026-06-05T08:30:00Z,KZ-TR-001,43.259,76.943,65265,0x00,0x00,0xc0,0x02
2026-06-05T08:30:00Z,KZ-TR-001,43.259,76.943,65266,0x00,0x10,0x04,0x00
2026-06-05T08:30:00Z,KZ-TR-001,43.259,76.943,65280,0xb0,0x36,0x00,0x00
2026-06-05T08:31:00Z,KZ-TR-001,43.264,76.942,65265,0x00,0x00,0xc0,0x02
2026-06-05T08:31:00Z,KZ-TR-001,43.264,76.942,65266,0x00,0x10,0x04,0x00
2026-06-05T08:31:00Z,KZ-TR-001,43.264,76.942,65280,0xb0,0x36,0x00,0x00
2026-06-05T08:32:00Z,KZ-TR-001,43.255,76.942,65265,0x00,0x00,0xc0,0x02
2026-06-05T08:32:00Z,KZ-TR-001,43.255,76.942,65266,0x00,0x10,0x04,0x00
2026-06-05T08:32:00Z,KZ-TR-001,43.255,76.942,65280,0xb0,0x36,0x00,0x00
2026-06-05T08:33:00Z,KZ-TR-001,43.261,76.940,65265,0x00,0x00,0xc0,0x02
2026-06-05T08:33:00Z,KZ-TR-001,43.261,76.940,65266,0x00,0x10,0x04,0x00
2026-06-05T08:33:00Z,KZ-TR-001,43.261,76.940,65280,0xb0,0x36,0x00,0x00
2026-06-05T08:34:00Z,KZ-TR-001,43.263,76.942,65265,0x00,0x00,0xc0,0x02
2026-06-05T08:34:00Z,KZ-TR-001,43.263,76.942,65266,0x00,0x10,0x04,0x00
2026-06-05T08:34:00Z,KZ-TR-001,43.263,76.942,65280,0xb0,0x36,0x00,0x00
2026-06-05T08:35:00Z,KZ-TR-001,43.265,76.942,65265,0x00,0x00,0xc0,0x02
2026-06-05T08:35:00Z,KZ-TR-001,43.265,76.942,65266,0x00,0x10,0x04,0x00
2026-06-05T08:35:00Z,KZ-TR-001,43.265,76.942,65280,0xb0,0x36,0x00,0x00
2026-06-05T08:36:00Z,KZ-TR-001,43.259,76.948,65265,0x00,0x00,0xc0,0x02
2026-06-05T08:36:00Z,KZ-TR-001,43.259,76.948,65266,0x00,0x10,0x04,0x00
2026-06-05T08:36:00Z,KZ-TR-001,43.259,76.948,65280,0xb0,0x36,0x00,0x00
2026-06-05T08:37:00Z,KZ-TR-001,43.256,76.944,65265,0x00,0x00,0xc0,0x02
2026-06-05T08:37:00Z,KZ-TR-001,43.256,76.944,65266,0x00,0x10,0x04,0x00
2026-06-05T08:37:00Z,KZ-TR-001,43.256,76.944,65280,0xb0,0x36,0x00,0x00
2026-06-05T08:38:00Z,KZ-TR-001,43.260,76.945,65265,0x00,0x00,0xc0,0x02
2026-06-05T08:38:00Z,KZ-TR-001,43.260,76.945,65266,0x00,0x10,0x04,0x00
2026-06-05T08:38:00Z,KZ-TR-001,43.260,76.945,65280,0xb0,0x36,0x00,0x00
2026-06-05T08:39:00Z,KZ-TR-001,43.258,76.941,65265,0x00,0x00,0xc0,0x02
2026-06-05T08:39:00Z,KZ-TR-001,43.258,76.941,65266,0x00,0x10,0x04,0x00
2026-06-05T08:39:00Z,KZ-TR-001,43.258,76.941,65280,0xb0,0x36,0x00,0x00
2026-06-05T08:40:00Z,KZ-TR-001,43.264,76.946,65265,0x00,0x00,0xc0,0x02
2026-06-05T08:40:00Z,KZ-TR-001,43.264,76.946,65266,0x00,0x10,0x04,0x00
2026-06-05T08:40:00Z,KZ-TR-001,43.264,76.946,65280,0xb0,0x36,0x00,0x00
2026-06-05T08:41:00Z,KZ-TR-001,43.260,76.948,65265,0x00,0x00,0xc0,0x02
2026-06-05T08:41:00Z,KZ-TR-001,43.260,76.948,65266,0x00,0x10,0x04,0x00
2026-06-05T08:41:00Z,KZ-TR-001,43.260,76.948,65280,0xb0,0x36,0x00,0x00
2026-06-05T08:42:00Z,KZ-TR-001,43.263,76.947,65265,0x00,0x00,0xc0,0x02
2026-06-05T08:42:00Z,KZ-TR-001,43.263,76.947,65266,0x00,0x10,0x04,0x00
2026-06-05T08:42:00Z,KZ-TR-001,43.263,76.947,65280,0xb0,0x36,0x00,0x00
2026-06-05T08:43:00Z,KZ-TR-001,43.258,76.941,65265,0x00,0x00,0xc0,0x02
2026-06-05T08:43:00Z,KZ-TR-001,43.258,76.941,65266,0x00,0x10,0x04,0x00
2026-06-05T08:43:00Z,KZ-TR-001,43.258,76.941,65280,0xb0,0x36,0x00,0x00
2026-06-05T08:44:00Z,KZ-TR-001,43.257,76.945,65265,0x00,0x00,0xc0,0x02
2026-06-05T08:44:00Z,KZ-TR-001,43.257,76.945,65266,0x00,0x10,0x04,0x00
2026-06-05T08:44:00Z,KZ-TR-001,43.257,76.945,65280,0xb0,0x36,0x00,0x00
2026-06-05T08:45:00Z,KZ-TR-001,43.265,76.946,65265,0x00,0x00,0xc0,0x02
2026-06-05T08:45:00Z,KZ-TR-001,43.265,76.946,65266,0x00,0x10,0x04,0x00
2026-06-05T08:45:00Z,KZ-TR-001,43.265,76.946,65280,0xb0,0x36,0x00,0x00
2026-06-05T08:46:00Z,KZ-TR-001,43.261,76.948,65265,0x00,0x00,0xc0,0x02
2026-06-05T08:46:00Z,KZ-TR-001,43.261,76.948,65266,0x00,0x10,0x04,0x00
2026-06-05T08:46:00Z,KZ-TR-001,43.261,76.948,65280,0xb0,0x36,0x00,0x00
2026-06-05T08:47:00Z,KZ-TR-001,43.257,76.949,65265,0x00,0x00,0xc0,0x02
2026-06-05T08:47:00Z,KZ-TR-001,43.257,76.949,65266,0x00,0x10,0x04,0x00
2026-06-05T08:47:00Z,KZ-TR-001,43.257,76.949,65280,0xb0,0x36,0x00,0x00
2026-06-05T08:48:00Z,KZ-TR-001,43.261,76.948,65265,0x00,0x00,0xc0,0x02
2026-06-05T08:48:00Z,KZ-TR-001,43.261,76.948,65266,0x00,0x10,0x04,0x00
2026-06-05T08:48:00Z,KZ-TR-001,43.261,76.948,65280,0xb0,0x36,0x00,0x00
2026-06-05T08:49:00Z,KZ-TR-001,43.263,76.945,65265,0x00,0x00,0xc0,0x02
2026-06-05T08:49:00Z,KZ-TR-001,43.263,76.945,65266,0x00,0x10,0x04,0x00
2026-06-05T08:49:00Z,KZ-TR-001,43.263,76.945,65280,0xb0,0x36,0x00,0x00
2026-06-05T08:50:00Z,KZ-TR-001,43.261,76.948,65265,0x00,0x00,0xc0,0x02
2026-06-05T08:50:00Z,KZ-TR-001,43.261,76.948,65266,0x00,0x10,0x04,0x00
2026-06-05T08:50:00Z,KZ-TR-001,43.261,76.948,65280,0xb0,0x36,0x00,0x00
2026-06-05T08:51:00Z,KZ-TR-001,43.260,76.949,65265,0x00,0x00,0xc0,0x02
2026-06-05T08:51:00Z,KZ-TR-001,43.260,76.949,65266,0x00,0x10,0x04,0x00
2026-06-05T08:51:00Z,KZ-TR-001,43.260,76.949,65280,0xb0,0x36,0x00,0x00
2026-06-05T08:52:00Z,KZ-TR-001,43.257,76.949,65265,0x00,0x00,0xc0,0x02
2026-06-05T08:52:00Z,KZ-TR-001,43.257,76.949,65266,0x00,0x10,0x04,0x00
2026-06-05T08:52:00Z,KZ-TR-001,43.257,76.949,65280,0xb0,0x36,0x00,0x00
2026-06-05T08:53:00Z,KZ-TR-001,43.260,76.943,65265,0x00,0x00,0xc0,0x02
2026-06-05T08:53:00Z,KZ-TR-001,43.260,76.943,65266,0x00,0x10,0x04,0x00
2026-06-05T08:53:00Z,KZ-TR-001,43.260,76.943,65280,0xb0,0x36,0x00,0x00
2026-06-05T08:54:00Z,KZ-TR-001,43.263,76.949,65265,0x00,0x00,0xc0,0x02
2026-06-05T08:54:00Z,KZ-TR-001,43.263,76.949,65266,0x00,0x10,0x04,0x00
2026-06-05T08:54:00Z,KZ-TR-001,43.263,76.949,65280,0xb0,0x36,0x00,0x00
2026-06-05T08:55:00Z,KZ-TR-001,43.263,76.947,65265,0x00,0x00,0xc0,0x02
2026-06-05T08:55:00Z,KZ-TR-001,43.263,76.947,65266,0x00,0x10,0x04,0x00
2026-06-05T08:55:00Z,KZ-TR-001,43.263,76.947,65280,0xb0,0x36,0x00,0x00
2026-06-05T08:56:00Z,KZ-TR-001,43.260,76.947,65265,0x00,0x00,0xc0,0x02
2026-06-05T08:56:00Z,KZ-TR-001,43.260,76.947,65266,0x00,0x10,0x04,0x00
2026-06-05T08:56:00Z,KZ-TR-001,43.260,76.947,65280,0xb0,0x36,0x00,0x00
2026-06-05T08:57:00Z,KZ-TR-001,43.256,76.941,65265,0x00,0x00,0xc0,0x02
2026-06-05T08:57:00Z,KZ-TR-001,43.256,76.941,65266,0x00,0x10,0x04,0x00
2026-06-05T08:57:00Z,KZ-TR-001,43.256,76.941,65280,0xb0,0x36,0x00,0x00
2026-06-05T08:58:00Z,KZ-TR-001,43.260,76.950,65265,0x00,0x00,0xc0,0x02
2026-06-05T08:58:00Z,KZ-TR-001,43.260,76.950,65266,0x00,0x10,0x04,0x00
2026-06-05T08:58:00Z,KZ-TR-001,43.260,76.950,65280,0xb0,0x36,0x00,0x00
2026-06-05T08:59:00Z,KZ-TR-001,43.265,76.943,65265,0x00,0x00,0xc0,0x02
2026-06-05T08:59:00Z,KZ-TR-001,43.265,76.943,65266,0x00,0x10,0x04,0x00
2026-06-05T08:59:00Z,KZ-TR-001,43.265,76.943,65280,0xb0,0x36,0x00,0x00
2026-06-05T09:00:00Z,KZ-TR-001,43.257,76.942,65265,0x00,0x00,0xc0,0x02
2026-06-05T09:00:00Z,KZ-TR-001,43.257,76.942,65266,0x00,0x10,0x04,0x00
2026-06-05T09:00:00Z,KZ-TR-001,43.257,76.942,65280,0xb0,0x36,0x00,0x00
2026-06-05T09:01:00Z,KZ-TR-001,43.263,76.943,65265,0x00,0x00,0xc0,0x02
2026-06-05T09:01:00Z,KZ-TR-001,43.263,76.943,65266,0x00,0x10,0x04,0x00
2026-06-05T09:01:00Z,KZ-TR-001,43.263,76.943,65280,0xb0,0x36,0x00,0x00
2026-06-05T09:02:00Z,KZ-TR-001,43.262,76.941,65265,0x00,0x00,0xc0,0x02
2026-06-05T09:02:00Z,KZ-TR-001,43.262,76.941,65266,0x00,0x10,0x04,0x00
2026-06-05T09:02:00Z,KZ-TR-001,43.262,76.941,65280,0xb0,0x36,0x00,0x00
2026-06-05T09:03:00Z,KZ-TR-001,43.255,76.941,65265,0x00,0x00,0xc0,0x02
2026-06-05T09:03:00Z,KZ-TR-001,43.255,76.941,65266,0x00,0x10,0x04,0x00
2026-06-05T09:03:00Z,KZ-TR-001,43.255,76.941,65280,0xb0,0x36,0x00,0x00
2026-06-05T09:04:00Z,KZ-TR-001,43.263,76.947,65265,0x00,0x00,0xc0,0x02
2026-06-05T09:04:00Z,KZ-TR-001,43.263,76.947,65266,0x00,0x10,0x04,0x00
2026-06-05T09:04:00Z,KZ-TR-001,43.263,76.947,65280,0xb0,0x36,0x00,0x00
2026-06-05T09:05:00Z,KZ-TR-001,43.256,76.941,65265,0x00,0x00,0xc0,0x02
2026-06-05T09:05:00Z,KZ-TR-001,43.256,76.941,65266,0x00,0x10,0x04,0x00
2026-06-05T09:05:00Z,KZ-TR-001,43.256,76.941,65280,0xb0,0x36,0x00,0x00
2026-06-05T09:06:00Z,KZ-TR-001,43.264,76.942,65265,0x00,0x00,0xc0,0x02
2026-06-05T09:06:00Z,KZ-TR-001,43.264,76.942,65266,0x00,0x10,0x04,0x00
2026-06-05T09:06:00Z,KZ-TR-001,43.264,76.942,65280,0xb0,0x36,0x00,0x00
2026-06-05T09:07:00Z,KZ-TR-001,43.263,76.949,65265,0x00,0x00,0xc0,0x02
2026-06-05T09:07:00Z,KZ-TR-001,43.263,76.949,65266,0x00,0x10,0x04,0x00
2026-06-05T09:07:00Z,KZ-TR-001,43.263,76.949,65280,0xb0,0x36,0x00,0x00
2026-06-05T09:08:00Z,KZ-TR-001,43.261,76.943,65265,0x00,0x00,0xc0,0x02
2026-06-05T09:08:00Z,KZ-TR-001,43.261,76.943,65266,0x00,0x10,0x04,0x00
2026-06-05T09:08:00Z,KZ-TR-001,43.261,76.943,65280,0xb0,0x36,0x00,0x00
2026-06-05T09:09:00Z,KZ-TR-001,43.255,76.946,65265,0x00,0x00,0xc0,0x02
2026-06-05T09:09:00Z,KZ-TR-001,43.255,76.946,65266,0x00,0x10,0x04,0x00
2026-06-05T09:09:00Z,KZ-TR-001,43.255,76.946,65280,0xb0,0x36,0x00,0x00
2026-06-05T09:10:00Z,KZ-TR-001,43.256,76.949,65265,0x00,0x00,0xc0,0x02
2026-06-05T09:10:00Z,KZ-TR-001,43.256,76.949,65266,0x00,0x10,0x04,0x00
2026-06-05T09:10:00Z,KZ-TR-001,43.256,76.949,65280,0xb0,0x36,0x00,0x00
2026-06-05T09:11:00Z,KZ-TR-001,43.263,76.945,65265,0x00,0x00,0xc0,0x02
2026-06-05T09:11:00Z,KZ-TR-001,43.263,76.945,65266,0x00,0x10,0x04,0x00
2026-06-05T09:11:00Z,KZ-TR-001,43.263,76.945,65280,0xb0,0x36,0x00,0x00
2026-06-05T09:12:00Z,KZ-TR-001,43.262,76.944,65265,0x00,0x00,0xc0,0x02
2026-06-05T09:12:00Z,KZ-TR-001,43.262,76.944,65266,0x00,0x10,0x04,0x00
2026-06-05T09:12:00Z,KZ-TR-001,43.262,76.944,65280,0xb0,0x36,0x00,0x00
2026-06-05T09:13:00Z,KZ-TR-001,43.258,76.946,65265,0x00,0x00,0xc0,0x02
2026-06-05T09:13:00Z,KZ-TR-001,43.258,76.946,65266,0x00,0x10,0x04,0x00
2026-06-05T09:13:00Z,KZ-TR-001,43.258,76.946,65280,0xb0,0x36,0x00,0x00
2026-06-05T09:14:00Z,KZ-TR-001,43.262,76.946,65265,0x00,0x00,0xc0,0x02
2026-06-05T09:14:00Z,KZ-TR-001,43.262,76.946,65266,0x00,0x10,0x04,0x00
2026-06-05T09:14:00Z,KZ-TR-001,43.262,76.946,65280,0xb0,0x36,0x00,0x00
2026-06-05T09:15:00Z,KZ-TR-001,43.260,76.948,65265,0x00,0x00,0xc0,0x02
2026-06-05T09:15:00Z,KZ-TR-001,43.260,76.948,65266,0x00,0x10,0x04,0x00
2026-06-05T09:15:00Z,KZ-TR-001,43.260,76.948,65280,0xb0,0x36,0x00,0x00
2026-06-05T09:16:00Z,KZ-TR-001,43.265,76.948,65265,0x00,0x00,0xc0,0x02
2026-06-05T09:16:00Z,KZ-TR-001,43.265,76.948,65266,0x00,0x10,0x04,0x00
2026-06-05T09:16:00Z,KZ-TR-001,43.265,76.948,65280,0xb0,0x36,0x00,0x00
2026-06-05T09:17:00Z,KZ-TR-001,43.265,76.943,65265,0x00,0x00,0xc0,0x02
2026-06-05T09:17:00Z,KZ-TR-001,43.265,76.943,65266,0x00,0x10,0x04,0x00
2026-06-05T09:17:00Z,KZ-TR-001,43.265,76.943,65280,0xb0,0x36,0x00,0x00
2026-06-05T09:18:00Z,KZ-TR-001,43.258,76.947,65265,0x00,0x00,0xc0,0x02
2026-06-05T09:18:00Z,KZ-TR-001,43.258,76.947,65266,0x00,0x10,0x04,0x00
2026-06-05T09:18:00Z,KZ-TR-001,43.258,76.947,65280,0xb0,0x36,0x00,0x00
2026-06-05T09:19:00Z,KZ-TR-001,43.256,76.949,65265,0x00,0x00,0xc0,0x02
2026-06-05T09:19:00Z,KZ-TR-001,43.256,76.949,65266,0x00,0x10,0x04,0x00
2026-06-05T09:19:00Z,KZ-TR-001,43.256,76.949,65280,0xb0,0x36,0x00,0x00
2026-06-05T09:20:00Z,KZ-TR-001,43.259,76.945,65265,0x00,0x00,0xc0,0x02
2026-06-05T09:20:00Z,KZ-TR-001,43.259,76.945,65266,0x00,0x10,0x04,0x00
2026-06-05T09:20:00Z,KZ-TR-001,43.259,76.945,65280,0xb0,0x36,0x00,0x00
2026-06-05T09:21:00Z,KZ-TR-001,43.262,76.942,65265,0x00,0x00,0xc0,0x02
2026-06-05T09:21:00Z,KZ-TR-001,43.262,76.942,65266,0x00,0x10,0x04,0x00
2026-06-05T09:21:00Z,KZ-TR-001,43.262,76.942,65280,0xb0,0x36,0x00,0x00
2026-06-05T09:22:00Z,KZ-TR-001,43.256,76.943,65265,0x00,0x00,0xc0,0x02
2026-06-05T09:22:00Z,KZ-TR-001,43.256,76.943,65266,0x00,0x10,0x04,0x00
2026-06-05T09:22:00Z,KZ-TR-001,43.256,76.943,65280,0xb0,0x36,0x00,0x00
2026-06-05T09:23:00Z,KZ-TR-001,43.264,76.948,65265,0x00,0x00,0xc0,0x02
2026-06-05T09:23:00Z,KZ-TR-001,43.264,76.948,65266,0x00,0x10,0x04,0x00
2026-06-05T09:23:00Z,KZ-TR-001,43.264,76.948,65280,0xb0,0x36,0x00,0x00
2026-06-05T09:24:00Z,KZ-TR-001,43.257,76.949,65265,0x00,0x00,0xc0,0x02
2026-06-05T09:24:00Z,KZ-TR-001,43.257,76.949,65266,0x00,0x10,0x04,0x00
2026-06-05T09:24:00Z,KZ-TR-001,43.257,76.949,65280,0xb0,0x36,0x00,0x00
2026-06-05T09:25:00Z,KZ-TR-001,43.264,76.949,65265,0x00,0x00,0xc0,0x02
2026-06-05T09:25:00Z,KZ-TR-001,43.264,76.949,65266,0x00,0x10,0x04,0x00
2026-06-05T09:25:00Z,KZ-TR-001,43.264,76.949,65280,0xb0,0x36,0x00,0x00
2026-06-05T09:26:00Z,KZ-TR-001,43.258,76.949,65265,0x00,0x00,0xc0,0x02
2026-06-05T09:26:00Z,KZ-TR-001,43.258,76.949,65266,0x00,0x10,0x04,0x00
2026-06-05T09:26:00Z,KZ-TR-001,43.258,76.949,65280,0xb0,0x36,0x00,0x00
2026-06-05T09:27:00Z,KZ-TR-001,43.258,76.949,65265,0x00,0x00,0xc0,0x02
2026-06-05T09:27:00Z,KZ-TR-001,43.258,76.949,65266,0x00,0x10,0x04,0x00
2026-06-05T09:27:00Z,KZ-TR-001,43.258,76.949,65280,0xb0,0x36,0x00,0x00
2026-06-05T09:28:00Z,KZ-TR-001,43.262,76.947,65265,0x00,0x00,0xc0,0x02
2026-06-05T09:28:00Z,KZ-TR-001,43.262,76.947,65266,0x00,0x10,0x04,0x00
2026-06-05T09:28:00Z,KZ-TR-001,43.262,76.947,65280,0xb0,0x36,0x00,0x00
2026-06-05T09:29:00Z,KZ-TR-001,43.256,76.947,65265,0x00,0x00,0xc0,0x02
2026-06-05T09:29:00Z,KZ-TR-001,43.256,76.947,65266,0x00,0x10,0x04,0x00
2026-06-05T09:29:00Z,KZ-TR-001,43.256,76.947,65280,0xb0,0x36,0x00,0x00
2026-06-05T09:30:00Z,KZ-TR-001,43.256,76.944,65265,0x00,0x00,0xc0,0x02
2026-06-05T09:30:00Z,KZ-TR-001,43.256,76.944,65266,0x00,0x10,0x04,0x00
2026-06-05T09:30:00Z,KZ-TR-001,43.256,76.944,65280,0xb0,0x36,0x00,0x00
2026-06-05T09:31:00Z,KZ-TR-001,43.258,76.943,65265,0x00,0x00,0xc0,0x02
2026-06-05T09:31:00Z,KZ-TR-001,43.258,76.943,65266,0x00,0x10,0x04,0x00
2026-06-05T09:31:00Z,KZ-TR-001,43.258,76.943,65280,0xb0,0x36,0x00,0x00
2026-06-05T09:32:00Z,KZ-TR-001,43.262,76.948,65265,0x00,0x00,0xc0,0x02
2026-06-05T09:32:00Z,KZ-TR-001,43.262,76.948,65266,0x00,0x10,0x04,0x00
2026-06-05T09:32:00Z,KZ-TR-001,43.262,76.948,65280,0xb0,0x36,0x00,0x00
2026-06-05T09:33:00Z,KZ-TR-001,43.263,76.949,65265,0x00,0x00,0xc0,0x02
2026-06-05T09:33:00Z,KZ-TR-001,43.263,76.949,65266,0x00,0x10,0x04,0x00
2026-06-05T09:33:00Z,KZ-TR-001,43.263,76.949,65280,0xb0,0x36,0x00,0x00
2026-06-05T09:34:00Z,KZ-TR-001,43.263,76.941,65265,0x00,0x00,0xc0,0x02
2026-06-05T09:34:00Z,KZ-TR-001,43.263,76.941,65266,0x00,0x10,0x04,0x00
2026-06-05T09:34:00Z,KZ-TR-001,43.263,76.941,65280,0xb0,0x36,0x00,0x00
2026-06-05T09:35:00Z,KZ-TR-001,43.258,76.944,65265,0x00,0x00,0xc0,0x02
2026-06-05T09:35:00Z,KZ-TR-001,43.258,76.944,65266,0x00,0x10,0x04,0x00
2026-06-05T09:35:00Z,KZ-TR-001,43.258,76.944,65280,0xb0,0x36,0x00,0x00
2026-06-05T09:36:00Z,KZ-TR-001,43.262,76.944,65265,0x00,0x00,0xc0,0x02
2026-06-05T09:36:00Z,KZ-TR-001,43.262,76.944,65266,0x00,0x10,0x04,0x00
2026-06-05T09:36:00Z,KZ-TR-001,43.262,76.944,65280,0xb0,0x36,0x00,0x00
2026-06-05T09:37:00Z,KZ-TR-001,43.261,76.940,65265,0x00,0x00,0xc0,0x02
2026-06-05T09:37:00Z,KZ-TR-001,43.261,76.940,65266,0x00,0x10,0x04,0x00
2026-06-05T09:37:00Z,KZ-TR-001,43.261,76.940,65280,0xb0,0x36,0x00,0x00
2026-06-05T09:38:00Z,KZ-TR-001,43.258,76.949,65265,0x00,0x00,0xc0,0x02
2026-06-05T09:38:00Z,KZ-TR-001,43.258,76.949,65266,0x00,0x10,0x04,0x00
2026-06-05T09:38:00Z,KZ-TR-001,43.258,76.949,65280,0xb0,0x36,0x00,0x00
2026-06-05T09:39:00Z,KZ-TR-001,43.259,76.941,65265,0x00,0x00,0xc0,0x02
2026-06-05T09:39:00Z,KZ-TR-001,43.259,76.941,65266,0x00,0x10,0x04,0x00
2026-06-05T09:39:00Z,KZ-TR-001,43.259,76.941,65280,0xb0,0x36,0x00,0x00
2026-06-05T09:40:00Z,KZ-TR-001,43.257,76.949,65265,0x00,0x00,0xc0,0x02
2026-06-05T09:40:00Z,KZ-TR-001,43.257,76.949,65266,0x00,0x10,0x04,0x00
2026-06-05T09:40:00Z,KZ-TR-001,43.257,76.949,65280,0xb0,0x36,0x00,0x00
2026-06-05T09:41:00Z,KZ-TR-001,43.256,76.941,65265,0x00,0x00,0xc0,0x02
2026-06-05T09:41:00Z,KZ-TR-001,43.256,76.941,65266,0x00,0x10,0x04,0x00
2026-06-05T09:41:00Z,KZ-TR-001,43.256,76.941,65280,0xb0,0x36,0x00,0x00
2026-06-05T09:42:00Z,KZ-TR-001,43.260,76.945,65265,0x00,0x00,0xc0,0x02
2026-06-05T09:42:00Z,KZ-TR-001,43.260,76.945,65266,0x00,0x10,0x04,0x00
2026-06-05T09:42:00Z,KZ-TR-001,43.260,76.945,65280,0xb0,0x36,0x00,0x00
2026-06-05T09:43:00Z,KZ-TR-001,43.262,76.948,65265,0x00,0x00,0xc0,0x02
2026-06-05T09:43:00Z,KZ-TR-001,43.262,76.948,65266,0x00,0x10,0x04,0x00
2026-06-05T09:43:00Z,KZ-TR-001,43.262,76.948,65280,0xb0,0x36,0x00,0x00
2026-06-05T09:44:00Z,KZ-TR-001,43.262,76.948,65265,0x00,0x00,0xc0,0x02
2026-06-05T09:44:00Z,KZ-TR-001,43.262,76.948,65266,0x00,0x10,0x04,0x00
2026-06-05T09:44:00Z,KZ-TR-001,43.262,76.948,65280,0xb0,0x36,0x00,0x00
2026-06-05T09:45:00Z,KZ-TR-001,43.262,76.943,65265,0x00,0x00,0xc0,0x02
2026-06-05T09:45:00Z,KZ-TR-001,43.262,76.943,65266,0x00,0x10,0x04,0x00
2026-06-05T09:45:00Z,KZ-TR-001,43.262,76.943,65280,0xb0,0x36,0x00,0x00
2026-06-05T09:46:00Z,KZ-TR-001,43.261,76.946,65265,0x00,0x00,0xc0,0x02
2026-06-05T09:46:00Z,KZ-TR-001,43.261,76.946,65266,0x00,0x10,0x04,0x00
2026-06-05T09:46:00Z,KZ-TR-001,43.261,76.946,65280,0xb0,0x36,0x00,0x00
2026-06-05T09:47:00Z,KZ-TR-001,43.259,76.941,65265,0x00,0x00,0xc0,0x02
2026-06-05T09:47:00Z,KZ-TR-001,43.259,76.941,65266,0x00,0x10,0x04,0x00
2026-06-05T09:47:00Z,KZ-TR-001,43.259,76.941,65280,0xb0,0x36,0x00,0x00
2026-06-05T09:48:00Z,KZ-TR-001,43.256,76.943,65265,0x00,0x00,0xc0,0x02
2026-06-05T09:48:00Z,KZ-TR-001,43.256,76.943,65266,0x00,0x10,0x04,0x00
2026-06-05T09:48:00Z,KZ-TR-001,43.256,76.943,65280,0xb0,0x36,0x00,0x00
2026-06-05T09:49:00Z,KZ-TR-001,43.260,76.947,65265,0x00,0x00,0xc0,0x02
2026-06-05T09:49:00Z,KZ-TR-001,43.260,76.947,65266,0x00,0x10,0x04,0x00
2026-06-05T09:49:00Z,KZ-TR-001,43.260,76.947,65280,0xb0,0x36,0x00,0x00
2026-06-05T09:50:00Z,KZ-TR-001,43.265,76.950,65265,0x00,0x00,0xc0,0x02
2026-06-05T09:50:00Z,KZ-TR-001,43.265,76.950,65266,0x00,0x10,0x04,0x00
2026-06-05T09:50:00Z,KZ-TR-001,43.265,76.950,65280,0xb0,0x36,0x00,0x00
2026-06-05T09:51:00Z,KZ-TR-001,43.256,76.950,65265,0x00,0x00,0xc0,0x02
2026-06-05T09:51:00Z,KZ-TR-001,43.256,76.950,65266,0x00,0x10,0x04,0x00
2026-06-05T09:51:00Z,KZ-TR-001,43.256,76.950,65280,0xb0,0x36,0x00,0x00
2026-06-05T09:52:00Z,KZ-TR-001,43.262,76.945,65265,0x00,0x00,0xc0,0x02
2026-06-05T09:52:00Z,KZ-TR-001,43.262,76.945,65266,0x00,0x10,0x04,0x00
2026-06-05T09:52:00Z,KZ-TR-001,43.262,76.945,65280,0xb0,0x36,0x00,0x00
2026-06-05T09:53:00Z,KZ-TR-001,43.259,76.941,65265,0x00,0x00,0xc0,0x02
2026-06-05T09:53:00Z,KZ-TR-001,43.259,76.941,65266,0x00,0x10,0x04,0x00
2026-06-05T09:53:00Z,KZ-TR-001,43.259,76.941,65280,0xb0,0x36,0x00,0x00
2026-06-05T09:54:00Z,KZ-TR-001,43.258,76.944,65265,0x00,0x00,0xc0,0x02
2026-06-05T09:54:00Z,KZ-TR-001,43.258,76.944,65266,0x00,0x10,0x04,0x00
2026-06-05T09:54:00Z,KZ-TR-001,43.258,76.944,65280,0xb0,0x36,0x00,0x00
2026-06-05T09:55:00Z,KZ-TR-001,43.261,76.941,65265,0x00,0x00,0xc0,0x02
2026-06-05T09:55:00Z,KZ-TR-001,43.261,76.941,65266,0x00,0x10,0x04,0x00
2026-06-05T09:55:00Z,KZ-TR-001,43.261,76.941,65280,0xb0,0x36,0x00,0x00
2026-06-05T09:56:00Z,KZ-TR-001,43.260,76.943,65265,0x00,0x00,0xc0,0x02
2026-06-05T09:56:00Z,KZ-TR-001,43.260,76.943,65266,0x00,0x10,0x04,0x00
2026-06-05T09:56:00Z,KZ-TR-001,43.260,76.943,65280,0xb0,0x36,0x00,0x00
2026-06-05T09:57:00Z,KZ-TR-001,43.255,76.949,65265,0x00,0x00,0xc0,0x02
2026-06-05T09:57:00Z,KZ-TR-001,43.255,76.949,65266,0x00,0x10,0x04,0x00
2026-06-05T09:57:00Z,KZ-TR-001,43.255,76.949,65280,0xb0,0x36,0x00,0x00
2026-06-05T09:58:00Z,KZ-TR-001,43.259,76.943,65265,0x00,0x00,0xc0,0x02
2026-06-05T09:58:00Z,KZ-TR-001,43.259,76.943,65266,0x00,0x10,0x04,0x00
2026-06-05T09:58:00Z,KZ-TR-001,43.259,76.943,65280,0xb0,0x36,0x00,0x00
2026-06-05T09:59:00Z,KZ-TR-001,43.257,76.946,65265,0x00,0x00,0xc0,0x02
2026-06-05T09:59:00Z,KZ-TR-001,43.257,76.946,65266,0x00,0x10,0x04,0x00
2026-06-05T09:59:00Z,KZ-TR-001,43.257,76.946,65280,0xb0,0x36,0x00,0x00
2026-06-05T10:00:00Z,KZ-TR-001,43.256,76.943,65265,0x00,0x00,0xc0,0x02
2026-06-05T10:00:00Z,KZ-TR-001,43.256,76.943,65266,0x00,0x10,0x04,0x00
2026-06-05T10:00:00Z,KZ-TR-001,43.256,76.943,65280,0xb0,0x36,0x00,0x00
2026-06-05T10:01:00Z,KZ-TR-001,43.255,76.948,65265,0x00,0x00,0xc0,0x02
2026-06-05T10:01:00Z,KZ-TR-001,43.255,76.948,65266,0x00,0x10,0x04,0x00
2026-06-05T10:01:00Z,KZ-TR-001,43.255,76.948,65280,0xb0,0x36,0x00,0x00
2026-06-05T10:02:00Z,KZ-TR-001,43.256,76.941,65265,0x00,0x00,0xc0,0x02
2026-06-05T10:02:00Z,KZ-TR-001,43.256,76.941,65266,0x00,0x10,0x04,0x00
2026-06-05T10:02:00Z,KZ-TR-001,43.256,76.941,65280,0xb0,0x36,0x00,0x00
2026-06-05T10:03:00Z,KZ-TR-001,43.264,76.947,65265,0x00,0x00,0xc0,0x02
2026-06-05T10:03:00Z,KZ-TR-001,43.264,76.947,65266,0x00,0x10,0x04,0x00
2026-06-05T10:03:00Z,KZ-TR-001,43.264,76.947,65280,0xb0,0x36,0x00,0x00
2026-06-05T10:04:00Z,KZ-TR-001,43.255,76.947,65265,0x00,0x00,0xc0,0x02
2026-06-05T10:04:00Z,KZ-TR-001,43.255,76.947,65266,0x00,0x10,0x04,0x00
2026-06-05T10:04:00Z,KZ-TR-001,43.255,76.947,65280,0xb0,0x36,0x00,0x00
2026-06-05T10:05:00Z,KZ-TR-001,43.258,76.940,65265,0x00,0x00,0xc0,0x02
2026-06-05T10:05:00Z,KZ-TR-001,43.258,76.940,65266,0x00,0x10,0x04,0x00
2026-06-05T10:05:00Z,KZ-TR-001,43.258,76.940,65280,0xb0,0x36,0x00,0x00
2026-06-05T10:06:00Z,KZ-TR-001,43.261,76.950,65265,0x00,0x00,0xc0,0x02
2026-06-05T10:06:00Z,KZ-TR-001,43.261,76.950,65266,0x00,0x10,0x04,0x00
2026-06-05T10:06:00Z,KZ-TR-001,43.261,76.950,65280,0xb0,0x36,0x00,0x00
2026-06-05T10:07:00Z,KZ-TR-001,43.265,76.945,65265,0x00,0x00,0xc0,0x02
2026-06-05T10:07:00Z,KZ-TR-001,43.265,76.945,65266,0x00,0x10,0x04,0x00
2026-06-05T10:07:00Z,KZ-TR-001,43.265,76.945,65280,0xb0,0x36,0x00,0x00
2026-06-05T10:08:00Z,KZ-TR-001,43.257,76.943,65265,0x00,0x00,0xc0,0x02
2026-06-05T10:08:00Z,KZ-TR-001,43.257,76.943,65266,0x00,0x10,0x04,0x00
2026-06-05T10:08:00Z,KZ-TR-001,43.257,76.943,65280,0xb0,0x36,0x00,0x00
2026-06-05T10:09:00Z,KZ-TR-001,43.258,76.943,65265,0x00,0x00,0xc0,0x02
2026-06-05T10:09:00Z,KZ-TR-001,43.258,76.943,65266,0x00,0x10,0x04,0x00
2026-06-05T10:09:00Z,KZ-TR-001,43.258,76.943,65280,0xb0,0x36,0x00,0x00
2026-06-05T10:10:00Z,KZ-TR-001,43.263,76.947,65265,0x00,0x00,0xc0,0x02
2026-06-05T10:10:00Z,KZ-TR-001,43.263,76.947,65266,0x00,0x10,0x04,0x00
2026-06-05T10:10:00Z,KZ-TR-001,43.263,76.947,65280,0xb0,0x36,0x00,0x00
2026-06-05T10:11:00Z,KZ-TR-001,43.264,76.945,65265,0x00,0x00,0xc0,0x02
2026-06-05T10:11:00Z,KZ-TR-001,43.264,76.945,65266,0x00,0x10,0x04,0x00
2026-06-05T10:11:00Z,KZ-TR-001,43.264,76.945,65280,0xb0,0x36,0x00,0x00
2026-06-05T10:12:00Z,KZ-TR-001,43.255,76.940,65265,0x00,0x00,0xc0,0x02
2026-06-05T10:12:00Z,KZ-TR-001,43.255,76.940,65266,0x00,0x10,0x04,0x00
2026-06-05T10:12:00Z,KZ-TR-001,43.255,76.940,65280,0xb0,0x36,0x00,0x00
2026-06-05T10:13:00Z,KZ-TR-001,43.259,76.943,65265,0x00,0x00,0xc0,0x02
2026-06-05T10:13:00Z,KZ-TR-001,43.259,76.943,65266,0x00,0x10,0x04,0x00
2026-06-05T10:13:00Z,KZ-TR-001,43.259,76.943,65280,0xb0,0x36,0x00,0x00
2026-06-05T10:14:00Z,KZ-TR-001,43.257,76.949,65265,0x00,0x00,0xc0,0x02
2026-06-05T10:14:00Z,KZ-TR-001,43.257,76.949,65266,0x00,0x10,0x04,0x00
2026-06-05T10:14:00Z,KZ-TR-001,43.257,76.949,65280,0xb0,0x36,0x00,0x00
2026-06-05T10:15:00Z,KZ-TR-001,43.262,76.948,65265,0x00,0x00,0xc0,0x02
2026-06-05T10:15:00Z,KZ-TR-001,43.262,76.948,65266,0x00,0x10,0x04,0x00
2026-06-05T10:15:00Z,KZ-TR-001,43.262,76.948,65280,0xb0,0x36,0x00,0x00
2026-06-05T10:16:00Z,KZ-TR-001,43.264,76.943,65265,0x00,0x00,0xc0,0x02
2026-06-05T10:16:00Z,KZ-TR-001,43.264,76.943,65266,0x00,0x10,0x04,0x00
2026-06-05T10:16:00Z,KZ-TR-001,43.264,76.943,65280,0xb0,0x36,0x00,0x00
2026-06-05T10:17:00Z,KZ-TR-001,43.257,76.942,65265,0x00,0x00,0xc0,0x02
2026-06-05T10:17:00Z,KZ-TR-001,43.257,76.942,65266,0x00,0x10,0x04,0x00
2026-06-05T10:17:00Z,KZ-TR-001,43.257,76.942,65280,0xb0,0x36,0x00,0x00
2026-06-05T10:18:00Z,KZ-TR-001,43.257,76.940,65265,0x00,0x00,0xc0,0x02
2026-06-05T10:18:00Z,KZ-TR-001,43.257,76.940,65266,0x00,0x10,0x04,0x00
2026-06-05T10:18:00Z,KZ-TR-001,43.257,76.940,65280,0xb0,0x36,0x00,0x00
2026-06-05T10:19:00Z,KZ-TR-001,43.261,76.949,65265,0x00,0x00,0xc0,0x02
2026-06-05T10:19:00Z,KZ-TR-001,43.261,76.949,65266,0x00,0x10,0x04,0x00
2026-06-05T10:19:00Z,KZ-TR-001,43.261,76.949,65280,0xb0,0x36,0x00,0x00
2026-06-05T10:20:00Z,KZ-TR-001,43.261,76.948,65265,0x00,0x00,0xc0,0x02
2026-06-05T10:20:00Z,KZ-TR-001,43.261,76.948,65266,0x00,0x10,0x04,0x00
2026-06-05T10:20:00Z,KZ-TR-001,43.261,76.948,65280,0xb0,0x36,0x00,0x00
2026-06-05T10:21:00Z,KZ-TR-001,43.264,76.942,65265,0x00,0x00,0xc0,0x02
2026-06-05T10:21:00Z,KZ-TR-001,43.264,76.942,65266,0x00,0x10,0x04,0x00
2026-06-05T10:21:00Z,KZ-TR-001,43.264,76.942,65280,0xb0,0x36,0x00,0x00
2026-06-05T10:22:00Z,KZ-TR-001,43.260,76.945,65265,0x00,0x00,0xc0,0x02
2026-06-05T10:22:00Z,KZ-TR-001,43.260,76.945,65266,0x00,0x10,0x04,0x00
2026-06-05T10:22:00Z,KZ-TR-001,43.260,76.945,65280,0xb0,0x36,0x00,0x00
2026-06-05T10:23:00Z,KZ-TR-001,43.261,76.945,65265,0x00,0x00,0xc0,0x02
2026-06-05T10:23:00Z,KZ-TR-001,43.261,76.945,65266,0x00,0x10,0x04,0x00
2026-06-05T10:23:00Z,KZ-TR-001,43.261,76.945,65280,0xb0,0x36,0x00,0x00
2026-06-05T10:24:00Z,KZ-TR-001,43.258,76.945,65265,0x00,0x00,0xc0,0x02
2026-06-05T10:24:00Z,KZ-TR-001,43.258,76.945,65266,0x00,0x10,0x04,0x00
2026-06-05T10:24:00Z,KZ-TR-001,43.258,76.945,65280,0xb0,0x36,0x00,0x00
2026-06-05T10:25:00Z,KZ-TR-001,43.263,76.943,65265,0x00,0x00,0xc0,0x02
2026-06-05T10:25:00Z,KZ-TR-001,43.263,76.943,65266,0x00,0x10,0x04,0x00
2026-06-05T10:25:00Z,KZ-TR-001,43.263,76.943,65280,0xb0,0x36,0x00,0x00
2026-06-05T10:26:00Z,KZ-TR-001,43.257,76.941,65265,0x00,0x00,0xc0,0x02
2026-06-05T10:26:00Z,KZ-TR-001,43.257,76.941,65266,0x00,0x10,0x04,0x00
2026-06-05T10:26:00Z,KZ-TR-001,43.257,76.941,65280,0xb0,0x36,0x00,0x00
2026-06-05T10:27:00Z,KZ-TR-001,43.259,76.944,65265,0x00,0x00,0xc0,0x02
2026-06-05T10:27:00Z,KZ-TR-001,43.259,76.944,65266,0x00,0x10,0x04,0x00
2026-06-05T10:27:00Z,KZ-TR-001,43.259,76.944,65280,0xb0,0x36,0x00,0x00
2026-06-05T10:28:00Z,KZ-TR-001,43.263,76.944,65265,0x00,0x00,0xc0,0x02
2026-06-05T10:28:00Z,KZ-TR-001,43.263,76.944,65266,0x00,0x10,0x04,0x00
2026-06-05T10:28:00Z,KZ-TR-001,43.263,76.944,65280,0xb0,0x36,0x00,0x00
2026-06-05T10:29:00Z,KZ-TR-001,43.258,76.949,65265,0x00,0x00,0xc0,0x02
2026-06-05T10:29:00Z,KZ-TR-001,43.258,76.949,65266,0x00,0x10,0x04,0x00
2026-06-05T10:29:00Z,KZ-TR-001,43.258,76.949,65280,0xb0,0x36,0x00,0x00
2026-06-05T10:30:00Z,KZ-TR-001,43.260,76.942,65265,0x00,0x00,0xc0,0x02
2026-06-05T10:30:00Z,KZ-TR-001,43.260,76.942,65266,0x00,0x10,0x04,0x00
2026-06-05T10:30:00Z,KZ-TR-001,43.260,76.942,65280,0xb0,0x36,0x00,0x00
2026-06-05T10:31:00Z,KZ-TR-001,43.265,76.947,65265,0x00,0x00,0xc0,0x02
2026-06-05T10:31:00Z,KZ-TR-001,43.265,76.947,65266,0x00,0x10,0x04,0x00
2026-06-05T10:31:00Z,KZ-TR-001,43.265,76.947,65280,0xb0,0x36,0x00,0x00
2026-06-05T10:32:00Z,KZ-TR-001,43.259,76.945,65265,0x00,0x00,0xc0,0x02
2026-06-05T10:32:00Z,KZ-TR-001,43.259,76.945,65266,0x00,0x10,0x04,0x00
2026-06-05T10:32:00Z,KZ-TR-001,43.259,76.945,65280,0xb0,0x36,0x00,0x00
2026-06-05T10:33:00Z,KZ-TR-001,43.256,76.942,65265,0x00,0x00,0xc0,0x02
2026-06-05T10:33:00Z,KZ-TR-001,43.256,76.942,65266,0x00,0x10,0x04,0x00
2026-06-05T10:33:00Z,KZ-TR-001,43.256,76.942,65280,0xb0,0x36,0x00,0x00
2026-06-05T10:34:00Z,KZ-TR-001,43.264,76.950,65265,0x00,0x00,0xc0,0x02
2026-06-05T10:34:00Z,KZ-TR-001,43.264,76.950,65266,0x00,0x10,0x04,0x00
2026-06-05T10:34:00Z,KZ-TR-001,43.264,76.950,65280,0xb0,0x36,0x00,0x00
2026-06-05T10:35:00Z,KZ-TR-001,43.264,76.940,65265,0x00,0x00,0xc0,0x02
2026-06-05T10:35:00Z,KZ-TR-001,43.264,76.940,65266,0x00,0x10,0x04,0x00
2026-06-05T10:35:00Z,KZ-TR-001,43.264,76.940,65280,0xb0,0x36,0x00,0x00
2026-06-05T10:36:00Z,KZ-TR-001,43.261,76.942,65265,0x00,0x00,0xc0,0x02
2026-06-05T10:36:00Z,KZ-TR-001,43.261,76.942,65266,0x00,0x10,0x04,0x00
2026-06-05T10:36:00Z,KZ-TR-001,43.261,76.942,65280,0xb0,0x36,0x00,0x00
2026-06-05T10:37:00Z,KZ-TR-001,43.255,76.940,65265,0x00,0x00,0xc0,0x02
2026-06-05T10:37:00Z,KZ-TR-001,43.255,76.940,65266,0x00,0x10,0x04,0x00
2026-06-05T10:37:00Z,KZ-TR-001,43.255,76.940,65280,0xb0,0x36,0x00,0x00
2026-06-05T10:38:00Z,KZ-TR-001,43.255,76.941,65265,0x00,0x00,0xc0,0x02
2026-06-05T10:38:00Z,KZ-TR-001,43.255,76.941,65266,0x00,0x10,0x04,0x00
2026-06-05T10:38:00Z,KZ-TR-001,43.255,76.941,65280,0xb0,0x36,0x00,0x00
2026-06-05T10:39:00Z,KZ-TR-001,43.265,76.941,65265,0x00,0x00,0xc0,0x02
2026-06-05T10:39:00Z,KZ-TR-001,43.265,76.941,65266,0x00,0x10,0x04,0x00
2026-06-05T10:39:00Z,KZ-TR-001,43.265,76.941,65280,0xb0,0x36,0x00,0x00
2026-06-05T10:40:00Z,KZ-TR-001,43.257,76.949,65265,0x00,0x00,0xc0,0x02
2026-06-05T10:40:00Z,KZ-TR-001,43.257,76.949,65266,0x00,0x10,0x04,0x00
2026-06-05T10:40:00Z,KZ-TR-001,43.257,76.949,65280,0xb0,0x36,0x00,0x00
2026-06-05T10:41:00Z,KZ-TR-001,43.256,76.946,65265,0x00,0x00,0xc0,0x02
2026-06-05T10:41:00Z,KZ-TR-001,43.256,76.946,65266,0x00,0x10,0x04,0x00
2026-06-05T10:41:00Z,KZ-TR-001,43.256,76.946,65280,0xb0,0x36,0x00,0x00
2026-06-05T10:42:00Z,KZ-TR-001,43.264,76.940,65265,0x00,0x00,0xc0,0x02
2026-06-05T10:42:00Z,KZ-TR-001,43.264,76.940,65266,0x00,0x10,0x04,0x00
2026-06-05T10:42:00Z,KZ-TR-001,43.264,76.940,65280,0xb0,0x36,0x00,0x00
2026-06-05T10:43:00Z,KZ-TR-001,43.264,76.945,65265,0x00,0x00,0xc0,0x02
2026-06-05T10:43:00Z,KZ-TR-001,43.264,76.945,65266,0x00,0x10,0x04,0x00
2026-06-05T10:43:00Z,KZ-TR-001,43.264,76.945,65280,0xb0,0x36,0x00,0x00
2026-06-05T10:44:00Z,KZ-TR-001,43.257,76.946,65265,0x00,0x00,0xc0,0x02
2026-06-05T10:44:00Z,KZ-TR-001,43.257,76.946,65266,0x00,0x10,0x04,0x00
2026-06-05T10:44:00Z,KZ-TR-001,43.257,76.946,65280,0xb0,0x36,0x00,0x00
2026-06-05T10:45:00Z,KZ-TR-001,43.263,76.942,65265,0x00,0x00,0xc0,0x02
2026-06-05T10:45:00Z,KZ-TR-001,43.263,76.942,65266,0x00,0x10,0x04,0x00
2026-06-05T10:45:00Z,KZ-TR-001,43.263,76.942,65280,0xb0,0x36,0x00,0x00
2026-06-05T10:46:00Z,KZ-TR-001,43.263,76.943,65265,0x00,0x00,0xc0,0x02
2026-06-05T10:46:00Z,KZ-TR-001,43.263,76.943,65266,0x00,0x10,0x04,0x00
2026-06-05T10:46:00Z,KZ-TR-001,43.263,76.943,65280,0xb0,0x36,0x00,0x00
2026-06-05T10:47:00Z,KZ-TR-001,43.263,76.943,65265,0x00,0x00,0xc0,0x02
2026-06-05T10:47:00Z,KZ-TR-001,43.263,76.943,65266,0x00,0x10,0x04,0x00
2026-06-05T10:47:00Z,KZ-TR-001,43.263,76.943,65280,0xb0,0x36,0x00,0x00
2026-06-05T10:48:00Z,KZ-TR-001,43.262,76.940,65265,0x00,0x00,0xc0,0x02
2026-06-05T10:48:00Z,KZ-TR-001,43.262,76.940,65266,0x00,0x10,0x04,0x00
2026-06-05T10:48:00Z,KZ-TR-001,43.262,76.940,65280,0xb0,0x36,0x00,0x00
2026-06-05T10:49:00Z,KZ-TR-001,43.262,76.941,65265,0x00,0x00,0xc0,0x02
2026-06-05T10:49:00Z,KZ-TR-001,43.262,76.941,65266,0x00,0x10,0x04,0x00
2026-06-05T10:49:00Z,KZ-TR-001,43.262,76.941,65280,0xb0,0x36,0x00,0x00
2026-06-05T10:50:00Z,KZ-TR-001,43.255,76.944,65265,0x00,0x00,0xc0,0x02
2026-06-05T10:50:00Z,KZ-TR-001,43.255,76.944,65266,0x00,0x10,0x04,0x00
2026-06-05T10:50:00Z,KZ-TR-001,43.255,76.944,65280,0xb0,0x36,0x00,0x00
2026-06-05T10:51:00Z,KZ-TR-001,43.259,76.942,65265,0x00,0x00,0xc0,0x02
2026-06-05T10:51:00Z,KZ-TR-001,43.259,76.942,65266,0x00,0x10,0x04,0x00
2026-06-05T10:51:00Z,KZ-TR-001,43.259,76.942,65280,0xb0,0x36,0x00,0x00
2026-06-05T10:52:00Z,KZ-TR-001,43.261,76.941,65265,0x00,0x00,0xc0,0x02
2026-06-05T10:52:00Z,KZ-TR-001,43.261,76.941,65266,0x00,0x10,0x04,0x00
2026-06-05T10:52:00Z,KZ-TR-001,43.261,76.941,65280,0xb0,0x36,0x00,0x00
2026-06-05T10:53:00Z,KZ-TR-001,43.257,76.941,65265,0x00,0x00,0xc0,0x02
2026-06-05T10:53:00Z,KZ-TR-001,43.257,76.941,65266,0x00,0x10,0x04,0x00
2026-06-05T10:53:00Z,KZ-TR-001,43.257,76.941,65280,0xb0,0x36,0x00,0x00
2026-06-05T10:54:00Z,KZ-TR-001,43.258,76.946,65265,0x00,0x00,0xc0,0x02
2026-06-05T10:54:00Z,KZ-TR-001,43.258,76.946,65266,0x00,0x10,0x04,0x00
2026-06-05T10:54:00Z,KZ-TR-001,43.258,76.946,65280,0xb0,0x36,0x00,0x00
2026-06-05T10:55:00Z,KZ-TR-001,43.256,76.944,65265,0x00,0x00,0xc0,0x02
2026-06-05T10:55:00Z,KZ-TR-001,43.256,76.944,65266,0x00,0x10,0x04,0x00
2026-06-05T10:55:00Z,KZ-TR-001,43.256,76.944,65280,0xb0,0x36,0x00,0x00
2026-06-05T10:56:00Z,KZ-TR-001,43.262,76.948,65265,0x00,0x00,0xc0,0x02
2026-06-05T10:56:00Z,KZ-TR-001,43.262,76.948,65266,0x00,0x10,0x04,0x00
2026-06-05T10:56:00Z,KZ-TR-001,43.262,76.948,65280,0xb0,0x36,0x00,0x00
2026-06-05T10:57:00Z,KZ-TR-001,43.258,76.947,65265,0x00,0x00,0xc0,0x02
2026-06-05T10:57:00Z,KZ-TR-001,43.258,76.947,65266,0x00,0x10,0x04,0x00
2026-06-05T10:57:00Z,KZ-TR-001,43.258,76.947,65280,0xb0,0x36,0x00,0x00
2026-06-05T10:58:00Z,KZ-TR-001,43.256,76.942,65265,0x00,0x00,0xc0,0x02
2026-06-05T10:58:00Z,KZ-TR-001,43.256,76.942,65266,0x00,0x10,0x04,0x00
2026-06-05T10:58:00Z,KZ-TR-001,43.256,76.942,65280,0xb0,0x36,0x00,0x00
2026-06-05T10:59:00Z,KZ-TR-001,43.263,76.945,65265,0x00,0x00,0xc0,0x02
2026-06-05T10:59:00Z,KZ-TR-001,43.263,76.945,65266,0x00,0x10,0x04,0x00
2026-06-05T10:59:00Z,KZ-TR-001,43.263,76.945,65280,0xb0,0x36,0x00,0x00
2026-06-05T11:00:00Z,KZ-TR-001,43.263,76.943,65265,0x00,0x00,0xc0,0x02
2026-06-05T11:00:00Z,KZ-TR-001,43.263,76.943,65266,0x00,0x10,0x04,0x00
2026-06-05T11:00:00Z,KZ-TR-001,43.263,76.943,65280,0xb0,0x36,0x00,0x00
2026-06-05T11:01:00Z,KZ-TR-001,43.260,76.947,65265,0x00,0x00,0xc0,0x02
2026-06-05T11:01:00Z,KZ-TR-001,43.260,76.947,65266,0x00,0x10,0x04,0x00
2026-06-05T11:01:00Z,KZ-TR-001,43.260,76.947,65280,0xb0,0x36,0x00,0x00
2026-06-05T11:02:00Z,KZ-TR-001,43.260,76.947,65265,0x00,0x00,0xc0,0x02
2026-06-05T11:02:00Z,KZ-TR-001,43.260,76.947,65266,0x00,0x10,0x04,0x00
2026-06-05T11:02:00Z,KZ-TR-001,43.260,76.947,65280,0xb0,0x36,0x00,0x00
2026-06-05T11:03:00Z,KZ-TR-001,43.262,76.941,65265,0x00,0x00,0xc0,0x02
2026-06-05T11:03:00Z,KZ-TR-001,43.262,76.941,65266,0x00,0x10,0x04,0x00
2026-06-05T11:03:00Z,KZ-TR-001,43.262,76.941,65280,0xb0,0x36,0x00,0x00
2026-06-05T11:04:00Z,KZ-TR-001,43.258,76.950,65265,0x00,0x00,0xc0,0x02
2026-06-05T11:04:00Z,KZ-TR-001,43.258,76.950,65266,0x00,0x10,0x04,0x00
2026-06-05T11:04:00Z,KZ-TR-001,43.258,76.950,65280,0xb0,0x36,0x00,0x00
2026-06-05T11:05:00Z,KZ-TR-001,43.263,76.946,65265,0x00,0x00,0xc0,0x02
2026-06-05T11:05:00Z,KZ-TR-001,43.263,76.946,65266,0x00,0x10,0x04,0x00
2026-06-05T11:05:00Z,KZ-TR-001,43.263,76.946,65280,0xb0,0x36,0x00,0x00
2026-06-05T11:06:00Z,KZ-TR-001,43.257,76.947,65265,0x00,0x00,0xc0,0x02
2026-06-05T11:06:00Z,KZ-TR-001,43.257,76.947,65266,0x00,0x10,0x04,0x00
2026-06-05T11:06:00Z,KZ-TR-001,43.257,76.947,65280,0xb0,0x36,0x00,0x00
2026-06-05T11:07:00Z,KZ-TR-001,43.262,76.941,65265,0x00,0x00,0xc0,0x02
2026-06-05T11:07:00Z,KZ-TR-001,43.262,76.941,65266,0x00,0x10,0x04,0x00
2026-06-05T11:07:00Z,KZ-TR-001,43.262,76.941,65280,0xb0,0x36,0x00,0x00
2026-06-05T11:08:00Z,KZ-TR-001,43.258,76.946,65265,0x00,0x00,0xc0,0x02
2026-06-05T11:08:00Z,KZ-TR-001,43.258,76.946,65266,0x00,0x10,0x04,0x00
2026-06-05T11:08:00Z,KZ-TR-001,43.258,76.946,65280,0xb0,0x36,0x00,0x00
2026-06-05T11:09:00Z,KZ-TR-001,43.262,76.940,65265,0x00,0x00,0xc0,0x02
2026-06-05T11:09:00Z,KZ-TR-001,43.262,76.940,65266,0x00,0x10,0x04,0x00
2026-06-05T11:09:00Z,KZ-TR-001,43.262,76.940,65280,0xb0,0x36,0x00,0x00
2026-06-05T11:10:00Z,KZ-TR-001,43.263,76.945,65265,0x00,0x00,0xc0,0x02
2026-06-05T11:10:00Z,KZ-TR-001,43.263,76.945,65266,0x00,0x10,0x04,0x00
2026-06-05T11:10:00Z,KZ-TR-001,43.263,76.945,65280,0xb0,0x36,0x00,0x00
2026-06-05T11:11:00Z,KZ-TR-001,43.258,76.944,65265,0x00,0x00,0xc0,0x02
2026-06-05T11:11:00Z,KZ-TR-001,43.258,76.944,65266,0x00,0x10,0x04,0x00
2026-06-05T11:11:00Z,KZ-TR-001,43.258,76.944,65280,0xb0,0x36,0x00,0x00
2026-06-05T11:12:00Z,KZ-TR-001,43.263,76.950,65265,0x00,0x00,0xc0,0x02
2026-06-05T11:12:00Z,KZ-TR-001,43.263,76.950,65266,0x00,0x10,0x04,0x00
2026-06-05T11:12:00Z,KZ-TR-001,43.263,76.950,65280,0xb0,0x36,0x00,0x00
2026-06-05T11:13:00Z,KZ-TR-001,43.258,76.944,65265,0x00,0x00,0xc0,0x02
2026-06-05T11:13:00Z,KZ-TR-001,43.258,76.944,65266,0x00,0x10,0x04,0x00
2026-06-05T11:13:00Z,KZ-TR-001,43.258,76.944,65280,0xb0,0x36,0x00,0x00
2026-06-05T11:14:00Z,KZ-TR-001,43.263,76.946,65265,0x00,0x00,0xc0,0x02
2026-06-05T11:14:00Z,KZ-TR-001,43.263,76.946,65266,0x00,0x10,0x04,0x00
2026-06-05T11:14:00Z,KZ-TR-001,43.263,76.946,65280,0xb0,0x36,0x00,0x00
2026-06-05T11:15:00Z,KZ-TR-001,43.259,76.942,65265,0x00,0x00,0xc0,0x02
2026-06-05T11:15:00Z,KZ-TR-001,43.259,76.942,65266,0x00,0x10,0x04,0x00
2026-06-05T11:15:00Z,KZ-TR-001,43.259,76.942,65280,0xb0,0x36,0x00,0x00
2026-06-05T11:16:00Z,KZ-TR-001,43.263,76.943,65265,0x00,0x00,0xc0,0x02
2026-06-05T11:16:00Z,KZ-TR-001,43.263,76.943,65266,0x00,0x10,0x04,0x00
2026-06-05T11:16:00Z,KZ-TR-001,43.263,76.943,65280,0xb0,0x36,0x00,0x00
2026-06-05T11:17:00Z,KZ-TR-001,43.256,76.945,65265,0x00,0x00,0xc0,0x02
2026-06-05T11:17:00Z,KZ-TR-001,43.256,76.945,65266,0x00,0x10,0x04,0x00
2026-06-05T11:17:00Z,KZ-TR-001,43.256,76.945,65280,0xb0,0x36,0x00,0x00
2026-06-05T11:18:00Z,KZ-TR-001,43.263,76.947,65265,0x00,0x00,0xc0,0x02
2026-06-05T11:18:00Z,KZ-TR-001,43.263,76.947,65266,0x00,0x10,0x04,0x00
2026-06-05T11:18:00Z,KZ-TR-001,43.263,76.947,65280,0xb0,0x36,0x00,0x00
2026-06-05T11:19:00Z,KZ-TR-001,43.257,76.949,65265,0x00,0x00,0xc0,0x02
2026-06-05T11:19:00Z,KZ-TR-001,43.257,76.949,65266,0x00,0x10,0x04,0x00
2026-06-05T11:19:00Z,KZ-TR-001,43.257,76.949,65280,0xb0,0x36,0x00,0x00
2026-06-05T11:20:00Z,KZ-TR-001,43.256,76.946,65265,0x00,0x00,0xc0,0x02
2026-06-05T11:20:00Z,KZ-TR-001,43.256,76.946,65266,0x00,0x10,0x04,0x00
2026-06-05T11:20:00Z,KZ-TR-001,43.256,76.946,65280,0xb0,0x36,0x00,0x00
2026-06-05T11:21:00Z,KZ-TR-001,43.259,76.949,65265,0x00,0x00,0xc0,0x02
2026-06-05T11:21:00Z,KZ-TR-001,43.259,76.949,65266,0x00,0x10,0x04,0x00
2026-06-05T11:21:00Z,KZ-TR-001,43.259,76.949,65280,0xb0,0x36,0x00,0x00
2026-06-05T11:22:00Z,KZ-TR-001,43.259,76.940,65265,0x00,0x00,0xc0,0x02
2026-06-05T11:22:00Z,KZ-TR-001,43.259,76.940,65266,0x00,0x10,0x04,0x00
2026-06-05T11:22:00Z,KZ-TR-001,43.259,76.940,65280,0xb0,0x36,0x00,0x00
2026-06-05T11:23:00Z,KZ-TR-001,43.262,76.948,65265,0x00,0x00,0xc0,0x02
2026-06-05T11:23:00Z,KZ-TR-001,43.262,76.948,65266,0x00,0x10,0x04,0x00
2026-06-05T11:23:00Z,KZ-TR-001,43.262,76.948,65280,0xb0,0x36,0x00,0x00
2026-06-05T11:24:00Z,KZ-TR-001,43.265,76.945,65265,0x00,0x00,0xc0,0x02
2026-06-05T11:24:00Z,KZ-TR-001,43.265,76.945,65266,0x00,0x10,0x04,0x00
2026-06-05T11:24:00Z,KZ-TR-001,43.265,76.945,65280,0xb0,0x36,0x00,0x00
2026-06-05T11:25:00Z,KZ-TR-001,43.261,76.944,65265,0x00,0x00,0xc0,0x02
2026-06-05T11:25:00Z,KZ-TR-001,43.261,76.944,65266,0x00,0x10,0x04,0x00
2026-06-05T11:25:00Z,KZ-TR-001,43.261,76.944,65280,0xb0,0x36,0x00,0x00
2026-06-05T11:26:00Z,KZ-TR-001,43.261,76.944,65265,0x00,0x00,0xc0,0x02
2026-06-05T11:26:00Z,KZ-TR-001,43.261,76.944,65266,0x00,0x10,0x04,0x00
2026-06-05T11:26:00Z,KZ-TR-001,43.261,76.944,65280,0xb0,0x36,0x00,0x00
2026-06-05T11:27:00Z,KZ-TR-001,43.256,76.942,65265,0x00,0x00,0xc0,0x02
2026-06-05T11:27:00Z,KZ-TR-001,43.256,76.942,65266,0x00,0x10,0x04,0x00
2026-06-05T11:27:00Z,KZ-TR-001,43.256,76.942,65280,0xb0,0x36,0x00,0x00
2026-06-05T11:28:00Z,KZ-TR-001,43.262,76.947,65265,0x00,0x00,0xc0,0x02
2026-06-05T11:28:00Z,KZ-TR-001,43.262,76.947,65266,0x00,0x10,0x04,0x00
2026-06-05T11:28:00Z,KZ-TR-001,43.262,76.947,65280,0xb0,0x36,0x00,0x00
2026-06-05T11:29:00Z,KZ-TR-001,43.261,76.942,65265,0x00,0x00,0xc0,0x02
2026-06-05T11:29:00Z,KZ-TR-001,43.261,76.942,65266,0x00,0x10,0x04,0x00
2026-06-05T11:29:00Z,KZ-TR-001,43.261,76.942,65280,0xb0,0x36,0x00,0x00
2026-06-05T11:30:00Z,KZ-TR-001,43.263,76.944,65265,0x00,0x00,0xc0,0x02
2026-06-05T11:30:00Z,KZ-TR-001,43.263,76.944,65266,0x00,0x10,0x04,0x00
2026-06-05T11:30:00Z,KZ-TR-001,43.263,76.944,65280,0xb0,0x36,0x00,0x00
2026-06-05T11:31:00Z,KZ-TR-001,43.260,76.948,65265,0x00,0x00,0xc0,0x02
2026-06-05T11:31:00Z,KZ-TR-001,43.260,76.948,65266,0x00,0x10,0x04,0x00
2026-06-05T11:31:00Z,KZ-TR-001,43.260,76.948,65280,0xb0,0x36,0x00,0x00
2026-06-05T11:32:00Z,KZ-TR-001,43.260,76.946,65265,0x00,0x00,0xc0,0x02
2026-06-05T11:32:00Z,KZ-TR-001,43.260,76.946,65266,0x00,0x10,0x04,0x00
2026-06-05T11:32:00Z,KZ-TR-001,43.260,76.946,65280,0xb0,0x36,0x00,0x00
2026-06-05T11:33:00Z,KZ-TR-001,43.261,76.949,65265,0x00,0x00,0xc0,0x02
2026-06-05T11:33:00Z,KZ-TR-001,43.261,76.949,65266,0x00,0x10,0x04,0x00
2026-06-05T11:33:00Z,KZ-TR-001,43.261,76.949,65280,0xb0,0x36,0x00,0x00
2026-06-05T11:34:00Z,KZ-TR-001,43.256,76.943,65265,0x00,0x00,0xc0,0x02
2026-06-05T11:34:00Z,KZ-TR-001,43.256,76.943,65266,0x00,0x10,0x04,0x00
2026-06-05T11:34:00Z,KZ-TR-001,43.256,76.943,65280,0xb0,0x36,0x00,0x00
2026-06-05T11:35:00Z,KZ-TR-001,43.257,76.950,65265,0x00,0x00,0xc0,0x02
2026-06-05T11:35:00Z,KZ-TR-001,43.257,76.950,65266,0x00,0x10,0x04,0x00
2026-06-05T11:35:00Z,KZ-TR-001,43.257,76.950,65280,0xb0,0x36,0x00,0x00
2026-06-05T11:36:00Z,KZ-TR-001,43.265,76.945,65265,0x00,0x00,0xc0,0x02
2026-06-05T11:36:00Z,KZ-TR-001,43.265,76.945,65266,0x00,0x10,0x04,0x00
2026-06-05T11:36:00Z,KZ-TR-001,43.265,76.945,65280,0xb0,0x36,0x00,0x00
2026-06-05T11:37:00Z,KZ-TR-001,43.264,76.941,65265,0x00,0x00,0xc0,0x02
2026-06-05T11:37:00Z,KZ-TR-001,43.264,76.941,65266,0x00,0x10,0x04,0x00
2026-06-05T11:37:00Z,KZ-TR-001,43.264,76.941,65280,0xb0,0x36,0x00,0x00
2026-06-05T11:38:00Z,KZ-TR-001,43.260,76.942,65265,0x00,0x00,0xc0,0x02
2026-06-05T11:38:00Z,KZ-TR-001,43.260,76.942,65266,0x00,0x10,0x04,0x00
2026-06-05T11:38:00Z,KZ-TR-001,43.260,76.942,65280,0xb0,0x36,0x00,0x00
2026-06-05T11:39:00Z,KZ-TR-001,43.258,76.940,65265,0x00,0x00,0xc0,0x02
2026-06-05T11:39:00Z,KZ-TR-001,43.258,76.940,65266,0x00,0x10,0x04,0x00
2026-06-05T11:39:00Z,KZ-TR-001,43.258,76.940,65280,0xb0,0x36,0x00,0x00
2026-06-05T11:40:00Z,KZ-TR-001,43.263,76.945,65265,0x00,0x00,0xc0,0x02
2026-06-05T11:40:00Z,KZ-TR-001,43.263,76.945,65266,0x00,0x10,0x04,0x00
2026-06-05T11:40:00Z,KZ-TR-001,43.263,76.945,65280,0xb0,0x36,0x00,0x00
2026-06-05T11:41:00Z,KZ-TR-001,43.264,76.948,65265,0x00,0x00,0xc0,0x02
2026-06-05T11:41:00Z,KZ-TR-001,43.264,76.948,65266,0x00,0x10,0x04,0x00
2026-06-05T11:41:00Z,KZ-TR-001,43.264,76.948,65280,0xb0,0x36,0x00,0x00
2026-06-05T11:42:00Z,KZ-TR-001,43.261,76.944,65265,0x00,0x00,0xc0,0x02
2026-06-05T11:42:00Z,KZ-TR-001,43.261,76.944,65266,0x00,0x10,0x04,0x00
2026-06-05T11:42:00Z,KZ-TR-001,43.261,76.944,65280,0xb0,0x36,0x00,0x00
2026-06-05T11:43:00Z,KZ-TR-001,43.256,76.947,65265,0x00,0x00,0xc0,0x02
2026-06-05T11:43:00Z,KZ-TR-001,43.256,76.947,65266,0x00,0x10,0x04,0x00
2026-06-05T11:43:00Z,KZ-TR-001,43.256,76.947,65280,0xb0,0x36,0x00,0x00
2026-06-05T11:44:00Z,KZ-TR-001,43.261,76.943,65265,0x00,0x00,0xc0,0x02
2026-06-05T11:44:00Z,KZ-TR-001,43.261,76.943,65266,0x00,0x10,0x04,0x00
2026-06-05T11:44:00Z,KZ-TR-001,43.261,76.943,65280,0xb0,0x36,0x00,0x00
2026-06-05T11:45:00Z,KZ-TR-001,43.260,76.943,65265,0x00,0x00,0xc0,0x02
2026-06-05T11:45:00Z,KZ-TR-001,43.260,76.943,65266,0x00,0x10,0x04,0x00
2026-06-05T11:45:00Z,KZ-TR-001,43.260,76.943,65280,0xb0,0x36,0x00,0x00
2026-06-05T11:46:00Z,KZ-TR-001,43.258,76.941,65265,0x00,0x00,0xc0,0x02
2026-06-05T11:46:00Z,KZ-TR-001,43.258,76.941,65266,0x00,0x10,0x04,0x00
2026-06-05T11:46:00Z,KZ-TR-001,43.258,76.941,65280,0xb0,0x36,0x00,0x00
2026-06-05T11:47:00Z,KZ-TR-001,43.260,76.945,65265,0x00,0x00,0xc0,0x02
2026-06-05T11:47:00Z,KZ-TR-001,43.260,76.945,65266,0x00,0x10,0x04,0x00
2026-06-05T11:47:00Z,KZ-TR-001,43.260,76.945,65280,0xb0,0x36,0x00,0x00
2026-06-05T11:48:00Z,KZ-TR-001,43.265,76.949,65265,0x00,0x00,0xc0,0x02
2026-06-05T11:48:00Z,KZ-TR-001,43.265,76.949,65266,0x00,0x10,0x04,0x00
2026-06-05T11:48:00Z,KZ-TR-001,43.265,76.949,65280,0xb0,0x36,0x00,0x00
2026-06-05T11:49:00Z,KZ-TR-001,43.261,76.940,65265,0x00,0x00,0xc0,0x02
2026-06-05T11:49:00Z,KZ-TR-001,43.261,76.940,65266,0x00,0x10,0x04,0x00
2026-06-05T11:49:00Z,KZ-TR-001,43.261,76.940,65280,0xb0,0x36,0x00,0x00
2026-06-05T11:50:00Z,KZ-TR-001,43.263,76.947,65265,0x00,0x00,0xc0,0x02
2026-06-05T11:50:00Z,KZ-TR-001,43.263,76.947,65266,0x00,0x10,0x04,0x00
2026-06-05T11:50:00Z,KZ-TR-001,43.263,76.947,65280,0xb0,0x36,0x00,0x00
2026-06-05T11:51:00Z,KZ-TR-001,43.256,76.943,65265,0x00,0x00,0xc0,0x02
2026-06-05T11:51:00Z,KZ-TR-001,43.256,76.943,65266,0x00,0x10,0x04,0x00
2026-06-05T11:51:00Z,KZ-TR-001,43.256,76.943,65280,0xb0,0x36,0x00,0x00
2026-06-05T11:52:00Z,KZ-TR-001,43.265,76.940,65265,0x00,0x00,0xc0,0x02
2026-06-05T11:52:00Z,KZ-TR-001,43.265,76.940,65266,0x00,0x10,0x04,0x00
2026-06-05T11:52:00Z,KZ-TR-001,43.265,76.940,65280,0xb0,0x36,0x00,0x00
2026-06-05T11:53:00Z,KZ-TR-001,43.265,76.948,65265,0x00,0x00,0xc0,0x02
2026-06-05T11:53:00Z,KZ-TR-001,43.265,76.948,65266,0x00,0x10,0x04,0x00
2026-06-05T11:53:00Z,KZ-TR-001,43.265,76.948,65280,0xb0,0x36,0x00,0x00
2026-06-05T11:54:00Z,KZ-TR-001,43.263,76.947,65265,0x00,0x00,0xc0,0x02
2026-06-05T11:54:00Z,KZ-TR-001,43.263,76.947,65266,0x00,0x10,0x04,0x00
2026-06-05T11:54:00Z,KZ-TR-001,43.263,76.947,65280,0xb0,0x36,0x00,0x00
2026-06-05T11:55:00Z,KZ-TR-001,43.265,76.947,65265,0x00,0x00,0xc0,0x02
2026-06-05T11:55:00Z,KZ-TR-001,43.265,76.947,65266,0x00,0x10,0x04,0x00
2026-06-05T11:55:00Z,KZ-TR-001,43.265,76.947,65280,0xb0,0x36,0x00,0x00
2026-06-05T11:56:00Z,KZ-TR-001,43.260,76.944,65265,0x00,0x00,0xc0,0x02
2026-06-05T11:56:00Z,KZ-TR-001,43.260,76.944,65266,0x00,0x10,0x04,0x00
2026-06-05T11:56:00Z,KZ-TR-001,43.260,76.944,65280,0xb0,0x36,0x00,0x00
2026-06-05T11:57:00Z,KZ-TR-001,43.258,76.943,65265,0x00,0x00,0xc0,0x02
2026-06-05T11:57:00Z,KZ-TR-001,43.258,76.943,65266,0x00,0x10,0x04,0x00
2026-06-05T11:57:00Z,KZ-TR-001,43.258,76.943,65280,0xb0,0x36,0x00,0x00
2026-06-05T11:58:00Z,KZ-TR-001,43.259,76.943,65265,0x00,0x00,0xc0,0x02
2026-06-05T11:58:00Z,KZ-TR-001,43.259,76.943,65266,0x00,0x10,0x04,0x00
2026-06-05T11:58:00Z,KZ-TR-001,43.259,76.943,65280,0xb0,0x36,0x00,0x00
2026-06-05T11:59:00Z,KZ-TR-001,43.259,76.942,65265,0x00,0x00,0xc0,0x02
2026-06-05T11:59:00Z,KZ-TR-001,43.259,76.942,65266,0x00,0x10,0x04,0x00
2026-06-05T11:59:00Z,KZ-TR-001,43.259,76.942,65280,0xb0,0x36,0x00,0x00
2026-06-05T12:00:00Z,KZ-TR-001,43.265,76.949,65265,0x00,0x00,0xc0,0x02
2026-06-05T12:00:00Z,KZ-TR-001,43.265,76.949,65266,0x00,0x10,0x04,0x00
2026-06-05T12:00:00Z,KZ-TR-001,43.265,76.949,65280,0xb0,0x36,0x00,0x00
2026-06-05T12:01:00Z,KZ-TR-001,43.260,76.949,65265,0x00,0x00,0xc0,0x02
2026-06-05T12:01:00Z,KZ-TR-001,43.260,76.949,65266,0x00,0x10,0x04,0x00
2026-06-05T12:01:00Z,KZ-TR-001,43.260,76.949,65280,0xb0,0x36,0x00,0x00
2026-06-05T12:02:00Z,KZ-TR-001,43.260,76.948,65265,0x00,0x00,0xc0,0x02
2026-06-05T12:02:00Z,KZ-TR-001,43.260,76.948,65266,0x00,0x10,0x04,0x00
2026-06-05T12:02:00Z,KZ-TR-001,43.260,76.948,65280,0xb0,0x36,0x00,0x00
2026-06-05T12:03:00Z,KZ-TR-001,43.262,76.943,65265,0x00,0x00,0xc0,0x02
2026-06-05T12:03:00Z,KZ-TR-001,43.262,76.943,65266,0x00,0x10,0x04,0x00
2026-06-05T12:03:00Z,KZ-TR-001,43.262,76.943,65280,0xb0,0x36,0x00,0x00
2026-06-05T12:04:00Z,KZ-TR-001,43.257,76.944,65265,0x00,0x00,0xc0,0x02
2026-06-05T12:04:00Z,KZ-TR-001,43.257,76.944,65266,0x00,0x10,0x04,0x00
2026-06-05T12:04:00Z,KZ-TR-001,43.257,76.944,65280,0xb0,0x36,0x00,0x00
2026-06-05T12:05:00Z,KZ-TR-001,43.257,76.949,65265,0x00,0x00,0xc0,0x02
2026-06-05T12:05:00Z,KZ-TR-001,43.257,76.949,65266,0x00,0x10,0x04,0x00
2026-06-05T12:05:00Z,KZ-TR-001,43.257,76.949,65280,0xb0,0x36,0x00,0x00
2026-06-05T12:06:00Z,KZ-TR-001,43.262,76.949,65265,0x00,0x00,0xc0,0x02
2026-06-05T12:06:00Z,KZ-TR-001,43.262,76.949,65266,0x00,0x10,0x04,0x00
2026-06-05T12:06:00Z,KZ-TR-001,43.262,76.949,65280,0xb0,0x36,0x00,0x00
2026-06-05T12:07:00Z,KZ-TR-001,43.260,76.945,65265,0x00,0x00,0xc0,0x02
2026-06-05T12:07:00Z,KZ-TR-001,43.260,76.945,65266,0x00,0x10,0x04,0x00
2026-06-05T12:07:00Z,KZ-TR-001,43.260,76.945,65280,0xb0,0x36,0x00,0x00
2026-06-05T12:08:00Z,KZ-TR-001,43.258,76.942,65265,0x00,0x00,0xc0,0x02
2026-06-05T12:08:00Z,KZ-TR-001,43.258,76.942,65266,0x00,0x10,0x04,0x00
2026-06-05T12:08:00Z,KZ-TR-001,43.258,76.942,65280,0xb0,0x36,0x00,0x00
2026-06-05T12:09:00Z,KZ-TR-001,43.264,76.947,65265,0x00,0x00,0xc0,0x02
2026-06-05T12:09:00Z,KZ-TR-001,43.264,76.947,65266,0x00,0x10,0x04,0x00
2026-06-05T12:09:00Z,KZ-TR-001,43.264,76.947,65280,0xb0,0x36,0x00,0x00
2026-06-05T12:10:00Z,KZ-TR-001,43.256,76.946,65265,0x00,0x00,0xc0,0x02
2026-06-05T12:10:00Z,KZ-TR-001,43.256,76.946,65266,0x00,0x10,0x04,0x00
2026-06-05T12:10:00Z,KZ-TR-001,43.256,76.946,65280,0xb0,0x36,0x00,0x00
2026-06-05T12:11:00Z,KZ-TR-001,43.257,76.942,65265,0x00,0x00,0xc0,0x02
2026-06-05T12:11:00Z,KZ-TR-001,43.257,76.942,65266,0x00,0x10,0x04,0x00
2026-06-05T12:11:00Z,KZ-TR-001,43.257,76.942,65280,0xb0,0x36,0x00,0x00
2026-06-05T12:12:00Z,KZ-TR-001,43.261,76.940,65265,0x00,0x00,0xc0,0x02
2026-06-05T12:12:00Z,KZ-TR-001,43.261,76.940,65266,0x00,0x10,0x04,0x00
2026-06-05T12:12:00Z,KZ-TR-001,43.261,76.940,65280,0xb0,0x36,0x00,0x00
2026-06-05T12:13:00Z,KZ-TR-001,43.261,76.948,65265,0x00,0x00,0xc0,0x02
2026-06-05T12:13:00Z,KZ-TR-001,43.261,76.948,65266,0x00,0x10,0x04,0x00
2026-06-05T12:13:00Z,KZ-TR-001,43.261,76.948,65280,0xb0,0x36,0x00,0x00
2026-06-05T12:14:00Z,KZ-TR-001,43.265,76.947,65265,0x00,0x00,0xc0,0x02
2026-06-05T12:14:00Z,KZ-TR-001,43.265,76.947,65266,0x00,0x10,0x04,0x00
2026-06-05T12:14:00Z,KZ-TR-001,43.265,76.947,65280,0xb0,0x36,0x00,0x00
2026-06-05T12:15:00Z,KZ-TR-001,43.260,76.941,65265,0x00,0x00,0xc0,0x02
2026-06-05T12:15:00Z,KZ-TR-001,43.260,76.941,65266,0x00,0x10,0x04,0x00
2026-06-05T12:15:00Z,KZ-TR-001,43.260,76.941,65280,0xb0,0x36,0x00,0x00
2026-06-05T12:16:00Z,KZ-TR-001,43.263,76.946,65265,0x00,0x00,0xc0,0x02
2026-06-05T12:16:00Z,KZ-TR-001,43.263,76.946,65266,0x00,0x10,0x04,0x00
2026-06-05T12:16:00Z,KZ-TR-001,43.263,76.946,65280,0xb0,0x36,0x00,0x00
2026-06-05T12:17:00Z,KZ-TR-001,43.263,76.949,65265,0x00,0x00,0xc0,0x02
2026-06-05T12:17:00Z,KZ-TR-001,43.263,76.949,65266,0x00,0x10,0x04,0x00
2026-06-05T12:17:00Z,KZ-TR-001,43.263,76.949,65280,0xb0,0x36,0x00,0x00
2026-06-05T12:18:00Z,KZ-TR-001,43.256,76.942,65265,0x00,0x00,0xc0,0x02
2026-06-05T12:18:00Z,KZ-TR-001,43.256,76.942,65266,0x00,0x10,0x04,0x00
2026-06-05T12:18:00Z,KZ-TR-001,43.256,76.942,65280,0xb0,0x36,0x00,0x00
2026-06-05T12:19:00Z,KZ-TR-001,43.264,76.949,65265,0x00,0x00,0xc0,0x02
2026-06-05T12:19:00Z,KZ-TR-001,43.264,76.949,65266,0x00,0x10,0x04,0x00
2026-06-05T12:19:00Z,KZ-TR-001,43.264,76.949,65280,0xb0,0x36,0x00,0x00
2026-06-05T12:20:00Z,KZ-TR-001,43.258,76.947,65265,0x00,0x00,0xc0,0x02
2026-06-05T12:20:00Z,KZ-TR-001,43.258,76.947,65266,0x00,0x10,0x04,0x00
2026-06-05T12:20:00Z,KZ-TR-001,43.258,76.947,65280,0xb0,0x36,0x00,0x00
2026-06-05T12:21:00Z,KZ-TR-001,43.257,76.942,65265,0x00,0x00,0xc0,0x02
2026-06-05T12:21:00Z,KZ-TR-001,43.257,76.942,65266,0x00,0x10,0x04,0x00
2026-06-05T12:21:00Z,KZ-TR-001,43.257,76.942,65280,0xb0,0x36,0x00,0x00
2026-06-05T12:22:00Z,KZ-TR-001,43.260,76.947,65265,0x00,0x00,0xc0,0x02
2026-06-05T12:22:00Z,KZ-TR-001,43.260,76.947,65266,0x00,0x10,0x04,0x00
2026-06-05T12:22:00Z,KZ-TR-001,43.260,76.947,65280,0xb0,0x36,0x00,0x00
2026-06-05T12:23:00Z,KZ-TR-001,43.262,76.944,65265,0x00,0x00,0xc0,0x02
2026-06-05T12:23:00Z,KZ-TR-001,43.262,76.944,65266,0x00,0x10,0x04,0x00
2026-06-05T12:23:00Z,KZ-TR-001,43.262,76.944,65280,0xb0,0x36,0x00,0x00
2026-06-05T12:24:00Z,KZ-TR-001,43.260,76.944,65265,0x00,0x00,0xc0,0x02
2026-06-05T12:24:00Z,KZ-TR-001,43.260,76.944,65266,0x00,0x10,0x04,0x00
2026-06-05T12:24:00Z,KZ-TR-001,43.260,76.944,65280,0xb0,0x36,0x00,0x00
2026-06-05T12:25:00Z,KZ-TR-001,43.260,76.944,65265,0x00,0x00,0xc0,0x02
2026-06-05T12:25:00Z,KZ-TR-001,43.260,76.944,65266,0x00,0x10,0x04,0x00
2026-06-05T12:25:00Z,KZ-TR-001,43.260,76.944,65280,0xb0,0x36,0x00,0x00
2026-06-05T12:26:00Z,KZ-TR-001,43.262,76.940,65265,0x00,0x00,0xc0,0x02
2026-06-05T12:26:00Z,KZ-TR-001,43.262,76.940,65266,0x00,0x10,0x04,0x00
2026-06-05T12:26:00Z,KZ-TR-001,43.262,76.940,65280,0xb0,0x36,0x00,0x00
2026-06-05T12:27:00Z,KZ-TR-001,43.259,76.948,65265,0x00,0x00,0xc0,0x02
2026-06-05T12:27:00Z,KZ-TR-001,43.259,76.948,65266,0x00,0x10,0x04,0x00
2026-06-05T12:27:00Z,KZ-TR-001,43.259,76.948,65280,0xb0,0x36,0x00,0x00
2026-06-05T12:28:00Z,KZ-TR-001,43.258,76.949,65265,0x00,0x00,0xc0,0x02
2026-06-05T12:28:00Z,KZ-TR-001,43.258,76.949,65266,0x00,0x10,0x04,0x00
2026-06-05T12:28:00Z,KZ-TR-001,43.258,76.949,65280,0xb0,0x36,0x00,0x00
2026-06-05T12:29:00Z,KZ-TR-001,43.264,76.947,65265,0x00,0x00,0xc0,0x02
2026-06-05T12:29:00Z,KZ-TR-001,43.264,76.947,65266,0x00,0x10,0x04,0x00
2026-06-05T12:29:00Z,KZ-TR-001,43.264,76.947,65280,0xb0,0x36,0x00,0x00
2026-06-05T12:30:00Z,KZ-TR-001,43.264,76.949,65265,0x00,0x00,0xc0,0x02
2026-06-05T12:30:00Z,KZ-TR-001,43.264,76.949,65266,0x00,0x10,0x04,0x00
2026-06-05T12:30:00Z,KZ-TR-001,43.264,76.949,65280,0xb0,0x36,0x00,0x00
2026-06-05T12:31:00Z,KZ-TR-001,43.263,76.940,65265,0x00,0x00,0xc0,0x02
2026-06-05T12:31:00Z,KZ-TR-001,43.263,76.940,65266,0x00,0x10,0x04,0x00
2026-06-05T12:31:00Z,KZ-TR-001,43.263,76.940,65280,0xb0,0x36,0x00,0x00
2026-06-05T12:32:00Z,KZ-TR-001,43.258,76.945,65265,0x00,0x00,0xc0,0x02
2026-06-05T12:32:00Z,KZ-TR-001,43.258,76.945,65266,0x00,0x10,0x04,0x00
2026-06-05T12:32:00Z,KZ-TR-001,43.258,76.945,65280,0xb0,0x36,0x00,0x00
2026-06-05T12:33:00Z,KZ-TR-001,43.260,76.943,65265,0x00,0x00,0xc0,0x02
2026-06-05T12:33:00Z,KZ-TR-001,43.260,76.943,65266,0x00,0x10,0x04,0x00
2026-06-05T12:33:00Z,KZ-TR-001,43.260,76.943,65280,0xb0,0x36,0x00,0x00
2026-06-05T12:34:00Z,KZ-TR-001,43.256,76.948,65265,0x00,0x00,0xc0,0x02
2026-06-05T12:34:00Z,KZ-TR-001,43.256,76.948,65266,0x00,0x10,0x04,0x00
2026-06-05T12:34:00Z,KZ-TR-001,43.256,76.948,65280,0xb0,0x36,0x00,0x00
2026-06-05T12:35:00Z,KZ-TR-001,43.259,76.949,65265,0x00,0x00,0xc0,0x02
2026-06-05T12:35:00Z,KZ-TR-001,43.259,76.949,65266,0x00,0x10,0x04,0x00
2026-06-05T12:35:00Z,KZ-TR-001,43.259,76.949,65280,0xb0,0x36,0x00,0x00
2026-06-05T12:36:00Z,KZ-TR-001,43.258,76.947,65265,0x00,0x00,0xc0,0x02
2026-06-05T12:36:00Z,KZ-TR-001,43.258,76.947,65266,0x00,0x10,0x04,0x00
2026-06-05T12:36:00Z,KZ-TR-001,43.258,76.947,65280,0xb0,0x36,0x00,0x00
2026-06-05T12:37:00Z,KZ-TR-001,43.256,76.947,65265,0x00,0x00,0xc0,0x02
2026-06-05T12:37:00Z,KZ-TR-001,43.256,76.947,65266,0x00,0x10,0x04,0x00
2026-06-05T12:37:00Z,KZ-TR-001,43.256,76.947,65280,0xb0,0x36,0x00,0x00
2026-06-05T12:38:00Z,KZ-TR-001,43.259,76.947,65265,0x00,0x00,0xc0,0x02
2026-06-05T12:38:00Z,KZ-TR-001,43.259,76.947,65266,0x00,0x10,0x04,0x00
2026-06-05T12:38:00Z,KZ-TR-001,43.259,76.947,65280,0xb0,0x36,0x00,0x00
2026-06-05T12:39:00Z,KZ-TR-001,43.257,76.949,65265,0x00,0x00,0xc0,0x02
2026-06-05T12:39:00Z,KZ-TR-001,43.257,76.949,65266,0x00,0x10,0x04,0x00
2026-06-05T12:39:00Z,KZ-TR-001,43.257,76.949,65280,0xb0,0x36,0x00,0x00
2026-06-05T12:40:00Z,KZ-TR-001,43.259,76.949,65265,0x00,0x00,0xc0,0x02
2026-06-05T12:40:00Z,KZ-TR-001,43.259,76.949,65266,0x00,0x10,0x04,0x00
2026-06-05T12:40:00Z,KZ-TR-001,43.259,76.949,65280,0xb0,0x36,0x00,0x00
2026-06-05T12:41:00Z,KZ-TR-001,43.263,76.943,65265,0x00,0x00,0xc0,0x02
2026-06-05T12:41:00Z,KZ-TR-001,43.263,76.943,65266,0x00,0x10,0x04,0x00
2026-06-05T12:41:00Z,KZ-TR-001,43.263,76.943,65280,0xb0,0x36,0x00,0x00
2026-06-05T12:42:00Z,KZ-TR-001,43.260,76.949,65265,0x00,0x00,0xc0,0x02
2026-06-05T12:42:00Z,KZ-TR-001,43.260,76.949,65266,0x00,0x10,0x04,0x00
2026-06-05T12:42:00Z,KZ-TR-001,43.260,76.949,65280,0xb0,0x36,0x00,0x00
2026-06-05T12:43:00Z,KZ-TR-001,43.263,76.947,65265,0x00,0x00,0xc0,0x02
2026-06-05T12:43:00Z,KZ-TR-001,43.263,76.947,65266,0x00,0x10,0x04,0x00
2026-06-05T12:43:00Z,KZ-TR-001,43.263,76.947,65280,0xb0,0x36,0x00,0x00
2026-06-05T12:44:00Z,KZ-TR-001,43.256,76.945,65265,0x00,0x00,0xc0,0x02
2026-06-05T12:44:00Z,KZ-TR-001,43.256,76.945,65266,0x00,0x10,0x04,0x00
2026-06-05T12:44:00Z,KZ-TR-001,43.256,76.945,65280,0xb0,0x36,0x00,0x00
2026-06-05T12:45:00Z,KZ-TR-001,43.264,76.948,65265,0x00,0x00,0xc0,0x02
2026-06-05T12:45:00Z,KZ-TR-001,43.264,76.948,65266,0x00,0x10,0x04,0x00
2026-06-05T12:45:00Z,KZ-TR-001,43.264,76.948,65280,0xb0,0x36,0x00,0x00
2026-06-05T12:46:00Z,KZ-TR-001,43.255,76.948,65265,0x00,0x00,0xc0,0x02
2026-06-05T12:46:00Z,KZ-TR-001,43.255,76.948,65266,0x00,0x10,0x04,0x00
2026-06-05T12:46:00Z,KZ-TR-001,43.255,76.948,65280,0xb0,0x36,0x00,0x00
2026-06-05T12:47:00Z,KZ-TR-001,43.264,76.947,65265,0x00,0x00,0xc0,0x02
2026-06-05T12:47:00Z,KZ-TR-001,43.264,76.947,65266,0x00,0x10,0x04,0x00
2026-06-05T12:47:00Z,KZ-TR-001,43.264,76.947,65280,0xb0,0x36,0x00,0x00
2026-06-05T12:48:00Z,KZ-TR-001,43.263,76.946,65265,0x00,0x00,0xc0,0x02
2026-06-05T12:48:00Z,KZ-TR-001,43.263,76.946,65266,0x00,0x10,0x04,0x00
2026-06-05T12:48:00Z,KZ-TR-001,43.263,76.946,65280,0xb0,0x36,0x00,0x00
2026-06-05T12:49:00Z,KZ-TR-001,43.258,76.948,65265,0x00,0x00,0xc0,0x02
2026-06-05T12:49:00Z,KZ-TR-001,43.258,76.948,65266,0x00,0x10,0x04,0x00
2026-06-05T12:49:00Z,KZ-TR-001,43.258,76.948,65280,0xb0,0x36,0x00,0x00
2026-06-05T12:50:00Z,KZ-TR-001,43.265,76.943,65265,0x00,0x00,0xc0,0x02
2026-06-05T12:50:00Z,KZ-TR-001,43.265,76.943,65266,0x00,0x10,0x04,0x00
2026-06-05T12:50:00Z,KZ-TR-001,43.265,76.943,65280,0xb0,0x36,0x00,0x00
2026-06-05T12:51:00Z,KZ-TR-001,43.260,76.945,65265,0x00,0x00,0xc0,0x02
2026-06-05T12:51:00Z,KZ-TR-001,43.260,76.945,65266,0x00,0x10,0x04,0x00
2026-06-05T12:51:00Z,KZ-TR-001,43.260,76.945,65280,0xb0,0x36,0x00,0x00
2026-06-05T12:52:00Z,KZ-TR-001,43.255,76.949,65265,0x00,0x00,0xc0,0x02
2026-06-05T12:52:00Z,KZ-TR-001,43.255,76.949,65266,0x00,0x10,0x04,0x00
2026-06-05T12:52:00Z,KZ-TR-001,43.255,76.949,65280,0xb0,0x36,0x00,0x00
2026-06-05T12:53:00Z,KZ-TR-001,43.259,76.941,65265,0x00,0x00,0xc0,0x02
2026-06-05T12:53:00Z,KZ-TR-001,43.259,76.941,65266,0x00,0x10,0x04,0x00
2026-06-05T12:53:00Z,KZ-TR-001,43.259,76.941,65280,0xb0,0x36,0x00,0x00
2026-06-05T12:54:00Z,KZ-TR-001,43.258,76.947,65265,0x00,0x00,0xc0,0x02
2026-06-05T12:54:00Z,KZ-TR-001,43.258,76.947,65266,0x00,0x10,0x04,0x00
2026-06-05T12:54:00Z,KZ-TR-001,43.258,76.947,65280,0xb0,0x36,0x00,0x00
2026-06-05T12:55:00Z,KZ-TR-001,43.258,76.944,65265,0x00,0x00,0xc0,0x02
2026-06-05T12:55:00Z,KZ-TR-001,43.258,76.944,65266,0x00,0x10,0x04,0x00
2026-06-05T12:55:00Z,KZ-TR-001,43.258,76.944,65280,0xb0,0x36,0x00,0x00
2026-06-05T12:56:00Z,KZ-TR-001,43.265,76.943,65265,0x00,0x00,0xc0,0x02
2026-06-05T12:56:00Z,KZ-TR-001,43.265,76.943,65266,0x00,0x10,0x04,0x00
2026-06-05T12:56:00Z,KZ-TR-001,43.265,76.943,65280,0xb0,0x36,0x00,0x00
2026-06-05T12:57:00Z,KZ-TR-001,43.262,76.948,65265,0x00,0x00,0xc0,0x02
2026-06-05T12:57:00Z,KZ-TR-001,43.262,76.948,65266,0x00,0x10,0x04,0x00
2026-06-05T12:57:00Z,KZ-TR-001,43.262,76.948,65280,0xb0,0x36,0x00,0x00
2026-06-05T12:58:00Z,KZ-TR-001,43.258,76.942,65265,0x00,0x00,0xc0,0x02
2026-06-05T12:58:00Z,KZ-TR-001,43.258,76.942,65266,0x00,0x10,0x04,0x00
2026-06-05T12:58:00Z,KZ-TR-001,43.258,76.942,65280,0xb0,0x36,0x00,0x00
2026-06-05T12:59:00Z,KZ-TR-001,43.259,76.950,65265,0x00,0x00,0xc0,0x02
2026-06-05T12:59:00Z,KZ-TR-001,43.259,76.950,65266,0x00,0x10,0x04,0x00
2026-06-05T12:59:00Z,KZ-TR-001,43.259,76.950,65280,0xb0,0x36,0x00,0x00
2026-06-05T13:00:00Z,KZ-TR-001,43.260,76.942,65265,0x00,0x00,0xc0,0x02
2026-06-05T13:00:00Z,KZ-TR-001,43.260,76.942,65266,0x00,0x10,0x04,0x00
2026-06-05T13:00:00Z,KZ-TR-001,43.260,76.942,65280,0xb0,0x36,0x00,0x00
2026-06-05T13:01:00Z,KZ-TR-001,43.257,76.943,65265,0x00,0x00,0xc0,0x02
2026-06-05T13:01:00Z,KZ-TR-001,43.257,76.943,65266,0x00,0x10,0x04,0x00
2026-06-05T13:01:00Z,KZ-TR-001,43.257,76.943,65280,0xb0,0x36,0x00,0x00
2026-06-05T13:02:00Z,KZ-TR-001,43.261,76.943,65265,0x00,0x00,0xc0,0x02
2026-06-05T13:02:00Z,KZ-TR-001,43.261,76.943,65266,0x00,0x10,0x04,0x00
2026-06-05T13:02:00Z,KZ-TR-001,43.261,76.943,65280,0xb0,0x36,0x00,0x00
2026-06-05T13:03:00Z,KZ-TR-001,43.262,76.945,65265,0x00,0x00,0xc0,0x02
2026-06-05T13:03:00Z,KZ-TR-001,43.262,76.945,65266,0x00,0x10,0x04,0x00
2026-06-05T13:03:00Z,KZ-TR-001,43.262,76.945,65280,0xb0,0x36,0x00,0x00
2026-06-05T13:04:00Z,KZ-TR-001,43.260,76.945,65265,0x00,0x00,0xc0,0x02
2026-06-05T13:04:00Z,KZ-TR-001,43.260,76.945,65266,0x00,0x10,0x04,0x00
2026-06-05T13:04:00Z,KZ-TR-001,43.260,76.945,65280,0xb0,0x36,0x00,0x00
2026-06-05T13:05:00Z,KZ-TR-001,43.256,76.944,65265,0x00,0x00,0xc0,0x02
2026-06-05T13:05:00Z,KZ-TR-001,43.256,76.944,65266,0x00,0x10,0x04,0x00
2026-06-05T13:05:00Z,KZ-TR-001,43.256,76.944,65280,0xb0,0x36,0x00,0x00
2026-06-05T13:06:00Z,KZ-TR-001,43.263,76.943,65265,0x00,0x00,0xc0,0x02
2026-06-05T13:06:00Z,KZ-TR-001,43.263,76.943,65266,0x00,0x10,0x04,0x00
2026-06-05T13:06:00Z,KZ-TR-001,43.263,76.943,65280,0xb0,0x36,0x00,0x00
2026-06-05T13:07:00Z,KZ-TR-001,43.264,76.948,65265,0x00,0x00,0xc0,0x02
2026-06-05T13:07:00Z,KZ-TR-001,43.264,76.948,65266,0x00,0x10,0x04,0x00
2026-06-05T13:07:00Z,KZ-TR-001,43.264,76.948,65280,0xb0,0x36,0x00,0x00
2026-06-05T13:08:00Z,KZ-TR-001,43.263,76.947,65265,0x00,0x00,0xc0,0x02
2026-06-05T13:08:00Z,KZ-TR-001,43.263,76.947,65266,0x00,0x10,0x04,0x00
2026-06-05T13:08:00Z,KZ-TR-001,43.263,76.947,65280,0xb0,0x36,0x00,0x00
2026-06-05T13:09:00Z,KZ-TR-001,43.257,76.946,65265,0x00,0x00,0xc0,0x02
2026-06-05T13:09:00Z,KZ-TR-001,43.257,76.946,65266,0x00,0x10,0x04,0x00
2026-06-05T13:09:00Z,KZ-TR-001,43.257,76.946,65280,0xb0,0x36,0x00,0x00
2026-06-05T13:10:00Z,KZ-TR-001,43.259,76.942,65265,0x00,0x00,0xc0,0x02
2026-06-05T13:10:00Z,KZ-TR-001,43.259,76.942,65266,0x00,0x10,0x04,0x00
2026-06-05T13:10:00Z,KZ-TR-001,43.259,76.942,65280,0xb0,0x36,0x00,0x00
2026-06-05T13:11:00Z,KZ-TR-001,43.265,76.947,65265,0x00,0x00,0xc0,0x02
2026-06-05T13:11:00Z,KZ-TR-001,43.265,76.947,65266,0x00,0x10,0x04,0x00
2026-06-05T13:11:00Z,KZ-TR-001,43.265,76.947,65280,0xb0,0x36,0x00,0x00
2026-06-05T13:12:00Z,KZ-TR-001,43.256,76.940,65265,0x00,0x00,0xc0,0x02
2026-06-05T13:12:00Z,KZ-TR-001,43.256,76.940,65266,0x00,0x10,0x04,0x00
2026-06-05T13:12:00Z,KZ-TR-001,43.256,76.940,65280,0xb0,0x36,0x00,0x00
2026-06-05T13:13:00Z,KZ-TR-001,43.257,76.946,65265,0x00,0x00,0xc0,0x02
2026-06-05T13:13:00Z,KZ-TR-001,43.257,76.946,65266,0x00,0x10,0x04,0x00
2026-06-05T13:13:00Z,KZ-TR-001,43.257,76.946,65280,0xb0,0x36,0x00,0x00
2026-06-05T13:14:00Z,KZ-TR-001,43.256,76.947,65265,0x00,0x00,0xc0,0x02
2026-06-05T13:14:00Z,KZ-TR-001,43.256,76.947,65266,0x00,0x10,0x04,0x00
2026-06-05T13:14:00Z,KZ-TR-001,43.256,76.947,65280,0xb0,0x36,0x00,0x00
2026-06-05T13:15:00Z,KZ-TR-001,43.263,76.944,65265,0x00,0x00,0xc0,0x02
2026-06-05T13:15:00Z,KZ-TR-001,43.263,76.944,65266,0x00,0x10,0x04,0x00
2026-06-05T13:15:00Z,KZ-TR-001,43.263,76.944,65280,0xb0,0x36,0x00,0x00
2026-06-05T13:16:00Z,KZ-TR-001,43.260,76.943,65265,0x00,0x00,0xc0,0x02
2026-06-05T13:16:00Z,KZ-TR-001,43.260,76.943,65266,0x00,0x10,0x04,0x00
2026-06-05T13:16:00Z,KZ-TR-001,43.260,76.943,65280,0xb0,0x36,0x00,0x00
2026-06-05T13:17:00Z,KZ-TR-001,43.259,76.947,65265,0x00,0x00,0xc0,0x02
2026-06-05T13:17:00Z,KZ-TR-001,43.259,76.947,65266,0x00,0x10,0x04,0x00
2026-06-05T13:17:00Z,KZ-TR-001,43.259,76.947,65280,0xb0,0x36,0x00,0x00
2026-06-05T13:18:00Z,KZ-TR-001,43.263,76.948,65265,0x00,0x00,0xc0,0x02
2026-06-05T13:18:00Z,KZ-TR-001,43.263,76.948,65266,0x00,0x10,0x04,0x00
2026-06-05T13:18:00Z,KZ-TR-001,43.263,76.948,65280,0xb0,0x36,0x00,0x00
2026-06-05T13:19:00Z,KZ-TR-001,43.262,76.943,65265,0x00,0x00,0xc0,0x02
2026-06-05T13:19:00Z,KZ-TR-001,43.262,76.943,65266,0x00,0x10,0x04,0x00
2026-06-05T13:19:00Z,KZ-TR-001,43.262,76.943,65280,0xb0,0x36,0x00,0x00
2026-06-05T13:20:00Z,KZ-TR-001,43.259,76.950,65265,0x00,0x00,0xc0,0x02
2026-06-05T13:20:00Z,KZ-TR-001,43.259,76.950,65266,0x00,0x10,0x04,0x00
2026-06-05T13:20:00Z,KZ-TR-001,43.259,76.950,65280,0xb0,0x36,0x00,0x00
2026-06-05T13:21:00Z,KZ-TR-001,43.256,76.946,65265,0x00,0x00,0xc0,0x02
2026-06-05T13:21:00Z,KZ-TR-001,43.256,76.946,65266,0x00,0x10,0x04,0x00
2026-06-05T13:21:00Z,KZ-TR-001,43.256,76.946,65280,0xb0,0x36,0x00,0x00
2026-06-05T13:22:00Z,KZ-TR-001,43.261,76.943,65265,0x00,0x00,0xc0,0x02
2026-06-05T13:22:00Z,KZ-TR-001,43.261,76.943,65266,0x00,0x10,0x04,0x00
2026-06-05T13:22:00Z,KZ-TR-001,43.261,76.943,65280,0xb0,0x36,0x00,0x00
2026-06-05T13:23:00Z,KZ-TR-001,43.263,76.945,65265,0x00,0x00,0xc0,0x02
2026-06-05T13:23:00Z,KZ-TR-001,43.263,76.945,65266,0x00,0x10,0x04,0x00
2026-06-05T13:23:00Z,KZ-TR-001,43.263,76.945,65280,0xb0,0x36,0x00,0x00
2026-06-05T13:24:00Z,KZ-TR-001,43.260,76.944,65265,0x00,0x00,0xc0,0x02
2026-06-05T13:24:00Z,KZ-TR-001,43.260,76.944,65266,0x00,0x10,0x04,0x00
2026-06-05T13:24:00Z,KZ-TR-001,43.260,76.944,65280,0xb0,0x36,0x00,0x00
2026-06-05T13:25:00Z,KZ-TR-001,43.265,76.943,65265,0x00,0x00,0xc0,0x02
2026-06-05T13:25:00Z,KZ-TR-001,43.265,76.943,65266,0x00,0x10,0x04,0x00
2026-06-05T13:25:00Z,KZ-TR-001,43.265,76.943,65280,0xb0,0x36,0x00,0x00
2026-06-05T13:26:00Z,KZ-TR-001,43.262,76.950,65265,0x00,0x00,0xc0,0x02
2026-06-05T13:26:00Z,KZ-TR-001,43.262,76.950,65266,0x00,0x10,0x04,0x00
2026-06-05T13:26:00Z,KZ-TR-001,43.262,76.950,65280,0xb0,0x36,0x00,0x00
2026-06-05T13:27:00Z,KZ-TR-001,43.258,76.943,65265,0x00,0x00,0xc0,0x02
2026-06-05T13:27:00Z,KZ-TR-001,43.258,76.943,65266,0x00,0x10,0x04,0x00
2026-06-05T13:27:00Z,KZ-TR-001,43.258,76.943,65280,0xb0,0x36,0x00,0x00
2026-06-05T13:28:00Z,KZ-TR-001,43.263,76.945,65265,0x00,0x00,0xc0,0x02
2026-06-05T13:28:00Z,KZ-TR-001,43.263,76.945,65266,0x00,0x10,0x04,0x00
2026-06-05T13:28:00Z,KZ-TR-001,43.263,76.945,65280,0xb0,0x36,0x00,0x00
2026-06-05T13:29:00Z,KZ-TR-001,43.261,76.947,65265,0x00,0x00,0xc0,0x02
2026-06-05T13:29:00Z,KZ-TR-001,43.261,76.947,65266,0x00,0x10,0x04,0x00
2026-06-05T13:29:00Z,KZ-TR-001,43.261,76.947,65280,0xb0,0x36,0x00,0x00
2026-06-05T13:30:00Z,KZ-TR-001,43.265,76.944,65265,0x00,0x00,0xc0,0x02
2026-06-05T13:30:00Z,KZ-TR-001,43.265,76.944,65266,0x00,0x10,0x04,0x00
2026-06-05T13:30:00Z,KZ-TR-001,43.265,76.944,65280,0xb0,0x36,0x00,0x00
2026-06-05T13:31:00Z,KZ-TR-001,43.257,76.946,65265,0x00,0x00,0xc0,0x02
2026-06-05T13:31:00Z,KZ-TR-001,43.257,76.946,65266,0x00,0x10,0x04,0x00
2026-06-05T13:31:00Z,KZ-TR-001,43.257,76.946,65280,0xb0,0x36,0x00,0x00
2026-06-05T13:32:00Z,KZ-TR-001,43.261,76.949,65265,0x00,0x00,0xc0,0x02
2026-06-05T13:32:00Z,KZ-TR-001,43.261,76.949,65266,0x00,0x10,0x04,0x00
2026-06-05T13:32:00Z,KZ-TR-001,43.261,76.949,65280,0xb0,0x36,0x00,0x00
2026-06-05T13:33:00Z,KZ-TR-001,43.258,76.943,65265,0x00,0x00,0xc0,0x02
2026-06-05T13:33:00Z,KZ-TR-001,43.258,76.943,65266,0x00,0x10,0x04,0x00
2026-06-05T13:33:00Z,KZ-TR-001,43.258,76.943,65280,0xb0,0x36,0x00,0x00
2026-06-05T13:34:00Z,KZ-TR-001,43.260,76.944,65265,0x00,0x00,0xc0,0x02
2026-06-05T13:34:00Z,KZ-TR-001,43.260,76.944,65266,0x00,0x10,0x04,0x00
2026-06-05T13:34:00Z,KZ-TR-001,43.260,76.944,65280,0xb0,0x36,0x00,0x00
2026-06-05T13:35:00Z,KZ-TR-001,43.259,76.945,65265,0x00,0x00,0xc0,0x02
2026-06-05T13:35:00Z,KZ-TR-001,43.259,76.945,65266,0x00,0x10,0x04,0x00
2026-06-05T13:35:00Z,KZ-TR-001,43.259,76.945,65280,0xb0,0x36,0x00,0x00
2026-06-05T13:36:00Z,KZ-TR-001,43.256,76.941,65265,0x00,0x00,0xc0,0x02
2026-06-05T13:36:00Z,KZ-TR-001,43.256,76.941,65266,0x00,0x10,0x04,0x00
2026-06-05T13:36:00Z,KZ-TR-001,43.256,76.941,65280,0xb0,0x36,0x00,0x00
2026-06-05T13:37:00Z,KZ-TR-001,43.262,76.946,65265,0x00,0x00,0xc0,0x02
2026-06-05T13:37:00Z,KZ-TR-001,43.262,76.946,65266,0x00,0x10,0x04,0x00
2026-06-05T13:37:00Z,KZ-TR-001,43.262,76.946,65280,0xb0,0x36,0x00,0x00
2026-06-05T13:38:00Z,KZ-TR-001,43.258,76.945,65265,0x00,0x00,0xc0,0x02
2026-06-05T13:38:00Z,KZ-TR-001,43.258,76.945,65266,0x00,0x10,0x04,0x00
2026-06-05T13:38:00Z,KZ-TR-001,43.258,76.945,65280,0xb0,0x36,0x00,0x00
2026-06-05T13:39:00Z,KZ-TR-001,43.260,76.941,65265,0x00,0x00,0xc0,0x02
2026-06-05T13:39:00Z,KZ-TR-001,43.260,76.941,65266,0x00,0x10,0x04,0x00
2026-06-05T13:39:00Z,KZ-TR-001,43.260,76.941,65280,0xb0,0x36,0x00,0x00
2026-06-05T13:40:00Z,KZ-TR-001,43.256,76.940,65265,0x00,0x00,0xc0,0x02
2026-06-05T13:40:00Z,KZ-TR-001,43.256,76.940,65266,0x00,0x10,0x04,0x00
2026-06-05T13:40:00Z,KZ-TR-001,43.256,76.940,65280,0xb0,0x36,0x00,0x00
2026-06-05T13:41:00Z,KZ-TR-001,43.255,76.948,65265,0x00,0x00,0xc0,0x02
2026-06-05T13:41:00Z,KZ-TR-001,43.255,76.948,65266,0x00,0x10,0x04,0x00
2026-06-05T13:41:00Z,KZ-TR-001,43.255,76.948,65280,0xb0,0x36,0x00,0x00
2026-06-05T13:42:00Z,KZ-TR-001,43.257,76.941,65265,0x00,0x00,0xc0,0x02
2026-06-05T13:42:00Z,KZ-TR-001,43.257,76.941,65266,0x00,0x10,0x04,0x00
2026-06-05T13:42:00Z,KZ-TR-001,43.257,76.941,65280,0xb0,0x36,0x00,0x00
2026-06-05T13:43:00Z,KZ-TR-001,43.258,76.948,65265,0x00,0x00,0xc0,0x02
2026-06-05T13:43:00Z,KZ-TR-001,43.258,76.948,65266,0x00,0x10,0x04,0x00
2026-06-05T13:43:00Z,KZ-TR-001,43.258,76.948,65280,0xb0,0x36,0x00,0x00
2026-06-05T13:44:00Z,KZ-TR-001,43.262,76.940,65265,0x00,0x00,0xc0,0x02
2026-06-05T13:44:00Z,KZ-TR-001,43.262,76.940,65266,0x00,0x10,0x04,0x00
2026-06-05T13:44:00Z,KZ-TR-001,43.262,76.940,65280,0xb0,0x36,0x00,0x00
2026-06-05T13:45:00Z,KZ-TR-001,43.265,76.943,65265,0x00,0x00,0xc0,0x02
2026-06-05T13:45:00Z,KZ-TR-001,43.265,76.943,65266,0x00,0x10,0x04,0x00
2026-06-05T13:45:00Z,KZ-TR-001,43.265,76.943,65280,0xb0,0x36,0x00,0x00
2026-06-05T13:46:00Z,KZ-TR-001,43.257,76.949,65265,0x00,0x00,0xc0,0x02
2026-06-05T13:46:00Z,KZ-TR-001,43.257,76.949,65266,0x00,0x10,0x04,0x00
2026-06-05T13:46:00Z,KZ-TR-001,43.257,76.949,65280,0xb0,0x36,0x00,0x00
2026-06-05T13:47:00Z,KZ-TR-001,43.263,76.946,65265,0x00,0x00,0xc0,0x02
2026-06-05T13:47:00Z,KZ-TR-001,43.263,76.946,65266,0x00,0x10,0x04,0x00
2026-06-05T13:47:00Z,KZ-TR-001,43.263,76.946,65280,0xb0,0x36,0x00,0x00
2026-06-05T13:48:00Z,KZ-TR-001,43.264,76.941,65265,0x00,0x00,0xc0,0x02
2026-06-05T13:48:00Z,KZ-TR-001,43.264,76.941,65266,0x00,0x10,0x04,0x00
2026-06-05T13:48:00Z,KZ-TR-001,43.264,76.941,65280,0xb0,0x36,0x00,0x00
2026-06-05T13:49:00Z,KZ-TR-001,43.257,76.948,65265,0x00,0x00,0xc0,0x02
2026-06-05T13:49:00Z,KZ-TR-001,43.257,76.948,65266,0x00,0x10,0x04,0x00
2026-06-05T13:49:00Z,KZ-TR-001,43.257,76.948,65280,0xb0,0x36,0x00,0x00
2026-06-05T13:50:00Z,KZ-TR-001,43.256,76.940,65265,0x00,0x00,0xc0,0x02
2026-06-05T13:50:00Z,KZ-TR-001,43.256,76.940,65266,0x00,0x10,0x04,0x00
2026-06-05T13:50:00Z,KZ-TR-001,43.256,76.940,65280,0xb0,0x36,0x00,0x00
2026-06-05T13:51:00Z,KZ-TR-001,43.262,76.947,65265,0x00,0x00,0xc0,0x02
2026-06-05T13:51:00Z,KZ-TR-001,43.262,76.947,65266,0x00,0x10,0x04,0x00
2026-06-05T13:51:00Z,KZ-TR-001,43.262,76.947,65280,0xb0,0x36,0x00,0x00
2026-06-05T13:52:00Z,KZ-TR-001,43.260,76.946,65265,0x00,0x00,0xc0,0x02
2026-06-05T13:52:00Z,KZ-TR-001,43.260,76.946,65266,0x00,0x10,0x04,0x00
2026-06-05T13:52:00Z,KZ-TR-001,43.260,76.946,65280,0xb0,0x36,0x00,0x00
2026-06-05T13:53:00Z,KZ-TR-001,43.255,76.944,65265,0x00,0x00,0xc0,0x02
2026-06-05T13:53:00Z,KZ-TR-001,43.255,76.944,65266,0x00,0x10,0x04,0x00
2026-06-05T13:53:00Z,KZ-TR-001,43.255,76.944,65280,0xb0,0x36,0x00,0x00
2026-06-05T13:54:00Z,KZ-TR-001,43.256,76.949,65265,0x00,0x00,0xc0,0x02
2026-06-05T13:54:00Z,KZ-TR-001,43.256,76.949,65266,0x00,0x10,0x04,0x00
2026-06-05T13:54:00Z,KZ-TR-001,43.256,76.949,65280,0xb0,0x36,0x00,0x00
2026-06-05T13:55:00Z,KZ-TR-001,43.260,76.945,65265,0x00,0x00,0xc0,0x02
2026-06-05T13:55:00Z,KZ-TR-001,43.260,76.945,65266,0x00,0x10,0x04,0x00
2026-06-05T13:55:00Z,KZ-TR-001,43.260,76.945,65280,0xb0,0x36,0x00,0x00
2026-06-05T13:56:00Z,KZ-TR-001,43.258,76.949,65265,0x00,0x00,0xc0,0x02
2026-06-05T13:56:00Z,KZ-TR-001,43.258,76.949,65266,0x00,0x10,0x04,0x00
2026-06-05T13:56:00Z,KZ-TR-001,43.258,76.949,65280,0xb0,0x36,0x00,0x00
2026-06-05T13:57:00Z,KZ-TR-001,43.255,76.942,65265,0x00,0x00,0xc0,0x02
2026-06-05T13:57:00Z,KZ-TR-001,43.255,76.942,65266,0x00,0x10,0x04,0x00
2026-06-05T13:57:00Z,KZ-TR-001,43.255,76.942,65280,0xb0,0x36,0x00,0x00
2026-06-05T13:58:00Z,KZ-TR-001,43.263,76.946,65265,0x00,0x00,0xc0,0x02
2026-06-05T13:58:00Z,KZ-TR-001,43.263,76.946,65266,0x00,0x10,0x04,0x00
2026-06-05T13:58:00Z,KZ-TR-001,43.263,76.946,65280,0xb0,0x36,0x00,0x00
2026-06-05T13:59:00Z,KZ-TR-001,43.256,76.946,65265,0x00,0x00,0xc0,0x02
2026-06-05T13:59:00Z,KZ-TR-001,43.256,76.946,65266,0x00,0x10,0x04,0x00
2026-06-05T13:59:00Z,KZ-TR-001,43.256,76.946,65280,0xb0,0x36,0x00,0x00
2026-06-05T14:00:00Z,KZ-TR-001,43.262,76.947,65265,0x00,0x00,0xc0,0x02
2026-06-05T14:00:00Z,KZ-TR-001,43.262,76.947,65266,0x00,0x10,0x04,0x00
2026-06-05T14:00:00Z,KZ-TR-001,43.262,76.947,65280,0xb0,0x36,0x00,0x00
2026-06-05T14:01:00Z,KZ-TR-001,43.264,76.943,65265,0x00,0x00,0xc0,0x02
2026-06-05T14:01:00Z,KZ-TR-001,43.264,76.943,65266,0x00,0x10,0x04,0x00
2026-06-05T14:01:00Z,KZ-TR-001,43.264,76.943,65280,0xb0,0x36,0x00,0x00
2026-06-05T14:02:00Z,KZ-TR-001,43.258,76.941,65265,0x00,0x00,0xc0,0x02
2026-06-05T14:02:00Z,KZ-TR-001,43.258,76.941,65266,0x00,0x10,0x04,0x00
2026-06-05T14:02:00Z,KZ-TR-001,43.258,76.941,65280,0xb0,0x36,0x00,0x00
2026-06-05T14:03:00Z,KZ-TR-001,43.259,76.946,65265,0x00,0x00,0xc0,0x02
2026-06-05T14:03:00Z,KZ-TR-001,43.259,76.946,65266,0x00,0x10,0x04,0x00
2026-06-05T14:03:00Z,KZ-TR-001,43.259,76.946,65280,0xb0,0x36,0x00,0x00
2026-06-05T14:04:00Z,KZ-TR-001,43.256,76.947,65265,0x00,0x00,0xc0,0x02
2026-06-05T14:04:00Z,KZ-TR-001,43.256,76.947,65266,0x00,0x10,0x04,0x00
2026-06-05T14:04:00Z,KZ-TR-001,43.256,76.947,65280,0xb0,0x36,0x00,0x00
2026-06-05T14:05:00Z,KZ-TR-001,43.259,76.942,65265,0x00,0x00,0xc0,0x02
2026-06-05T14:05:00Z,KZ-TR-001,43.259,76.942,65266,0x00,0x10,0x04,0x00
2026-06-05T14:05:00Z,KZ-TR-001,43.259,76.942,65280,0xb0,0x36,0x00,0x00
2026-06-05T14:06:00Z,KZ-TR-001,43.264,76.948,65265,0x00,0x00,0xc0,0x02
2026-06-05T14:06:00Z,KZ-TR-001,43.264,76.948,65266,0x00,0x10,0x04,0x00
2026-06-05T14:06:00Z,KZ-TR-001,43.264,76.948,65280,0xb0,0x36,0x00,0x00
2026-06-05T14:07:00Z,KZ-TR-001,43.262,76.946,65265,0x00,0x00,0xc0,0x02
2026-06-05T14:07:00Z,KZ-TR-001,43.262,76.946,65266,0x00,0x10,0x04,0x00
2026-06-05T14:07:00Z,KZ-TR-001,43.262,76.946,65280,0xb0,0x36,0x00,0x00
2026-06-05T14:08:00Z,KZ-TR-001,43.263,76.949,65265,0x00,0x00,0xc0,0x02
2026-06-05T14:08:00Z,KZ-TR-001,43.263,76.949,65266,0x00,0x10,0x04,0x00
2026-06-05T14:08:00Z,KZ-TR-001,43.263,76.949,65280,0xb0,0x36,0x00,0x00
2026-06-05T14:09:00Z,KZ-TR-001,43.263,76.948,65265,0x00,0x00,0xc0,0x02
2026-06-05T14:09:00Z,KZ-TR-001,43.263,76.948,65266,0x00,0x10,0x04,0x00
2026-06-05T14:09:00Z,KZ-TR-001,43.263,76.948,65280,0xb0,0x36,0x00,0x00
2026-06-05T14:10:00Z,KZ-TR-001,43.256,76.947,65265,0x00,0x00,0xc0,0x02
2026-06-05T14:10:00Z,KZ-TR-001,43.256,76.947,65266,0x00,0x10,0x04,0x00
2026-06-05T14:10:00Z,KZ-TR-001,43.256,76.947,65280,0xb0,0x36,0x00,0x00
2026-06-05T14:11:00Z,KZ-TR-001,43.256,76.942,65265,0x00,0x00,0xc0,0x02
2026-06-05T14:11:00Z,KZ-TR-001,43.256,76.942,65266,0x00,0x10,0x04,0x00
2026-06-05T14:11:00Z,KZ-TR-001,43.256,76.942,65280,0xb0,0x36,0x00,0x00
2026-06-05T14:12:00Z,KZ-TR-001,43.258,76.947,65265,0x00,0x00,0xc0,0x02
2026-06-05T14:12:00Z,KZ-TR-001,43.258,76.947,65266,0x00,0x10,0x04,0x00
2026-06-05T14:12:00Z,KZ-TR-001,43.258,76.947,65280,0xb0,0x36,0x00,0x00
2026-06-05T14:13:00Z,KZ-TR-001,43.263,76.946,65265,0x00,0x00,0xc0,0x02
2026-06-05T14:13:00Z,KZ-TR-001,43.263,76.946,65266,0x00,0x10,0x04,0x00
2026-06-05T14:13:00Z,KZ-TR-001,43.263,76.946,65280,0xb0,0x36,0x00,0x00
2026-06-05T14:14:00Z,KZ-TR-001,43.258,76.945,65265,0x00,0x00,0xc0,0x02
2026-06-05T14:14:00Z,KZ-TR-001,43.258,76.945,65266,0x00,0x10,0x04,0x00
2026-06-05T14:14:00Z,KZ-TR-001,43.258,76.945,65280,0xb0,0x36,0x00,0x00
2026-06-05T14:15:00Z,KZ-TR-001,43.258,76.942,65265,0x00,0x00,0xc0,0x02
2026-06-05T14:15:00Z,KZ-TR-001,43.258,76.942,65266,0x00,0x10,0x04,0x00
2026-06-05T14:15:00Z,KZ-TR-001,43.258,76.942,65280,0xb0,0x36,0x00,0x00
2026-06-05T14:16:00Z,KZ-TR-001,43.263,76.943,65265,0x00,0x00,0xc0,0x02
2026-06-05T14:16:00Z,KZ-TR-001,43.263,76.943,65266,0x00,0x10,0x04,0x00
2026-06-05T14:16:00Z,KZ-TR-001,43.263,76.943,65280,0xb0,0x36,0x00,0x00
2026-06-05T14:17:00Z,KZ-TR-001,43.256,76.947,65265,0x00,0x00,0xc0,0x02
2026-06-05T14:17:00Z,KZ-TR-001,43.256,76.947,65266,0x00,0x10,0x04,0x00
2026-06-05T14:17:00Z,KZ-TR-001,43.256,76.947,65280,0xb0,0x36,0x00,0x00
2026-06-05T14:18:00Z,KZ-TR-001,43.259,76.945,65265,0x00,0x00,0xc0,0x02
2026-06-05T14:18:00Z,KZ-TR-001,43.259,76.945,65266,0x00,0x10,0x04,0x00
2026-06-05T14:18:00Z,KZ-TR-001,43.259,76.945,65280,0xb0,0x36,0x00,0x00
2026-06-05T14:19:00Z,KZ-TR-001,43.261,76.949,65265,0x00,0x00,0xc0,0x02
2026-06-05T14:19:00Z,KZ-TR-001,43.261,76.949,65266,0x00,0x10,0x04,0x00
2026-06-05T14:19:00Z,KZ-TR-001,43.261,76.949,65280,0xb0,0x36,0x00,0x00
2026-06-05T14:20:00Z,KZ-TR-001,43.259,76.943,65265,0x00,0x00,0xc0,0x02
2026-06-05T14:20:00Z,KZ-TR-001,43.259,76.943,65266,0x00,0x10,0x04,0x00
2026-06-05T14:20:00Z,KZ-TR-001,43.259,76.943,65280,0xb0,0x36,0x00,0x00
2026-06-05T14:21:00Z,KZ-TR-001,43.257,76.942,65265,0x00,0x00,0xc0,0x02
2026-06-05T14:21:00Z,KZ-TR-001,43.257,76.942,65266,0x00,0x10,0x04,0x00
2026-06-05T14:21:00Z,KZ-TR-001,43.257,76.942,65280,0xb0,0x36,0x00,0x00
2026-06-05T14:22:00Z,KZ-TR-001,43.256,76.950,65265,0x00,0x00,0xc0,0x02
2026-06-05T14:22:00Z,KZ-TR-001,43.256,76.950,65266,0x00,0x10,0x04,0x00
2026-06-05T14:22:00Z,KZ-TR-001,43.256,76.950,65280,0xb0,0x36,0x00,0x00
2026-06-05T14:23:00Z,KZ-TR-001,43.263,76.945,65265,0x00,0x00,0xc0,0x02
2026-06-05T14:23:00Z,KZ-TR-001,43.263,76.945,65266,0x00,0x10,0x04,0x00
2026-06-05T14:23:00Z,KZ-TR-001,43.263,76.945,65280,0xb0,0x36,0x00,0x00
2026-06-05T14:24:00Z,KZ-TR-001,43.259,76.946,65265,0x00,0x00,0xc0,0x02
2026-06-05T14:24:00Z,KZ-TR-001,43.259,76.946,65266,0x00,0x10,0x04,0x00
2026-06-05T14:24:00Z,KZ-TR-001,43.259,76.946,65280,0xb0,0x36,0x00,0x00
2026-06-05T14:25:00Z,KZ-TR-001,43.259,76.945,65265,0x00,0x00,0xc0,0x02
2026-06-05T14:25:00Z,KZ-TR-001,43.259,76.945,65266,0x00,0x10,0x04,0x00
2026-06-05T14:25:00Z,KZ-TR-001,43.259,76.945,65280,0xb0,0x36,0x00,0x00
2026-06-05T14:26:00Z,KZ-TR-001,43.260,76.944,65265,0x00,0x00,0xc0,0x02
2026-06-05T14:26:00Z,KZ-TR-001,43.260,76.944,65266,0x00,0x10,0x04,0x00
2026-06-05T14:26:00Z,KZ-TR-001,43.260,76.944,65280,0xb0,0x36,0x00,0x00
2026-06-05T14:27:00Z,KZ-TR-001,43.260,76.950,65265,0x00,0x00,0xc0,0x02
2026-06-05T14:27:00Z,KZ-TR-001,43.260,76.950,65266,0x00,0x10,0x04,0x00
2026-06-05T14:27:00Z,KZ-TR-001,43.260,76.950,65280,0xb0,0x36,0x00,0x00
2026-06-05T14:28:00Z,KZ-TR-001,43.260,76.948,65265,0x00,0x00,0xc0,0x02
2026-06-05T14:28:00Z,KZ-TR-001,43.260,76.948,65266,0x00,0x10,0x04,0x00
2026-06-05T14:28:00Z,KZ-TR-001,43.260,76.948,65280,0xb0,0x36,0x00,0x00
2026-06-05T14:29:00Z,KZ-TR-001,43.264,76.946,65265,0x00,0x00,0xc0,0x02
2026-06-05T14:29:00Z,KZ-TR-001,43.264,76.946,65266,0x00,0x10,0x04,0x00
2026-06-05T14:29:00Z,KZ-TR-001,43.264,76.946,65280,0xb0,0x36,0x00,0x00
2026-06-05T14:30:00Z,KZ-TR-001,43.256,76.942,65265,0x00,0x00,0xc0,0x02
2026-06-05T14:30:00Z,KZ-TR-001,43.256,76.942,65266,0x00,0x10,0x04,0x00
2026-06-05T14:30:00Z,KZ-TR-001,43.256,76.942,65280,0xb0,0x36,0x00,0x00
2026-06-05T14:31:00Z,KZ-TR-001,43.261,76.949,65265,0x00,0x00,0xc0,0x02
2026-06-05T14:31:00Z,KZ-TR-001,43.261,76.949,65266,0x00,0x10,0x04,0x00
2026-06-05T14:31:00Z,KZ-TR-001,43.261,76.949,65280,0xb0,0x36,0x00,0x00
2026-06-05T14:32:00Z,KZ-TR-001,43.259,76.946,65265,0x00,0x00,0xc0,0x02
2026-06-05T14:32:00Z,KZ-TR-001,43.259,76.946,65266,0x00,0x10,0x04,0x00
2026-06-05T14:32:00Z,KZ-TR-001,43.259,76.946,65280,0xb0,0x36,0x00,0x00
2026-06-05T14:33:00Z,KZ-TR-001,43.261,76.947,65265,0x00,0x00,0xc0,0x02
2026-06-05T14:33:00Z,KZ-TR-001,43.261,76.947,65266,0x00,0x10,0x04,0x00
2026-06-05T14:33:00Z,KZ-TR-001,43.261,76.947,65280,0xb0,0x36,0x00,0x00
2026-06-05T14:34:00Z,KZ-TR-001,43.257,76.949,65265,0x00,0x00,0xc0,0x02
2026-06-05T14:34:00Z,KZ-TR-001,43.257,76.949,65266,0x00,0x10,0x04,0x00
2026-06-05T14:34:00Z,KZ-TR-001,43.257,76.949,65280,0xb0,0x36,0x00,0x00
2026-06-05T14:35:00Z,KZ-TR-001,43.260,76.947,65265,0x00,0x00,0xc0,0x02
2026-06-05T14:35:00Z,KZ-TR-001,43.260,76.947,65266,0x00,0x10,0x04,0x00
2026-06-05T14:35:00Z,KZ-TR-001,43.260,76.947,65280,0xb0,0x36,0x00,0x00
2026-06-05T14:36:00Z,KZ-TR-001,43.257,76.943,65265,0x00,0x00,0xc0,0x02
2026-06-05T14:36:00Z,KZ-TR-001,43.257,76.943,65266,0x00,0x10,0x04,0x00
2026-06-05T14:36:00Z,KZ-TR-001,43.257,76.943,65280,0xb0,0x36,0x00,0x00
2026-06-05T14:37:00Z,KZ-TR-001,43.259,76.946,65265,0x00,0x00,0xc0,0x02
2026-06-05T14:37:00Z,KZ-TR-001,43.259,76.946,65266,0x00,0x10,0x04,0x00
2026-06-05T14:37:00Z,KZ-TR-001,43.259,76.946,65280,0xb0,0x36,0x00,0x00
2026-06-05T14:38:00Z,KZ-TR-001,43.263,76.950,65265,0x00,0x00,0xc0,0x02
2026-06-05T14:38:00Z,KZ-TR-001,43.263,76.950,65266,0x00,0x10,0x04,0x00
2026-06-05T14:38:00Z,KZ-TR-001,43.263,76.950,65280,0xb0,0x36,0x00,0x00
2026-06-05T14:39:00Z,KZ-TR-001,43.265,76.946,65265,0x00,0x00,0xc0,0x02
2026-06-05T14:39:00Z,KZ-TR-001,43.265,76.946,65266,0x00,0x10,0x04,0x00
2026-06-05T14:39:00Z,KZ-TR-001,43.265,76.946,65280,0xb0,0x36,0x00,0x00
2026-06-05T14:40:00Z,KZ-TR-001,43.260,76.943,65265,0x00,0x00,0xc0,0x02
2026-06-05T14:40:00Z,KZ-TR-001,43.260,76.943,65266,0x00,0x10,0x04,0x00
2026-06-05T14:40:00Z,KZ-TR-001,43.260,76.943,65280,0xb0,0x36,0x00,0x00
2026-06-05T14:41:00Z,KZ-TR-001,43.260,76.948,65265,0x00,0x00,0xc0,0x02
2026-06-05T14:41:00Z,KZ-TR-001,43.260,76.948,65266,0x00,0x10,0x04,0x00
2026-06-05T14:41:00Z,KZ-TR-001,43.260,76.948,65280,0xb0,0x36,0x00,0x00
2026-06-05T14:42:00Z,KZ-TR-001,43.264,76.949,65265,0x00,0x00,0xc0,0x02
2026-06-05T14:42:00Z,KZ-TR-001,43.264,76.949,65266,0x00,0x10,0x04,0x00
2026-06-05T14:42:00Z,KZ-TR-001,43.264,76.949,65280,0xb0,0x36,0x00,0x00
2026-06-05T14:43:00Z,KZ-TR-001,43.263,76.941,65265,0x00,0x00,0xc0,0x02
2026-06-05T14:43:00Z,KZ-TR-001,43.263,76.941,65266,0x00,0x10,0x04,0x00
2026-06-05T14:43:00Z,KZ-TR-001,43.263,76.941,65280,0xb0,0x36,0x00,0x00
2026-06-05T14:44:00Z,KZ-TR-001,43.257,76.948,65265,0x00,0x00,0xc0,0x02
2026-06-05T14:44:00Z,KZ-TR-001,43.257,76.948,65266,0x00,0x10,0x04,0x00
2026-06-05T14:44:00Z,KZ-TR-001,43.257,76.948,65280,0xb0,0x36,0x00,0x00
2026-06-05T14:45:00Z,KZ-TR-001,43.256,76.942,65265,0x00,0x00,0xc0,0x02
2026-06-05T14:45:00Z,KZ-TR-001,43.256,76.942,65266,0x00,0x10,0x04,0x00
2026-06-05T14:45:00Z,KZ-TR-001,43.256,76.942,65280,0xb0,0x36,0x00,0x00
2026-06-05T14:46:00Z,KZ-TR-001,43.255,76.948,65265,0x00,0x00,0xc0,0x02
2026-06-05T14:46:00Z,KZ-TR-001,43.255,76.948,65266,0x00,0x10,0x04,0x00
2026-06-05T14:46:00Z,KZ-TR-001,43.255,76.948,65280,0xb0,0x36,0x00,0x00
2026-06-05T14:47:00Z,KZ-TR-001,43.255,76.947,65265,0x00,0x00,0xc0,0x02
2026-06-05T14:47:00Z,KZ-TR-001,43.255,76.947,65266,0x00,0x10,0x04,0x00
2026-06-05T14:47:00Z,KZ-TR-001,43.255,76.947,65280,0xb0,0x36,0x00,0x00
2026-06-05T14:48:00Z,KZ-TR-001,43.257,76.945,65265,0x00,0x00,0xc0,0x02
2026-06-05T14:48:00Z,KZ-TR-001,43.257,76.945,65266,0x00,0x10,0x04,0x00
2026-06-05T14:48:00Z,KZ-TR-001,43.257,76.945,65280,0xb0,0x36,0x00,0x00
2026-06-05T14:49:00Z,KZ-TR-001,43.257,76.945,65265,0x00,0x00,0xc0,0x02
2026-06-05T14:49:00Z,KZ-TR-001,43.257,76.945,65266,0x00,0x10,0x04,0x00
2026-06-05T14:49:00Z,KZ-TR-001,43.257,76.945,65280,0xb0,0x36,0x00,0x00
2026-06-05T14:50:00Z,KZ-TR-001,43.258,76.948,65265,0x00,0x00,0xc0,0x02
2026-06-05T14:50:00Z,KZ-TR-001,43.258,76.948,65266,0x00,0x10,0x04,0x00
2026-06-05T14:50:00Z,KZ-TR-001,43.258,76.948,65280,0xb0,0x36,0x00,0x00
2026-06-05T14:51:00Z,KZ-TR-001,43.256,76.948,65265,0x00,0x00,0xc0,0x02
2026-06-05T14:51:00Z,KZ-TR-001,43.256,76.948,65266,0x00,0x10,0x04,0x00
2026-06-05T14:51:00Z,KZ-TR-001,43.256,76.948,65280,0xb0,0x36,0x00,0x00
2026-06-05T14:52:00Z,KZ-TR-001,43.261,76.950,65265,0x00,0x00,0xc0,0x02
2026-06-05T14:52:00Z,KZ-TR-001,43.261,76.950,65266,0x00,0x10,0x04,0x00
2026-06-05T14:52:00Z,KZ-TR-001,43.261,76.950,65280,0xb0,0x36,0x00,0x00
2026-06-05T14:53:00Z,KZ-TR-001,43.261,76.940,65265,0x00,0x00,0xc0,0x02
2026-06-05T14:53:00Z,KZ-TR-001,43.261,76.940,65266,0x00,0x10,0x04,0x00
2026-06-05T14:53:00Z,KZ-TR-001,43.261,76.940,65280,0xb0,0x36,0x00,0x00
2026-06-05T14:54:00Z,KZ-TR-001,43.257,76.941,65265,0x00,0x00,0xc0,0x02
2026-06-05T14:54:00Z,KZ-TR-001,43.257,76.941,65266,0x00,0x10,0x04,0x00
2026-06-05T14:54:00Z,KZ-TR-001,43.257,76.941,65280,0xb0,0x36,0x00,0x00
2026-06-05T14:55:00Z,KZ-TR-001,43.257,76.947,65265,0x00,0x00,0xc0,0x02
2026-06-05T14:55:00Z,KZ-TR-001,43.257,76.947,65266,0x00,0x10,0x04,0x00
2026-06-05T14:55:00Z,KZ-TR-001,43.257,76.947,65280,0xb0,0x36,0x00,0x00
2026-06-05T14:56:00Z,KZ-TR-001,43.265,76.949,65265,0x00,0x00,0xc0,0x02
2026-06-05T14:56:00Z,KZ-TR-001,43.265,76.949,65266,0x00,0x10,0x04,0x00
2026-06-05T14:56:00Z,KZ-TR-001,43.265,76.949,65280,0xb0,0x36,0x00,0x00
2026-06-05T14:57:00Z,KZ-TR-001,43.261,76.943,65265,0x00,0x00,0xc0,0x02
2026-06-05T14:57:00Z,KZ-TR-001,43.261,76.943,65266,0x00,0x10,0x04,0x00
2026-06-05T14:57:00Z,KZ-TR-001,43.261,76.943,65280,0xb0,0x36,0x00,0x00
2026-06-05T14:58:00Z,KZ-TR-001,43.258,76.950,65265,0x00,0x00,0xc0,0x02
2026-06-05T14:58:00Z,KZ-TR-001,43.258,76.950,65266,0x00,0x10,0x04,0x00
2026-06-05T14:58:00Z,KZ-TR-001,43.258,76.950,65280,0xb0,0x36,0x00,0x00
2026-06-05T14:59:00Z,KZ-TR-001,43.259,76.943,65265,0x00,0x00,0xc0,0x02
2026-06-05T14:59:00Z,KZ-TR-001,43.259,76.943,65266,0x00,0x10,0x04,0x00
2026-06-05T14:59:00Z,KZ-TR-001,43.259,76.943,65280,0xb0,0x36,0x00,0x00
2026-06-05T15:00:00Z,KZ-TR-001,43.264,76.943,65265,0x00,0x00,0xc0,0x02
2026-06-05T15:00:00Z,KZ-TR-001,43.264,76.943,65266,0x00,0x10,0x04,0x00
2026-06-05T15:00:00Z,KZ-TR-001,43.264,76.943,65280,0xb0,0x36,0x00,0x00
2026-06-05T15:01:00Z,KZ-TR-001,43.263,76.947,65265,0x00,0x00,0xc0,0x02
2026-06-05T15:01:00Z,KZ-TR-001,43.263,76.947,65266,0x00,0x10,0x04,0x00
2026-06-05T15:01:00Z,KZ-TR-001,43.263,76.947,65280,0xb0,0x36,0x00,0x00
2026-06-05T15:02:00Z,KZ-TR-001,43.257,76.942,65265,0x00,0x00,0xc0,0x02
2026-06-05T15:02:00Z,KZ-TR-001,43.257,76.942,65266,0x00,0x10,0x04,0x00
2026-06-05T15:02:00Z,KZ-TR-001,43.257,76.942,65280,0xb0,0x36,0x00,0x00
2026-06-05T15:03:00Z,KZ-TR-001,43.263,76.945,65265,0x00,0x00,0xc0,0x02
2026-06-05T15:03:00Z,KZ-TR-001,43.263,76.945,65266,0x00,0x10,0x04,0x00
2026-06-05T15:03:00Z,KZ-TR-001,43.263,76.945,65280,0xb0,0x36,0x00,0x00
2026-06-05T15:04:00Z,KZ-TR-001,43.258,76.942,65265,0x00,0x00,0xc0,0x02
2026-06-05T15:04:00Z,KZ-TR-001,43.258,76.942,65266,0x00,0x10,0x04,0x00
2026-06-05T15:04:00Z,KZ-TR-001,43.258,76.942,65280,0xb0,0x36,0x00,0x00
2026-06-05T15:05:00Z,KZ-TR-001,43.257,76.943,65265,0x00,0x00,0xc0,0x02
2026-06-05T15:05:00Z,KZ-TR-001,43.257,76.943,65266,0x00,0x10,0x04,0x00
2026-06-05T15:05:00Z,KZ-TR-001,43.257,76.943,65280,0xb0,0x36,0x00,0x00
2026-06-05T15:06:00Z,KZ-TR-001,43.265,76.947,65265,0x00,0x00,0xc0,0x02
2026-06-05T15:06:00Z,KZ-TR-001,43.265,76.947,65266,0x00,0x10,0x04,0x00
2026-06-05T15:06:00Z,KZ-TR-001,43.265,76.947,65280,0xb0,0x36,0x00,0x00
2026-06-05T15:07:00Z,KZ-TR-001,43.256,76.950,65265,0x00,0x00,0xc0,0x02
2026-06-05T15:07:00Z,KZ-TR-001,43.256,76.950,65266,0x00,0x10,0x04,0x00
2026-06-05T15:07:00Z,KZ-TR-001,43.256,76.950,65280,0xb0,0x36,0x00,0x00
2026-06-05T15:08:00Z,KZ-TR-001,43.259,76.941,65265,0x00,0x00,0xc0,0x02
2026-06-05T15:08:00Z,KZ-TR-001,43.259,76.941,65266,0x00,0x10,0x04,0x00
2026-06-05T15:08:00Z,KZ-TR-001,43.259,76.941,65280,0xb0,0x36,0x00,0x00
2026-06-05T15:09:00Z,KZ-TR-001,43.255,76.942,65265,0x00,0x00,0xc0,0x02
2026-06-05T15:09:00Z,KZ-TR-001,43.255,76.942,65266,0x00,0x10,0x04,0x00
2026-06-05T15:09:00Z,KZ-TR-001,43.255,76.942,65280,0xb0,0x36,0x00,0x00
2026-06-05T15:10:00Z,KZ-TR-001,43.258,76.940,65265,0x00,0x00,0xc0,0x02
2026-06-05T15:10:00Z,KZ-TR-001,43.258,76.940,65266,0x00,0x10,0x04,0x00
2026-06-05T15:10:00Z,KZ-TR-001,43.258,76.940,65280,0xb0,0x36,0x00,0x00
2026-06-05T15:11:00Z,KZ-TR-001,43.257,76.941,65265,0x00,0x00,0xc0,0x02
2026-06-05T15:11:00Z,KZ-TR-001,43.257,76.941,65266,0x00,0x10,0x04,0x00
2026-06-05T15:11:00Z,KZ-TR-001,43.257,76.941,65280,0xb0,0x36,0x00,0x00
2026-06-05T15:12:00Z,KZ-TR-001,43.261,76.942,65265,0x00,0x00,0xc0,0x02
2026-06-05T15:12:00Z,KZ-TR-001,43.261,76.942,65266,0x00,0x10,0x04,0x00
2026-06-05T15:12:00Z,KZ-TR-001,43.261,76.942,65280,0xb0,0x36,0x00,0x00
2026-06-05T15:13:00Z,KZ-TR-001,43.257,76.946,65265,0x00,0x00,0xc0,0x02
2026-06-05T15:13:00Z,KZ-TR-001,43.257,76.946,65266,0x00,0x10,0x04,0x00
2026-06-05T15:13:00Z,KZ-TR-001,43.257,76.946,65280,0xb0,0x36,0x00,0x00
2026-06-05T15:14:00Z,KZ-TR-001,43.256,76.946,65265,0x00,0x00,0xc0,0x02
2026-06-05T15:14:00Z,KZ-TR-001,43.256,76.946,65266,0x00,0x10,0x04,0x00
2026-06-05T15:14:00Z,KZ-TR-001,43.256,76.946,65280,0xb0,0x36,0x00,0x00
2026-06-05T15:15:00Z,KZ-TR-001,43.263,76.946,65265,0x00,0x00,0xc0,0x02
2026-06-05T15:15:00Z,KZ-TR-001,43.263,76.946,65266,0x00,0x10,0x04,0x00
2026-06-05T15:15:00Z,KZ-TR-001,43.263,76.946,65280,0xb0,0x36,0x00,0x00
2026-06-05T15:16:00Z,KZ-TR-001,43.255,76.949,65265,0x00,0x00,0xc0,0x02
2026-06-05T15:16:00Z,KZ-TR-001,43.255,76.949,65266,0x00,0x10,0x04,0x00
2026-06-05T15:16:00Z,KZ-TR-001,43.255,76.949,65280,0xb0,0x36,0x00,0x00
2026-06-05T15:17:00Z,KZ-TR-001,43.259,76.948,65265,0x00,0x00,0xc0,0x02
2026-06-05T15:17:00Z,KZ-TR-001,43.259,76.948,65266,0x00,0x10,0x04,0x00
2026-06-05T15:17:00Z,KZ-TR-001,43.259,76.948,65280,0xb0,0x36,0x00,0x00
2026-06-05T15:18:00Z,KZ-TR-001,43.261,76.946,65265,0x00,0x00,0xc0,0x02
2026-06-05T15:18:00Z,KZ-TR-001,43.261,76.946,65266,0x00,0x10,0x04,0x00
2026-06-05T15:18:00Z,KZ-TR-001,43.261,76.946,65280,0xb0,0x36,0x00,0x00
2026-06-05T15:19:00Z,KZ-TR-001,43.260,76.948,65265,0x00,0x00,0xc0,0x02
2026-06-05T15:19:00Z,KZ-TR-001,43.260,76.948,65266,0x00,0x10,0x04,0x00
2026-06-05T15:19:00Z,KZ-TR-001,43.260,76.948,65280,0xb0,0x36,0x00,0x00
2026-06-05T15:20:00Z,KZ-TR-001,43.255,76.944,65265,0x00,0x00,0xc0,0x02
2026-06-05T15:20:00Z,KZ-TR-001,43.255,76.944,65266,0x00,0x10,0x04,0x00
2026-06-05T15:20:00Z,KZ-TR-001,43.255,76.944,65280,0xb0,0x36,0x00,0x00
2026-06-05T15:21:00Z,KZ-TR-001,43.256,76.947,65265,0x00,0x00,0xc0,0x02
2026-06-05T15:21:00Z,KZ-TR-001,43.256,76.947,65266,0x00,0x10,0x04,0x00
2026-06-05T15:21:00Z,KZ-TR-001,43.256,76.947,65280,0xb0,0x36,0x00,0x00
2026-06-05T15:22:00Z,KZ-TR-001,43.263,76.947,65265,0x00,0x00,0xc0,0x02
2026-06-05T15:22:00Z,KZ-TR-001,43.263,76.947,65266,0x00,0x10,0x04,0x00
2026-06-05T15:22:00Z,KZ-TR-001,43.263,76.947,65280,0xb0,0x36,0x00,0x00
2026-06-05T15:23:00Z,KZ-TR-001,43.263,76.947,65265,0x00,0x00,0xc0,0x02
2026-06-05T15:23:00Z,KZ-TR-001,43.263,76.947,65266,0x00,0x10,0x04,0x00
2026-06-05T15:23:00Z,KZ-TR-001,43.263,76.947,65280,0xb0,0x36,0x00,0x00
2026-06-05T15:24:00Z,KZ-TR-001,43.260,76.947,65265,0x00,0x00,0xc0,0x02
2026-06-05T15:24:00Z,KZ-TR-001,43.260,76.947,65266,0x00,0x10,0x04,0x00
2026-06-05T15:24:00Z,KZ-TR-001,43.260,76.947,65280,0xb0,0x36,0x00,0x00
2026-06-05T15:25:00Z,KZ-TR-001,43.261,76.943,65265,0x00,0x00,0xc0,0x02
2026-06-05T15:25:00Z,KZ-TR-001,43.261,76.943,65266,0x00,0x10,0x04,0x00
2026-06-05T15:25:00Z,KZ-TR-001,43.261,76.943,65280,0xb0,0x36,0x00,0x00
2026-06-05T15:26:00Z,KZ-TR-001,43.260,76.942,65265,0x00,0x00,0xc0,0x02
2026-06-05T15:26:00Z,KZ-TR-001,43.260,76.942,65266,0x00,0x10,0x04,0x00
2026-06-05T15:26:00Z,KZ-TR-001,43.260,76.942,65280,0xb0,0x36,0x00,0x00
2026-06-05T15:27:00Z,KZ-TR-001,43.256,76.947,65265,0x00,0x00,0xc0,0x02
2026-06-05T15:27:00Z,KZ-TR-001,43.256,76.947,65266,0x00,0x10,0x04,0x00
2026-06-05T15:27:00Z,KZ-TR-001,43.256,76.947,65280,0xb0,0x36,0x00,0x00
2026-06-05T15:28:00Z,KZ-TR-001,43.264,76.944,65265,0x00,0x00,0xc0,0x02
2026-06-05T15:28:00Z,KZ-TR-001,43.264,76.944,65266,0x00,0x10,0x04,0x00
2026-06-05T15:28:00Z,KZ-TR-001,43.264,76.944,65280,0xb0,0x36,0x00,0x00
2026-06-05T15:29:00Z,KZ-TR-001,43.261,76.942,65265,0x00,0x00,0xc0,0x02
2026-06-05T15:29:00Z,KZ-TR-001,43.261,76.942,65266,0x00,0x10,0x04,0x00
2026-06-05T15:29:00Z,KZ-TR-001,43.261,76.942,65280,0xb0,0x36,0x00,0x00
2026-06-05T15:30:00Z,KZ-TR-001,43.257,76.949,65265,0x00,0x00,0xc0,0x02
2026-06-05T15:30:00Z,KZ-TR-001,43.257,76.949,65266,0x00,0x10,0x04,0x00
2026-06-05T15:30:00Z,KZ-TR-001,43.257,76.949,65280,0xb0,0x36,0x00,0x00
2026-06-05T15:31:00Z,KZ-TR-001,43.258,76.942,65265,0x00,0x00,0xc0,0x02
2026-06-05T15:31:00Z,KZ-TR-001,43.258,76.942,65266,0x00,0x10,0x04,0x00
2026-06-05T15:31:00Z,KZ-TR-001,43.258,76.942,65280,0xb0,0x36,0x00,0x00
2026-06-05T15:32:00Z,KZ-TR-001,43.263,76.945,65265,0x00,0x00,0xc0,0x02
2026-06-05T15:32:00Z,KZ-TR-001,43.263,76.945,65266,0x00,0x10,0x04,0x00
2026-06-05T15:32:00Z,KZ-TR-001,43.263,76.945,65280,0xb0,0x36,0x00,0x00
2026-06-05T15:33:00Z,KZ-TR-001,43.265,76.948,65265,0x00,0x00,0xc0,0x02
2026-06-05T15:33:00Z,KZ-TR-001,43.265,76.948,65266,0x00,0x10,0x04,0x00
2026-06-05T15:33:00Z,KZ-TR-001,43.265,76.948,65280,0xb0,0x36,0x00,0x00
2026-06-05T15:34:00Z,KZ-TR-001,43.256,76.946,65265,0x00,0x00,0xc0,0x02
2026-06-05T15:34:00Z,KZ-TR-001,43.256,76.946,65266,0x00,0x10,0x04,0x00
2026-06-05T15:34:00Z,KZ-TR-001,43.256,76.946,65280,0xb0,0x36,0x00,0x00
2026-06-05T15:35:00Z,KZ-TR-001,43.257,76.941,65265,0x00,0x00,0xc0,0x02
2026-06-05T15:35:00Z,KZ-TR-001,43.257,76.941,65266,0x00,0x10,0x04,0x00
2026-06-05T15:35:00Z,KZ-TR-001,43.257,76.941,65280,0xb0,0x36,0x00,0x00
2026-06-05T15:36:00Z,KZ-TR-001,43.256,76.947,65265,0x00,0x00,0xc0,0x02
2026-06-05T15:36:00Z,KZ-TR-001,43.256,76.947,65266,0x00,0x10,0x04,0x00
2026-06-05T15:36:00Z,KZ-TR-001,43.256,76.947,65280,0xb0,0x36,0x00,0x00
2026-06-05T15:37:00Z,KZ-TR-001,43.257,76.944,65265,0x00,0x00,0xc0,0x02
2026-06-05T15:37:00Z,KZ-TR-001,43.257,76.944,65266,0x00,0x10,0x04,0x00
2026-06-05T15:37:00Z,KZ-TR-001,43.257,76.944,65280,0xb0,0x36,0x00,0x00
2026-06-05T15:38:00Z,KZ-TR-001,43.264,76.942,65265,0x00,0x00,0xc0,0x02
2026-06-05T15:38:00Z,KZ-TR-001,43.264,76.942,65266,0x00,0x10,0x04,0x00
2026-06-05T15:38:00Z,KZ-TR-001,43.264,76.942,65280,0xb0,0x36,0x00,0x00
2026-06-05T15:39:00Z,KZ-TR-001,43.261,76.945,65265,0x00,0x00,0xc0,0x02
2026-06-05T15:39:00Z,KZ-TR-001,43.261,76.945,65266,0x00,0x10,0x04,0x00
2026-06-05T15:39:00Z,KZ-TR-001,43.261,76.945,65280,0xb0,0x36,0x00,0x00
2026-06-05T15:40:00Z,KZ-TR-001,43.259,76.947,65265,0x00,0x00,0xc0,0x02
2026-06-05T15:40:00Z,KZ-TR-001,43.259,76.947,65266,0x00,0x10,0x04,0x00
2026-06-05T15:40:00Z,KZ-TR-001,43.259,76.947,65280,0xb0,0x36,0x00,0x00
2026-06-05T15:41:00Z,KZ-TR-001,43.263,76.950,65265,0x00,0x00,0xc0,0x02
2026-06-05T15:41:00Z,KZ-TR-001,43.263,76.950,65266,0x00,0x10,0x04,0x00
2026-06-05T15:41:00Z,KZ-TR-001,43.263,76.950,65280,0xb0,0x36,0x00,0x00
2026-06-05T15:42:00Z,KZ-TR-001,43.261,76.947,65265,0x00,0x00,0xc0,0x02
2026-06-05T15:42:00Z,KZ-TR-001,43.261,76.947,65266,0x00,0x10,0x04,0x00
2026-06-05T15:42:00Z,KZ-TR-001,43.261,76.947,65280,0xb0,0x36,0x00,0x00
2026-06-05T15:43:00Z,KZ-TR-001,43.258,76.942,65265,0x00,0x00,0xc0,0x02
2026-06-05T15:43:00Z,KZ-TR-001,43.258,76.942,65266,0x00,0x10,0x04,0x00
2026-06-05T15:43:00Z,KZ-TR-001,43.258,76.942,65280,0xb0,0x36,0x00,0x00
2026-06-05T15:44:00Z,KZ-TR-001,43.255,76.944,65265,0x00,0x00,0xc0,0x02
2026-06-05T15:44:00Z,KZ-TR-001,43.255,76.944,65266,0x00,0x10,0x04,0x00
2026-06-05T15:44:00Z,KZ-TR-001,43.255,76.944,65280,0xb0,0x36,0x00,0x00
2026-06-05T15:45:00Z,KZ-TR-001,43.261,76.943,65265,0x00,0x00,0xc0,0x02
2026-06-05T15:45:00Z,KZ-TR-001,43.261,76.943,65266,0x00,0x10,0x04,0x00
2026-06-05T15:45:00Z,KZ-TR-001,43.261,76.943,65280,0xb0,0x36,0x00,0x00
2026-06-05T15:46:00Z,KZ-TR-001,43.257,76.947,65265,0x00,0x00,0xc0,0x02
2026-06-05T15:46:00Z,KZ-TR-001,43.257,76.947,65266,0x00,0x10,0x04,0x00
2026-06-05T15:46:00Z,KZ-TR-001,43.257,76.947,65280,0xb0,0x36,0x00,0x00
2026-06-05T15:47:00Z,KZ-TR-001,43.262,76.949,65265,0x00,0x00,0xc0,0x02
2026-06-05T15:47:00Z,KZ-TR-001,43.262,76.949,65266,0x00,0x10,0x04,0x00
2026-06-05T15:47:00Z,KZ-TR-001,43.262,76.949,65280,0xb0,0x36,0x00,0x00
2026-06-05T15:48:00Z,KZ-TR-001,43.262,76.941,65265,0x00,0x00,0xc0,0x02
2026-06-05T15:48:00Z,KZ-TR-001,43.262,76.941,65266,0x00,0x10,0x04,0x00
2026-06-05T15:48:00Z,KZ-TR-001,43.262,76.941,65280,0xb0,0x36,0x00,0x00
2026-06-05T15:49:00Z,KZ-TR-001,43.259,76.943,65265,0x00,0x00,0xc0,0x02
2026-06-05T15:49:00Z,KZ-TR-001,43.259,76.943,65266,0x00,0x10,0x04,0x00
2026-06-05T15:49:00Z,KZ-TR-001,43.259,76.943,65280,0xb0,0x36,0x00,0x00
2026-06-05T15:50:00Z,KZ-TR-001,43.259,76.943,65265,0x00,0x00,0xc0,0x02
2026-06-05T15:50:00Z,KZ-TR-001,43.259,76.943,65266,0x00,0x10,0x04,0x00
2026-06-05T15:50:00Z,KZ-TR-001,43.259,76.943,65280,0xb0,0x36,0x00,0x00
2026-06-05T15:51:00Z,KZ-TR-001,43.256,76.946,65265,0x00,0x00,0xc0,0x02
2026-06-05T15:51:00Z,KZ-TR-001,43.256,76.946,65266,0x00,0x10,0x04,0x00
2026-06-05T15:51:00Z,KZ-TR-001,43.256,76.946,65280,0xb0,0x36,0x00,0x00
2026-06-05T15:52:00Z,KZ-TR-001,43.261,76.940,65265,0x00,0x00,0xc0,0x02
2026-06-05T15:52:00Z,KZ-TR-001,43.261,76.940,65266,0x00,0x10,0x04,0x00
2026-06-05T15:52:00Z,KZ-TR-001,43.261,76.940,65280,0xb0,0x36,0x00,0x00
2026-06-05T15:53:00Z,KZ-TR-001,43.256,76.943,65265,0x00,0x00,0xc0,0x02
2026-06-05T15:53:00Z,KZ-TR-001,43.256,76.943,65266,0x00,0x10,0x04,0x00
2026-06-05T15:53:00Z,KZ-TR-001,43.256,76.943,65280,0xb0,0x36,0x00,0x00
2026-06-05T15:54:00Z,KZ-TR-001,43.257,76.944,65265,0x00,0x00,0xc0,0x02
2026-06-05T15:54:00Z,KZ-TR-001,43.257,76.944,65266,0x00,0x10,0x04,0x00
2026-06-05T15:54:00Z,KZ-TR-001,43.257,76.944,65280,0xb0,0x36,0x00,0x00
2026-06-05T15:55:00Z,KZ-TR-001,43.260,76.944,65265,0x00,0x00,0xc0,0x02
2026-06-05T15:55:00Z,KZ-TR-001,43.260,76.944,65266,0x00,0x10,0x04,0x00
2026-06-05T15:55:00Z,KZ-TR-001,43.260,76.944,65280,0xb0,0x36,0x00,0x00
2026-06-05T15:56:00Z,KZ-TR-001,43.262,76.941,65265,0x00,0x00,0xc0,0x02
2026-06-05T15:56:00Z,KZ-TR-001,43.262,76.941,65266,0x00,0x10,0x04,0x00
2026-06-05T15:56:00Z,KZ-TR-001,43.262,76.941,65280,0xb0,0x36,0x00,0x00
2026-06-05T15:57:00Z,KZ-TR-001,43.255,76.947,65265,0x00,0x00,0xc0,0x02
2026-06-05T15:57:00Z,KZ-TR-001,43.255,76.947,65266,0x00,0x10,0x04,0x00
2026-06-05T15:57:00Z,KZ-TR-001,43.255,76.947,65280,0xb0,0x36,0x00,0x00
2026-06-05T15:58:00Z,KZ-TR-001,43.262,76.947,65265,0x00,0x00,0xc0,0x02
2026-06-05T15:58:00Z,KZ-TR-001,43.262,76.947,65266,0x00,0x10,0x04,0x00
2026-06-05T15:58:00Z,KZ-TR-001,43.262,76.947,65280,0xb0,0x36,0x00,0x00
2026-06-05T15:59:00Z,KZ-TR-001,43.260,76.949,65265,0x00,0x00,0xc0,0x02
2026-06-05T15:59:00Z,KZ-TR-001,43.260,76.949,65266,0x00,0x10,0x04,0x00
2026-06-05T15:59:00Z,KZ-TR-001,43.260,76.949,65280,0xb0,0x36,0x00,0x00
2026-06-05T16:00:00Z,KZ-TR-001,43.264,76.950,65265,0x00,0x00,0xc0,0x02
2026-06-05T16:00:00Z,KZ-TR-001,43.264,76.950,65266,0x00,0x10,0x04,0x00
2026-06-05T16:00:00Z,KZ-TR-001,43.264,76.950,65280,0xb0,0x36,0x00,0x00
2026-06-05T16:01:00Z,KZ-TR-001,43.256,76.947,65265,0x00,0x00,0xc0,0x02
2026-06-05T16:01:00Z,KZ-TR-001,43.256,76.947,65266,0x00,0x10,0x04,0x00
2026-06-05T16:01:00Z,KZ-TR-001,43.256,76.947,65280,0xb0,0x36,0x00,0x00
2026-06-05T16:02:00Z,KZ-TR-001,43.261,76.944,65265,0x00,0x00,0xc0,0x02
2026-06-05T16:02:00Z,KZ-TR-001,43.261,76.944,65266,0x00,0x10,0x04,0x00
2026-06-05T16:02:00Z,KZ-TR-001,43.261,76.944,65280,0xb0,0x36,0x00,0x00
2026-06-05T16:03:00Z,KZ-TR-001,43.259,76.941,65265,0x00,0x00,0xc0,0x02
2026-06-05T16:03:00Z,KZ-TR-001,43.259,76.941,65266,0x00,0x10,0x04,0x00
2026-06-05T16:03:00Z,KZ-TR-001,43.259,76.941,65280,0xb0,0x36,0x00,0x00
2026-06-05T16:04:00Z,KZ-TR-001,43.259,76.943,65265,0x00,0x00,0xc0,0x02
2026-06-05T16:04:00Z,KZ-TR-001,43.259,76.943,65266,0x00,0x10,0x04,0x00
2026-06-05T16:04:00Z,KZ-TR-001,43.259,76.943,65280,0xb0,0x36,0x00,0x00
2026-06-05T16:05:00Z,KZ-TR-001,43.263,76.940,65265,0x00,0x00,0xc0,0x02
2026-06-05T16:05:00Z,KZ-TR-001,43.263,76.940,65266,0x00,0x10,0x04,0x00
2026-06-05T16:05:00Z,KZ-TR-001,43.263,76.940,65280,0xb0,0x36,0x00,0x00
2026-06-05T16:06:00Z,KZ-TR-001,43.258,76.945,65265,0x00,0x00,0xc0,0x02
2026-06-05T16:06:00Z,KZ-TR-001,43.258,76.945,65266,0x00,0x10,0x04,0x00
2026-06-05T16:06:00Z,KZ-TR-001,43.258,76.945,65280,0xb0,0x36,0x00,0x00
2026-06-05T16:07:00Z,KZ-TR-001,43.265,76.941,65265,0x00,0x00,0xc0,0x02
2026-06-05T16:07:00Z,KZ-TR-001,43.265,76.941,65266,0x00,0x10,0x04,0x00
2026-06-05T16:07:00Z,KZ-TR-001,43.265,76.941,65280,0xb0,0x36,0x00,0x00
2026-06-05T16:08:00Z,KZ-TR-001,43.259,76.944,65265,0x00,0x00,0xc0,0x02
2026-06-05T16:08:00Z,KZ-TR-001,43.259,76.944,65266,0x00,0x10,0x04,0x00
2026-06-05T16:08:00Z,KZ-TR-001,43.259,76.944,65280,0xb0,0x36,0x00,0x00
2026-06-05T16:09:00Z,KZ-TR-001,43.256,76.948,65265,0x00,0x00,0xc0,0x02
2026-06-05T16:09:00Z,KZ-TR-001,43.256,76.948,65266,0x00,0x10,0x04,0x00
2026-06-05T16:09:00Z,KZ-TR-001,43.256,76.948,65280,0xb0,0x36,0x00,0x00
2026-06-05T16:10:00Z,KZ-TR-001,43.260,76.950,65265,0x00,0x00,0xc0,0x02
2026-06-05T16:10:00Z,KZ-TR-001,43.260,76.950,65266,0x00,0x10,0x04,0x00
2026-06-05T16:10:00Z,KZ-TR-001,43.260,76.950,65280,0xb0,0x36,0x00,0x00
2026-06-05T16:11:00Z,KZ-TR-001,43.261,76.949,65265,0x00,0x00,0xc0,0x02
2026-06-05T16:11:00Z,KZ-TR-001,43.261,76.949,65266,0x00,0x10,0x04,0x00
2026-06-05T16:11:00Z,KZ-TR-001,43.261,76.949,65280,0xb0,0x36,0x00,0x00
2026-06-05T16:12:00Z,KZ-TR-001,43.259,76.943,65265,0x00,0x00,0xc0,0x02
2026-06-05T16:12:00Z,KZ-TR-001,43.259,76.943,65266,0x00,0x10,0x04,0x00
2026-06-05T16:12:00Z,KZ-TR-001,43.259,76.943,65280,0xb0,0x36,0x00,0x00
2026-06-05T16:13:00Z,KZ-TR-001,43.259,76.947,65265,0x00,0x00,0xc0,0x02
2026-06-05T16:13:00Z,KZ-TR-001,43.259,76.947,65266,0x00,0x10,0x04,0x00
2026-06-05T16:13:00Z,KZ-TR-001,43.259,76.947,65280,0xb0,0x36,0x00,0x00
2026-06-05T16:14:00Z,KZ-TR-001,43.258,76.944,65265,0x00,0x00,0xc0,0x02
2026-06-05T16:14:00Z,KZ-TR-001,43.258,76.944,65266,0x00,0x10,0x04,0x00
2026-06-05T16:14:00Z,KZ-TR-001,43.258,76.944,65280,0xb0,0x36,0x00,0x00
2026-06-05T16:15:00Z,KZ-TR-001,43.263,76.944,65265,0x00,0x00,0xc0,0x02
2026-06-05T16:15:00Z,KZ-TR-001,43.263,76.944,65266,0x00,0x10,0x04,0x00
2026-06-05T16:15:00Z,KZ-TR-001,43.263,76.944,65280,0xb0,0x36,0x00,0x00
2026-06-05T16:16:00Z,KZ-TR-001,43.265,76.943,65265,0x00,0x00,0xc0,0x02
2026-06-05T16:16:00Z,KZ-TR-001,43.265,76.943,65266,0x00,0x10,0x04,0x00
2026-06-05T16:16:00Z,KZ-TR-001,43.265,76.943,65280,0xb0,0x36,0x00,0x00
2026-06-05T16:17:00Z,KZ-TR-001,43.263,76.942,65265,0x00,0x00,0xc0,0x02
2026-06-05T16:17:00Z,KZ-TR-001,43.263,76.942,65266,0x00,0x10,0x04,0x00
2026-06-05T16:17:00Z,KZ-TR-001,43.263,76.942,65280,0xb0,0x36,0x00,0x00
2026-06-05T16:18:00Z,KZ-TR-001,43.263,76.950,65265,0x00,0x00,0xc0,0x02
2026-06-05T16:18:00Z,KZ-TR-001,43.263,76.950,65266,0x00,0x10,0x04,0x00
2026-06-05T16:18:00Z,KZ-TR-001,43.263,76.950,65280,0xb0,0x36,0x00,0x00
2026-06-05T16:19:00Z,KZ-TR-001,43.257,76.947,65265,0x00,0x00,0xc0,0x02
2026-06-05T16:19:00Z,KZ-TR-001,43.257,76.947,65266,0x00,0x10,0x04,0x00
2026-06-05T16:19:00Z,KZ-TR-001,43.257,76.947,65280,0xb0,0x36,0x00,0x00
2026-06-05T16:20:00Z,KZ-TR-001,43.263,76.946,65265,0x00,0x00,0xc0,0x02
2026-06-05T16:20:00Z,KZ-TR-001,43.263,76.946,65266,0x00,0x10,0x04,0x00
2026-06-05T16:20:00Z,KZ-TR-001,43.263,76.946,65280,0xb0,0x36,0x00,0x00
2026-06-05T16:21:00Z,KZ-TR-001,43.263,76.949,65265,0x00,0x00,0xc0,0x02
2026-06-05T16:21:00Z,KZ-TR-001,43.263,76.949,65266,0x00,0x10,0x04,0x00
2026-06-05T16:21:00Z,KZ-TR-001,43.263,76.949,65280,0xb0,0x36,0x00,0x00
2026-06-05T16:22:00Z,KZ-TR-001,43.258,76.941,65265,0x00,0x00,0xc0,0x02
2026-06-05T16:22:00Z,KZ-TR-001,43.258,76.941,65266,0x00,0x10,0x04,0x00
2026-06-05T16:22:00Z,KZ-TR-001,43.258,76.941,65280,0xb0,0x36,0x00,0x00
2026-06-05T16:23:00Z,KZ-TR-001,43.259,76.943,65265,0x00,0x00,0xc0,0x02
2026-06-05T16:23:00Z,KZ-TR-001,43.259,76.943,65266,0x00,0x10,0x04,0x00
2026-06-05T16:23:00Z,KZ-TR-001,43.259,76.943,65280,0xb0,0x36,0x00,0x00
2026-06-05T16:24:00Z,KZ-TR-001,43.260,76.940,65265,0x00,0x00,0xc0,0x02
2026-06-05T16:24:00Z,KZ-TR-001,43.260,76.940,65266,0x00,0x10,0x04,0x00
2026-06-05T16:24:00Z,KZ-TR-001,43.260,76.940,65280,0xb0,0x36,0x00,0x00
2026-06-05T16:25:00Z,KZ-TR-001,43.261,76.943,65265,0x00,0x00,0xc0,0x02
2026-06-05T16:25:00Z,KZ-TR-001,43.261,76.943,65266,0x00,0x10,0x04,0x00
2026-06-05T16:25:00Z,KZ-TR-001,43.261,76.943,65280,0xb0,0x36,0x00,0x00
2026-06-05T16:26:00Z,KZ-TR-001,43.262,76.946,65265,0x00,0x00,0xc0,0x02
2026-06-05T16:26:00Z,KZ-TR-001,43.262,76.946,65266,0x00,0x10,0x04,0x00
2026-06-05T16:26:00Z,KZ-TR-001,43.262,76.946,65280,0xb0,0x36,0x00,0x00
2026-06-05T16:27:00Z,KZ-TR-001,43.259,76.941,65265,0x00,0x00,0xc0,0x02
2026-06-05T16:27:00Z,KZ-TR-001,43.259,76.941,65266,0x00,0x10,0x04,0x00
2026-06-05T16:27:00Z,KZ-TR-001,43.259,76.941,65280,0xb0,0x36,0x00,0x00
2026-06-05T16:28:00Z,KZ-TR-001,43.259,76.947,65265,0x00,0x00,0xc0,0x02
2026-06-05T16:28:00Z,KZ-TR-001,43.259,76.947,65266,0x00,0x10,0x04,0x00
2026-06-05T16:28:00Z,KZ-TR-001,43.259,76.947,65280,0xb0,0x36,0x00,0x00
2026-06-05T16:29:00Z,KZ-TR-001,43.264,76.943,65265,0x00,0x00,0xc0,0x02
2026-06-05T16:29:00Z,KZ-TR-001,43.264,76.943,65266,0x00,0x10,0x04,0x00
2026-06-05T16:29:00Z,KZ-TR-001,43.264,76.943,65280,0xb0,0x36,0x00,0x00
2026-06-05T16:30:00Z,KZ-TR-001,43.259,76.949,65265,0x00,0x00,0xc0,0x02
2026-06-05T16:30:00Z,KZ-TR-001,43.259,76.949,65266,0x00,0x10,0x04,0x00
2026-06-05T16:30:00Z,KZ-TR-001,43.259,76.949,65280,0xb0,0x36,0x00,0x00
2026-06-05T16:31:00Z,KZ-TR-001,43.264,76.948,65265,0x00,0x00,0xc0,0x02
2026-06-05T16:31:00Z,KZ-TR-001,43.264,76.948,65266,0x00,0x10,0x04,0x00
2026-06-05T16:31:00Z,KZ-TR-001,43.264,76.948,65280,0xb0,0x36,0x00,0x00
2026-06-05T16:32:00Z,KZ-TR-001,43.256,76.946,65265,0x00,0x00,0xc0,0x02
2026-06-05T16:32:00Z,KZ-TR-001,43.256,76.946,65266,0x00,0x10,0x04,0x00
2026-06-05T16:32:00Z,KZ-TR-001,43.256,76.946,65280,0xb0,0x36,0x00,0x00
2026-06-05T16:33:00Z,KZ-TR-001,43.256,76.949,65265,0x00,0x00,0xc0,0x02
2026-06-05T16:33:00Z,KZ-TR-001,43.256,76.949,65266,0x00,0x10,0x04,0x00
2026-06-05T16:33:00Z,KZ-TR-001,43.256,76.949,65280,0xb0,0x36,0x00,0x00
2026-06-05T16:34:00Z,KZ-TR-001,43.263,76.943,65265,0x00,0x00,0xc0,0x02
2026-06-05T16:34:00Z,KZ-TR-001,43.263,76.943,65266,0x00,0x10,0x04,0x00
2026-06-05T16:34:00Z,KZ-TR-001,43.263,76.943,65280,0xb0,0x36,0x00,0x00
2026-06-05T16:35:00Z,KZ-TR-001,43.258,76.944,65265,0x00,0x00,0xc0,0x02
2026-06-05T16:35:00Z,KZ-TR-001,43.258,76.944,65266,0x00,0x10,0x04,0x00
2026-06-05T16:35:00Z,KZ-TR-001,43.258,76.944,65280,0xb0,0x36,0x00,0x00
2026-06-05T16:36:00Z,KZ-TR-001,43.257,76.950,65265,0x00,0x00,0xc0,0x02
2026-06-05T16:36:00Z,KZ-TR-001,43.257,76.950,65266,0x00,0x10,0x04,0x00
2026-06-05T16:36:00Z,KZ-TR-001,43.257,76.950,65280,0xb0,0x36,0x00,0x00
2026-06-05T16:37:00Z,KZ-TR-001,43.256,76.946,65265,0x00,0x00,0xc0,0x02
2026-06-05T16:37:00Z,KZ-TR-001,43.256,76.946,65266,0x00,0x10,0x04,0x00
2026-06-05T16:37:00Z,KZ-TR-001,43.256,76.946,65280,0xb0,0x36,0x00,0x00
2026-06-05T16:38:00Z,KZ-TR-001,43.259,76.941,65265,0x00,0x00,0xc0,0x02
2026-06-05T16:38:00Z,KZ-TR-001,43.259,76.941,65266,0x00,0x10,0x04,0x00
2026-06-05T16:38:00Z,KZ-TR-001,43.259,76.941,65280,0xb0,0x36,0x00,0x00
2026-06-05T16:39:00Z,KZ-TR-001,43.263,76.948,65265,0x00,0x00,0xc0,0x02
2026-06-05T16:39:00Z,KZ-TR-001,43.263,76.948,65266,0x00,0x10,0x04,0x00
2026-06-05T16:39:00Z,KZ-TR-001,43.263,76.948,65280,0xb0,0x36,0x00,0x00
2026-06-05T16:40:00Z,KZ-TR-001,43.261,76.946,65265,0x00,0x00,0xc0,0x02
2026-06-05T16:40:00Z,KZ-TR-001,43.261,76.946,65266,0x00,0x10,0x04,0x00
2026-06-05T16:40:00Z,KZ-TR-001,43.261,76.946,65280,0xb0,0x36,0x00,0x00
2026-06-05T16:41:00Z,KZ-TR-001,43.258,76.941,65265,0x00,0x00,0xc0,0x02
2026-06-05T16:41:00Z,KZ-TR-001,43.258,76.941,65266,0x00,0x10,0x04,0x00
2026-06-05T16:41:00Z,KZ-TR-001,43.258,76.941,65280,0xb0,0x36,0x00,0x00
2026-06-05T16:42:00Z,KZ-TR-001,43.262,76.946,65265,0x00,0x00,0xc0,0x02
2026-06-05T16:42:00Z,KZ-TR-001,43.262,76.946,65266,0x00,0x10,0x04,0x00
2026-06-05T16:42:00Z,KZ-TR-001,43.262,76.946,65280,0xb0,0x36,0x00,0x00
2026-06-05T16:43:00Z,KZ-TR-001,43.258,76.941,65265,0x00,0x00,0xc0,0x02
2026-06-05T16:43:00Z,KZ-TR-001,43.258,76.941,65266,0x00,0x10,0x04,0x00
2026-06-05T16:43:00Z,KZ-TR-001,43.258,76.941,65280,0xb0,0x36,0x00,0x00
2026-06-05T16:44:00Z,KZ-TR-001,43.260,76.943,65265,0x00,0x00,0xc0,0x02
2026-06-05T16:44:00Z,KZ-TR-001,43.260,76.943,65266,0x00,0x10,0x04,0x00
2026-06-05T16:44:00Z,KZ-TR-001,43.260,76.943,65280,0xb0,0x36,0x00,0x00
2026-06-05T16:45:00Z,KZ-TR-001,43.263,76.946,65265,0x00,0x00,0xc0,0x02
2026-06-05T16:45:00Z,KZ-TR-001,43.263,76.946,65266,0x00,0x10,0x04,0x00
2026-06-05T16:45:00Z,KZ-TR-001,43.263,76.946,65280,0xb0,0x36,0x00,0x00
2026-06-05T16:46:00Z,KZ-TR-001,43.264,76.946,65265,0x00,0x00,0xc0,0x02
2026-06-05T16:46:00Z,KZ-TR-001,43.264,76.946,65266,0x00,0x10,0x04,0x00
2026-06-05T16:46:00Z,KZ-TR-001,43.264,76.946,65280,0xb0,0x36,0x00,0x00
2026-06-05T16:47:00Z,KZ-TR-001,43.264,76.943,65265,0x00,0x00,0xc0,0x02
2026-06-05T16:47:00Z,KZ-TR-001,43.264,76.943,65266,0x00,0x10,0x04,0x00
2026-06-05T16:47:00Z,KZ-TR-001,43.264,76.943,65280,0xb0,0x36,0x00,0x00
2026-06-05T16:48:00Z,KZ-TR-001,43.256,76.942,65265,0x00,0x00,0xc0,0x02
2026-06-05T16:48:00Z,KZ-TR-001,43.256,76.942,65266,0x00,0x10,0x04,0x00
2026-06-05T16:48:00Z,KZ-TR-001,43.256,76.942,65280,0xb0,0x36,0x00,0x00
2026-06-05T16:49:00Z,KZ-TR-001,43.257,76.947,65265,0x00,0x00,0xc0,0x02
2026-06-05T16:49:00Z,KZ-TR-001,43.257,76.947,65266,0x00,0x10,0x04,0x00
2026-06-05T16:49:00Z,KZ-TR-001,43.257,76.947,65280,0xb0,0x36,0x00,0x00
2026-06-05T16:50:00Z,KZ-TR-001,43.257,76.942,65265,0x00,0x00,0xc0,0x02
2026-06-05T16:50:00Z,KZ-TR-001,43.257,76.942,65266,0x00,0x10,0x04,0x00
2026-06-05T16:50:00Z,KZ-TR-001,43.257,76.942,65280,0xb0,0x36,0x00,0x00
2026-06-05T16:51:00Z,KZ-TR-001,43.262,76.946,65265,0x00,0x00,0xc0,0x02
2026-06-05T16:51:00Z,KZ-TR-001,43.262,76.946,65266,0x00,0x10,0x04,0x00
2026-06-05T16:51:00Z,KZ-TR-001,43.262,76.946,65280,0xb0,0x36,0x00,0x00
2026-06-05T16:52:00Z,KZ-TR-001,43.263,76.943,65265,0x00,0x00,0xc0,0x02
2026-06-05T16:52:00Z,KZ-TR-001,43.263,76.943,65266,0x00,0x10,0x04,0x00
2026-06-05T16:52:00Z,KZ-TR-001,43.263,76.943,65280,0xb0,0x36,0x00,0x00
2026-06-05T16:53:00Z,KZ-TR-001,43.262,76.943,65265,0x00,0x00,0xc0,0x02
2026-06-05T16:53:00Z,KZ-TR-001,43.262,76.943,65266,0x00,0x10,0x04,0x00
2026-06-05T16:53:00Z,KZ-TR-001,43.262,76.943,65280,0xb0,0x36,0x00,0x00
2026-06-05T16:54:00Z,KZ-TR-001,43.256,76.942,65265,0x00,0x00,0xc0,0x02
2026-06-05T16:54:00Z,KZ-TR-001,43.256,76.942,65266,0x00,0x10,0x04,0x00
2026-06-05T16:54:00Z,KZ-TR-001,43.256,76.942,65280,0xb0,0x36,0x00,0x00
2026-06-05T16:55:00Z,KZ-TR-001,43.264,76.947,65265,0x00,0x00,0xc0,0x02
2026-06-05T16:55:00Z,KZ-TR-001,43.264,76.947,65266,0x00,0x10,0x04,0x00
2026-06-05T16:55:00Z,KZ-TR-001,43.264,76.947,65280,0xb0,0x36,0x00,0x00
2026-06-05T16:56:00Z,KZ-TR-001,43.259,76.941,65265,0x00,0x00,0xc0,0x02
2026-06-05T16:56:00Z,KZ-TR-001,43.259,76.941,65266,0x00,0x10,0x04,0x00
2026-06-05T16:56:00Z,KZ-TR-001,43.259,76.941,65280,0xb0,0x36,0x00,0x00
2026-06-05T16:57:00Z,KZ-TR-001,43.259,76.949,65265,0x00,0x00,0xc0,0x02
2026-06-05T16:57:00Z,KZ-TR-001,43.259,76.949,65266,0x00,0x10,0x04,0x00
2026-06-05T16:57:00Z,KZ-TR-001,43.259,76.949,65280,0xb0,0x36,0x00,0x00
2026-06-05T16:58:00Z,KZ-TR-001,43.258,76.945,65265,0x00,0x00,0xc0,0x02
2026-06-05T16:58:00Z,KZ-TR-001,43.258,76.945,65266,0x00,0x10,0x04,0x00
2026-06-05T16:58:00Z,KZ-TR-001,43.258,76.945,65280,0xb0,0x36,0x00,0x00
2026-06-05T16:59:00Z,KZ-TR-001,43.265,76.949,65265,0x00,0x00,0xc0,0x02
2026-06-05T16:59:00Z,KZ-TR-001,43.265,76.949,65266,0x00,0x10,0x04,0x00
2026-06-05T16:59:00Z,KZ-TR-001,43.265,76.949,65280,0xb0,0x36,0x00,0x00
2026-06-05T17:00:00Z,KZ-TR-001,43.263,76.949,65265,0x00,0x00,0xc0,0x02
2026-06-05T17:00:00Z,KZ-TR-001,43.263,76.949,65266,0x00,0x10,0x04,0x00
2026-06-05T17:00:00Z,KZ-TR-001,43.263,76.949,65280,0xb0,0x36,0x00,0x00
2026-06-05T17:01:00Z,KZ-TR-001,43.256,76.943,65265,0x00,0x00,0xc0,0x02
2026-06-05T17:01:00Z,KZ-TR-001,43.256,76.943,65266,0x00,0x10,0x04,0x00
2026-06-05T17:01:00Z,KZ-TR-001,43.256,76.943,65280,0xb0,0x36,0x00,0x00
2026-06-05T17:02:00Z,KZ-TR-001,43.265,76.946,65265,0x00,0x00,0xc0,0x02
2026-06-05T17:02:00Z,KZ-TR-001,43.265,76.946,65266,0x00,0x10,0x04,0x00
2026-06-05T17:02:00Z,KZ-TR-001,43.265,76.946,65280,0xb0,0x36,0x00,0x00
2026-06-05T17:03:00Z,KZ-TR-001,43.256,76.940,65265,0x00,0x00,0xc0,0x02
2026-06-05T17:03:00Z,KZ-TR-001,43.256,76.940,65266,0x00,0x10,0x04,0x00
2026-06-05T17:03:00Z,KZ-TR-001,43.256,76.940,65280,0xb0,0x36,0x00,0x00
2026-06-05T17:04:00Z,KZ-TR-001,43.261,76.946,65265,0x00,0x00,0xc0,0x02
2026-06-05T17:04:00Z,KZ-TR-001,43.261,76.946,65266,0x00,0x10,0x04,0x00
2026-06-05T17:04:00Z,KZ-TR-001,43.261,76.946,65280,0xb0,0x36,0x00,0x00
2026-06-05T17:05:00Z,KZ-TR-001,43.264,76.945,65265,0x00,0x00,0xc0,0x02
2026-06-05T17:05:00Z,KZ-TR-001,43.264,76.945,65266,0x00,0x10,0x04,0x00
2026-06-05T17:05:00Z,KZ-TR-001,43.264,76.945,65280,0xb0,0x36,0x00,0x00
2026-06-05T17:06:00Z,KZ-TR-001,43.262,76.945,65265,0x00,0x00,0xc0,0x02
2026-06-05T17:06:00Z,KZ-TR-001,43.262,76.945,65266,0x00,0x10,0x04,0x00
2026-06-05T17:06:00Z,KZ-TR-001,43.262,76.945,65280,0xb0,0x36,0x00,0x00
2026-06-05T17:07:00Z,KZ-TR-001,43.258,76.947,65265,0x00,0x00,0xc0,0x02
2026-06-05T17:07:00Z,KZ-TR-001,43.258,76.947,65266,0x00,0x10,0x04,0x00
2026-06-05T17:07:00Z,KZ-TR-001,43.258,76.947,65280,0xb0,0x36,0x00,0x00
2026-06-05T17:08:00Z,KZ-TR-001,43.257,76.942,65265,0x00,0x00,0xc0,0x02
2026-06-05T17:08:00Z,KZ-TR-001,43.257,76.942,65266,0x00,0x10,0x04,0x00
2026-06-05T17:08:00Z,KZ-TR-001,43.257,76.942,65280,0xb0,0x36,0x00,0x00
2026-06-05T17:09:00Z,KZ-TR-001,43.263,76.945,65265,0x00,0x00,0xc0,0x02
2026-06-05T17:09:00Z,KZ-TR-001,43.263,76.945,65266,0x00,0x10,0x04,0x00
2026-06-05T17:09:00Z,KZ-TR-001,43.263,76.945,65280,0xb0,0x36,0x00,0x00
2026-06-05T17:10:00Z,KZ-TR-001,43.265,76.944,65265,0x00,0x00,0xc0,0x02
2026-06-05T17:10:00Z,KZ-TR-001,43.265,76.944,65266,0x00,0x10,0x04,0x00
2026-06-05T17:10:00Z,KZ-TR-001,43.265,76.944,65280,0xb0,0x36,0x00,0x00
2026-06-05T17:11:00Z,KZ-TR-001,43.263,76.946,65265,0x00,0x00,0xc0,0x02
2026-06-05T17:11:00Z,KZ-TR-001,43.263,76.946,65266,0x00,0x10,0x04,0x00
2026-06-05T17:11:00Z,KZ-TR-001,43.263,76.946,65280,0xb0,0x36,0x00,0x00
2026-06-05T17:12:00Z,KZ-TR-001,43.262,76.943,65265,0x00,0x00,0xc0,0x02
2026-06-05T17:12:00Z,KZ-TR-001,43.262,76.943,65266,0x00,0x10,0x04,0x00
2026-06-05T17:12:00Z,KZ-TR-001,43.262,76.943,65280,0xb0,0x36,0x00,0x00
2026-06-05T17:13:00Z,KZ-TR-001,43.256,76.942,65265,0x00,0x00,0xc0,0x02
2026-06-05T17:13:00Z,KZ-TR-001,43.256,76.942,65266,0x00,0x10,0x04,0x00
2026-06-05T17:13:00Z,KZ-TR-001,43.256,76.942,65280,0xb0,0x36,0x00,0x00
2026-06-05T17:14:00Z,KZ-TR-001,43.256,76.943,65265,0x00,0x00,0xc0,0x02
2026-06-05T17:14:00Z,KZ-TR-001,43.256,76.943,65266,0x00,0x10,0x04,0x00
2026-06-05T17:14:00Z,KZ-TR-001,43.256,76.943,65280,0xb0,0x36,0x00,0x00
2026-06-05T17:15:00Z,KZ-TR-001,43.256,76.943,65265,0x00,0x00,0xc0,0x02
2026-06-05T17:15:00Z,KZ-TR-001,43.256,76.943,65266,0x00,0x10,0x04,0x00
2026-06-05T17:15:00Z,KZ-TR-001,43.256,76.943,65280,0xb0,0x36,0x00,0x00
2026-06-05T17:16:00Z,KZ-TR-001,43.260,76.946,65265,0x00,0x00,0xc0,0x02
2026-06-05T17:16:00Z,KZ-TR-001,43.260,76.946,65266,0x00,0x10,0x04,0x00
2026-06-05T17:16:00Z,KZ-TR-001,43.260,76.946,65280,0xb0,0x36,0x00,0x00
2026-06-05T17:17:00Z,KZ-TR-001,43.260,76.942,65265,0x00,0x00,0xc0,0x02
2026-06-05T17:17:00Z,KZ-TR-001,43.260,76.942,65266,0x00,0x10,0x04,0x00
2026-06-05T17:17:00Z,KZ-TR-001,43.260,76.942,65280,0xb0,0x36,0x00,0x00
2026-06-05T17:18:00Z,KZ-TR-001,43.260,76.948,65265,0x00,0x00,0xc0,0x02
2026-06-05T17:18:00Z,KZ-TR-001,43.260,76.948,65266,0x00,0x10,0x04,0x00
2026-06-05T17:18:00Z,KZ-TR-001,43.260,76.948,65280,0xb0,0x36,0x00,0x00
2026-06-05T17:19:00Z,KZ-TR-001,43.261,76.942,65265,0x00,0x00,0xc0,0x02
2026-06-05T17:19:00Z,KZ-TR-001,43.261,76.942,65266,0x00,0x10,0x04,0x00
2026-06-05T17:19:00Z,KZ-TR-001,43.261,76.942,65280,0xb0,0x36,0x00,0x00
2026-06-05T17:20:00Z,KZ-TR-001,43.255,76.947,65265,0x00,0x00,0xc0,0x02
2026-06-05T17:20:00Z,KZ-TR-001,43.255,76.947,65266,0x00,0x10,0x04,0x00
2026-06-05T17:20:00Z,KZ-TR-001,43.255,76.947,65280,0xb0,0x36,0x00,0x00
2026-06-05T17:21:00Z,KZ-TR-001,43.264,76.946,65265,0x00,0x00,0xc0,0x02
2026-06-05T17:21:00Z,KZ-TR-001,43.264,76.946,65266,0x00,0x10,0x04,0x00
2026-06-05T17:21:00Z,KZ-TR-001,43.264,76.946,65280,0xb0,0x36,0x00,0x00
2026-06-05T17:22:00Z,KZ-TR-001,43.257,76.946,65265,0x00,0x00,0xc0,0x02
2026-06-05T17:22:00Z,KZ-TR-001,43.257,76.946,65266,0x00,0x10,0x04,0x00
2026-06-05T17:22:00Z,KZ-TR-001,43.257,76.946,65280,0xb0,0x36,0x00,0x00
2026-06-05T17:23:00Z,KZ-TR-001,43.260,76.941,65265,0x00,0x00,0xc0,0x02
2026-06-05T17:23:00Z,KZ-TR-001,43.260,76.941,65266,0x00,0x10,0x04,0x00
2026-06-05T17:23:00Z,KZ-TR-001,43.260,76.941,65280,0xb0,0x36,0x00,0x00
2026-06-05T17:24:00Z,KZ-TR-001,43.261,76.946,65265,0x00,0x00,0xc0,0x02
2026-06-05T17:24:00Z,KZ-TR-001,43.261,76.946,65266,0x00,0x10,0x04,0x00
2026-06-05T17:24:00Z,KZ-TR-001,43.261,76.946,65280,0xb0,0x36,0x00,0x00
2026-06-05T17:25:00Z,KZ-TR-001,43.258,76.942,65265,0x00,0x00,0xc0,0x02
2026-06-05T17:25:00Z,KZ-TR-001,43.258,76.942,65266,0x00,0x10,0x04,0x00
2026-06-05T17:25:00Z,KZ-TR-001,43.258,76.942,65280,0xb0,0x36,0x00,0x00
2026-06-05T17:26:00Z,KZ-TR-001,43.261,76.947,65265,0x00,0x00,0xc0,0x02
2026-06-05T17:26:00Z,KZ-TR-001,43.261,76.947,65266,0x00,0x10,0x04,0x00
2026-06-05T17:26:00Z,KZ-TR-001,43.261,76.947,65280,0xb0,0x36,0x00,0x00
2026-06-05T17:27:00Z,KZ-TR-001,43.262,76.947,65265,0x00,0x00,0xc0,0x02
2026-06-05T17:27:00Z,KZ-TR-001,43.262,76.947,65266,0x00,0x10,0x04,0x00
2026-06-05T17:27:00Z,KZ-TR-001,43.262,76.947,65280,0xb0,0x36,0x00,0x00
2026-06-05T17:28:00Z,KZ-TR-001,43.255,76.946,65265,0x00,0x00,0xc0,0x02
2026-06-05T17:28:00Z,KZ-TR-001,43.255,76.946,65266,0x00,0x10,0x04,0x00
2026-06-05T17:28:00Z,KZ-TR-001,43.255,76.946,65280,0xb0,0x36,0x00,0x00
2026-06-05T17:29:00Z,KZ-TR-001,43.258,76.947,65265,0x00,0x00,0xc0,0x02
2026-06-05T17:29:00Z,KZ-TR-001,43.258,76.947,65266,0x00,0x10,0x04,0x00
2026-06-05T17:29:00Z,KZ-TR-001,43.258,76.947,65280,0xb0,0x36,0x00,0x00
2026-06-05T17:30:00Z,KZ-TR-001,43.255,76.941,65265,0x00,0x00,0xc0,0x02
2026-06-05T17:30:00Z,KZ-TR-001,43.255,76.941,65266,0x00,0x10,0x04,0x00
2026-06-05T17:30:00Z,KZ-TR-001,43.255,76.941,65280,0xb0,0x36,0x00,0x00
2026-06-05T17:31:00Z,KZ-TR-001,43.264,76.942,65265,0x00,0x00,0xc0,0x02
2026-06-05T17:31:00Z,KZ-TR-001,43.264,76.942,65266,0x00,0x10,0x04,0x00
2026-06-05T17:31:00Z,KZ-TR-001,43.264,76.942,65280,0xb0,0x36,0x00,0x00
2026-06-05T17:32:00Z,KZ-TR-001,43.264,76.950,65265,0x00,0x00,0xc0,0x02
2026-06-05T17:32:00Z,KZ-TR-001,43.264,76.950,65266,0x00,0x10,0x04,0x00
2026-06-05T17:32:00Z,KZ-TR-001,43.264,76.950,65280,0xb0,0x36,0x00,0x00
2026-06-05T17:33:00Z,KZ-TR-001,43.264,76.946,65265,0x00,0x00,0xc0,0x02
2026-06-05T17:33:00Z,KZ-TR-001,43.264,76.946,65266,0x00,0x10,0x04,0x00
2026-06-05T17:33:00Z,KZ-TR-001,43.264,76.946,65280,0xb0,0x36,0x00,0x00
2026-06-05T17:34:00Z,KZ-TR-001,43.256,76.945,65265,0x00,0x00,0xc0,0x02
2026-06-05T17:34:00Z,KZ-TR-001,43.256,76.945,65266,0x00,0x10,0x04,0x00
2026-06-05T17:34:00Z,KZ-TR-001,43.256,76.945,65280,0xb0,0x36,0x00,0x00
2026-06-05T17:35:00Z,KZ-TR-001,43.262,76.949,65265,0x00,0x00,0xc0,0x02
2026-06-05T17:35:00Z,KZ-TR-001,43.262,76.949,65266,0x00,0x10,0x04,0x00
2026-06-05T17:35:00Z,KZ-TR-001,43.262,76.949,65280,0xb0,0x36,0x00,0x00
2026-06-05T17:36:00Z,KZ-TR-001,43.256,76.949,65265,0x00,0x00,0xc0,0x02
2026-06-05T17:36:00Z,KZ-TR-001,43.256,76.949,65266,0x00,0x10,0x04,0x00
2026-06-05T17:36:00Z,KZ-TR-001,43.256,76.949,65280,0xb0,0x36,0x00,0x00
2026-06-05T17:37:00Z,KZ-TR-001,43.264,76.941,65265,0x00,0x00,0xc0,0x02
2026-06-05T17:37:00Z,KZ-TR-001,43.264,76.941,65266,0x00,0x10,0x04,0x00
2026-06-05T17:37:00Z,KZ-TR-001,43.264,76.941,65280,0xb0,0x36,0x00,0x00
2026-06-05T17:38:00Z,KZ-TR-001,43.259,76.942,65265,0x00,0x00,0xc0,0x02
2026-06-05T17:38:00Z,KZ-TR-001,43.259,76.942,65266,0x00,0x10,0x04,0x00
2026-06-05T17:38:00Z,KZ-TR-001,43.259,76.942,65280,0xb0,0x36,0x00,0x00
2026-06-05T17:39:00Z,KZ-TR-001,43.258,76.949,65265,0x00,0x00,0xc0,0x02
2026-06-05T17:39:00Z,KZ-TR-001,43.258,76.949,65266,0x00,0x10,0x04,0x00
2026-06-05T17:39:00Z,KZ-TR-001,43.258,76.949,65280,0xb0,0x36,0x00,0x00
2026-06-05T17:40:00Z,KZ-TR-001,43.265,76.949,65265,0x00,0x00,0xc0,0x02
2026-06-05T17:40:00Z,KZ-TR-001,43.265,76.949,65266,0x00,0x10,0x04,0x00
2026-06-05T17:40:00Z,KZ-TR-001,43.265,76.949,65280,0xb0,0x36,0x00,0x00
2026-06-05T17:41:00Z,KZ-TR-001,43.256,76.945,65265,0x00,0x00,0xc0,0x02
2026-06-05T17:41:00Z,KZ-TR-001,43.256,76.945,65266,0x00,0x10,0x04,0x00
2026-06-05T17:41:00Z,KZ-TR-001,43.256,76.945,65280,0xb0,0x36,0x00,0x00
2026-06-05T17:42:00Z,KZ-TR-001,43.259,76.942,65265,0x00,0x00,0xc0,0x02
2026-06-05T17:42:00Z,KZ-TR-001,43.259,76.942,65266,0x00,0x10,0x04,0x00
2026-06-05T17:42:00Z,KZ-TR-001,43.259,76.942,65280,0xb0,0x36,0x00,0x00
2026-06-05T17:43:00Z,KZ-TR-001,43.262,76.943,65265,0x00,0x00,0xc0,0x02
2026-06-05T17:43:00Z,KZ-TR-001,43.262,76.943,65266,0x00,0x10,0x04,0x00
2026-06-05T17:43:00Z,KZ-TR-001,43.262,76.943,65280,0xb0,0x36,0x00,0x00
2026-06-05T17:44:00Z,KZ-TR-001,43.262,76.945,65265,0x00,0x00,0xc0,0x02
2026-06-05T17:44:00Z,KZ-TR-001,43.262,76.945,65266,0x00,0x10,0x04,0x00
2026-06-05T17:44:00Z,KZ-TR-001,43.262,76.945,65280,0xb0,0x36,0x00,0x00
2026-06-05T17:45:00Z,KZ-TR-001,43.263,76.944,65265,0x00,0x00,0xc0,0x02
2026-06-05T17:45:00Z,KZ-TR-001,43.263,76.944,65266,0x00,0x10,0x04,0x00
2026-06-05T17:45:00Z,KZ-TR-001,43.263,76.944,65280,0xb0,0x36,0x00,0x00
2026-06-05T17:46:00Z,KZ-TR-001,43.263,76.947,65265,0x00,0x00,0xc0,0x02
2026-06-05T17:46:00Z,KZ-TR-001,43.263,76.947,65266,0x00,0x10,0x04,0x00
2026-06-05T17:46:00Z,KZ-TR-001,43.263,76.947,65280,0xb0,0x36,0x00,0x00
2026-06-05T17:47:00Z,KZ-TR-001,43.256,76.949,65265,0x00,0x00,0xc0,0x02
2026-06-05T17:47:00Z,KZ-TR-001,43.256,76.949,65266,0x00,0x10,0x04,0x00
2026-06-05T17:47:00Z,KZ-TR-001,43.256,76.949,65280,0xb0,0x36,0x00,0x00
2026-06-05T17:48:00Z,KZ-TR-001,43.257,76.946,65265,0x00,0x00,0xc0,0x02
2026-06-05T17:48:00Z,KZ-TR-001,43.257,76.946,65266,0x00,0x10,0x04,0x00
2026-06-05T17:48:00Z,KZ-TR-001,43.257,76.946,65280,0xb0,0x36,0x00,0x00
2026-06-05T17:49:00Z,KZ-TR-001,43.258,76.945,65265,0x00,0x00,0xc0,0x02
2026-06-05T17:49:00Z,KZ-TR-001,43.258,76.945,65266,0x00,0x10,0x04,0x00
2026-06-05T17:49:00Z,KZ-TR-001,43.258,76.945,65280,0xb0,0x36,0x00,0x00
2026-06-05T17:50:00Z,KZ-TR-001,43.256,76.945,65265,0x00,0x00,0xc0,0x02
2026-06-05T17:50:00Z,KZ-TR-001,43.256,76.945,65266,0x00,0x10,0x04,0x00
2026-06-05T17:50:00Z,KZ-TR-001,43.256,76.945,65280,0xb0,0x36,0x00,0x00
2026-06-05T17:51:00Z,KZ-TR-001,43.261,76.946,65265,0x00,0x00,0xc0,0x02
2026-06-05T17:51:00Z,KZ-TR-001,43.261,76.946,65266,0x00,0x10,0x04,0x00
2026-06-05T17:51:00Z,KZ-TR-001,43.261,76.946,65280,0xb0,0x36,0x00,0x00
2026-06-05T17:52:00Z,KZ-TR-001,43.257,76.949,65265,0x00,0x00,0xc0,0x02
2026-06-05T17:52:00Z,KZ-TR-001,43.257,76.949,65266,0x00,0x10,0x04,0x00
2026-06-05T17:52:00Z,KZ-TR-001,43.257,76.949,65280,0xb0,0x36,0x00,0x00
2026-06-05T17:53:00Z,KZ-TR-001,43.259,76.949,65265,0x00,0x00,0xc0,0x02
2026-06-05T17:53:00Z,KZ-TR-001,43.259,76.949,65266,0x00,0x10,0x04,0x00
2026-06-05T17:53:00Z,KZ-TR-001,43.259,76.949,65280,0xb0,0x36,0x00,0x00
2026-06-05T17:54:00Z,KZ-TR-001,43.263,76.946,65265,0x00,0x00,0xc0,0x02
2026-06-05T17:54:00Z,KZ-TR-001,43.263,76.946,65266,0x00,0x10,0x04,0x00
2026-06-05T17:54:00Z,KZ-TR-001,43.263,76.946,65280,0xb0,0x36,0x00,0x00
2026-06-05T17:55:00Z,KZ-TR-001,43.264,76.942,65265,0x00,0x00,0xc0,0x02
2026-06-05T17:55:00Z,KZ-TR-001,43.264,76.942,65266,0x00,0x10,0x04,0x00
2026-06-05T17:55:00Z,KZ-TR-001,43.264,76.942,65280,0xb0,0x36,0x00,0x00
2026-06-05T17:56:00Z,KZ-TR-001,43.258,76.941,65265,0x00,0x00,0xc0,0x02
2026-06-05T17:56:00Z,KZ-TR-001,43.258,76.941,65266,0x00,0x10,0x04,0x00
2026-06-05T17:56:00Z,KZ-TR-001,43.258,76.941,65280,0xb0,0x36,0x00,0x00
2026-06-05T17:57:00Z,KZ-TR-001,43.261,76.942,65265,0x00,0x00,0xc0,0x02
2026-06-05T17:57:00Z,KZ-TR-001,43.261,76.942,65266,0x00,0x10,0x04,0x00
2026-06-05T17:57:00Z,KZ-TR-001,43.261,76.942,65280,0xb0,0x36,0x00,0x00
2026-06-05T17:58:00Z,KZ-TR-001,43.264,76.940,65265,0x00,0x00,0xc0,0x02
2026-06-05T17:58:00Z,KZ-TR-001,43.264,76.940,65266,0x00,0x10,0x04,0x00
2026-06-05T17:58:00Z,KZ-TR-001,43.264,76.940,65280,0xb0,0x36,0x00,0x00
2026-06-05T17:59:00Z,KZ-TR-001,43.259,76.944,65265,0x00,0x00,0xc0,0x02
2026-06-05T17:59:00Z,KZ-TR-001,43.259,76.944,65266,0x00,0x10,0x04,0x00
2026-06-05T17:59:00Z,KZ-TR-001,43.259,76.944,65280,0xb0,0x36,0x00,0x00
